{"_via_settings":{"ui":{"annotation_editor_height":25,"annotation_editor_fontsize":0.8,"leftsidebar_width":18,"image_grid":{"img_height":80,"rshape_fill":"none","rshape_fill_opacity":0.3,"rshape_stroke":"yellow","rshape_stroke_width":2,"show_region_shape":true,"show_image_policy":"all"},"image":{"region_label":"__via_region_id__","region_color":"__via_default_region_color__","region_label_font":"10px Sans","on_image_annotation_editor_placement":"NEAR_REGION"}},"core":{"buffer_size":18,"filepath":{},"default_filepath":""},"project":{"name":"201118_snack_1_11to20"}},"_via_img_metadata":{"20.png1456689":{"filename":"20.png","size":1456689,"regions":[{"shape_attributes":{"name":"polygon","all_points_x":[374,285,310,416,418,428,560,571,578,585,591,595,605,621,622,620],"all_points_y":[43,161,255,282,277,277,314,285,263,252,244,225,196,132,129,125]},"region_attributes":{"snack_1":"7"}},{"shape_attributes":{"name":"polygon","all_points_x":[307,310,471,474,560,561,422],"all_points_y":[537,547,591,588,331,318,278]},"region_attributes":{"snack_1":"1"}},{"shape_attributes":{"name":"polygon","all_points_x":[180,177,347,375,457,462,433,250],"all_points_y":[688,719,719,719,656,627,655,653]},"region_attributes":{"snack_1":"1"}},{"shape_attributes":{"name":"polygon","all_points_x":[1125,1169,1161,1116,999,1001,1084],"all_points_y":[413,411,235,235,283,309,412]},"region_attributes":{"snack_1":"1"}},{"shape_attributes":{"name":"polygon","all_points_x":[257,231,208,432,466,468,463,408],"all_points_y":[577,616,650,653,621,594,591,576]},"region_attributes":{"snack_1":"1"}},{"shape_attributes":{"name":"polygon","all_points_x":[593,596,557,514,508],"all_points_y":[468,451,350,477,491]},"region_attributes":{"snack_1":"1"}},{"shape_attributes":{"name":"polygon","all_points_x":[596,600,606,626,577,598,595,509,504,501],"all_points_y":[585,548,513,424,396,452,470,492,508,519]},"region_attributes":{"snack_1":"1"}},{"shape_attributes":{"name":"polygon","all_points_x":[596,1029,1056,1027,1021,900,865,784,771,743,726,714,706,647,600],"all_points_y":[596,684,641,477,480,455,398,383,386,384,381,376,368,356,546]},"region_attributes":{"snack_1":"2"}},{"shape_attributes":{"name":"polygon","all_points_x":[455,467,545,592,604,673,617,593,592,501,475,472],"all_points_y":[669,672,647,636,632,639,604,598,585,520,593,599]},"region_attributes":{"snack_1":"3"}},{"shape_attributes":{"name":"polygon","all_points_x":[1078,1039,968,919,910,802,794,723,735,771,782],"all_points_y":[138,215,239,209,201,147,155,126,77,1,1]},"region_attributes":{"snack_1":"4"}},{"shape_attributes":{"name":"polygon","all_points_x":[750,902,1021,1089,910,802],"all_points_y":[209,453,477,424,203,149]},"region_attributes":{"snack_1":"4"}},{"shape_attributes":{"name":"polygon","all_points_x":[787,1129,1127,1047,1059,1029,781,765,763,763],"all_points_y":[707,704,613,572,639,685,637,635,647,651]},"region_attributes":{"snack_1":"4"}},{"shape_attributes":{"name":"polygon","all_points_x":[107,195,281,229,176,147,16],"all_points_y":[665,668,540,262,258,260,338]},"region_attributes":{"snack_1":"4"}},{"shape_attributes":{"name":"polygon","all_points_x":[200,208,222,240,263,303,303,282,311,312,300,292,287,291,294,261,230,227,197,201,211,210,206,203,202,206,206,198],"all_points_y":[64,60,55,56,58,71,131,163,266,316,343,372,390,409,422,423,263,260,257,229,201,189,170,153,127,111,107,98]},"region_attributes":{"snack_1":"5"}},{"shape_attributes":{"name":"polygon","all_points_x":[1232,1207,1184,1161,1142,1111,1106,1090,1063,1047,957,961,968,981,1025],"all_points_y":[2,35,48,61,73,87,89,106,117,120,79,62,52,36,1]},"region_attributes":{"snack_1":"5"}},{"shape_attributes":{"name":"polygon","all_points_x":[627,648,651,667,684,705,720,763,798,819,747,771,733,713,703,685,666],"all_points_y":[134,156,172,204,224,247,260,295,314,322,209,182,157,145,141,136,119]},"region_attributes":{"snack_1":"6"}},{"shape_attributes":{"name":"polygon","all_points_x":[627,629,613,605,604,608,615,624,645,669,702,724,751,787,801,815,821,818,763,721,694,671,657,648,639],"all_points_y":[167,181,197,211,229,251,271,292,318,340,361,372,380,379,372,359,340,329,299,267,247,224,196,183,166]},"region_attributes":{"snack_1":"6"}},{"shape_attributes":{"name":"polygon","all_points_x":[345,315,296,292,304,330,413],"all_points_y":[268,314,365,397,432,467,286]},"region_attributes":{"snack_1":"6"}}],"file_attributes":{}},"19.png1331283":{"filename":"19.png","size":1331283,"regions":[{"shape_attributes":{"name":"polygon","all_points_x":[163,434,483,483,476,438,393,363,239,165,161],"all_points_y":[641,652,600,572,570,601,616,568,567,603,604]},"region_attributes":{"snack_1":"1"}},{"shape_attributes":{"name":"polygon","all_points_x":[191,190,359,386,469,469,433,265],"all_points_y":[688,717,719,719,650,618,654,649]},"region_attributes":{"snack_1":"1"}},{"shape_attributes":{"name":"polygon","all_points_x":[621,686,689,685,497,506,519,533,549,567,574,580,583,585,583,589,594,600],"all_points_y":[188,188,178,39,42,48,55,66,83,83,84,87,90,110,161,159,159,160]},"region_attributes":{"snack_1":"1"}},{"shape_attributes":{"name":"polygon","all_points_x":[606,740,744,733,729,732,740,745,745,727,662,619,606],"all_points_y":[622,627,570,541,520,516,513,510,507,509,544,572,577]},"region_attributes":{"snack_1":"1"}},{"shape_attributes":{"name":"polygon","all_points_x":[445,594,721,729,586,581],"all_points_y":[259,163,365,374,464,456]},"region_attributes":{"snack_1":"2"}},{"shape_attributes":{"name":"polygon","all_points_x":[565,596,605,678,726,748,780,940,922,764,760,680,730,590,598],"all_points_y":[504,579,577,533,510,504,497,436,400,361,248,292,373,465,477]},"region_attributes":{"snack_1":"3"}},{"shape_attributes":{"name":"polygon","all_points_x":[221,389,417,594,430,395],"all_points_y":[332,209,227,477,602,612]},"region_attributes":{"snack_1":"4"}},{"shape_attributes":{"name":"polygon","all_points_x":[1094,1049,1040,915,865,798,791,780,769,764,739,756,790,827],"all_points_y":[147,223,224,165,187,149,133,129,130,131,117,60,1,1]},"region_attributes":{"snack_1":"4"}},{"shape_attributes":{"name":"polygon","all_points_x":[779,1044,1083,1036,731,749,750,771],"all_points_y":[642,537,473,401,520,573,594,638]},"region_attributes":{"snack_1":"4"}},{"shape_attributes":{"name":"polygon","all_points_x":[1224,1220,1209,1188,1176,1139,1122,1109,1101,1094,1075,1050,1039,949,966,988,1012],"all_points_y":[2,12,22,35,43,66,75,79,79,90,104,116,116,65,46,21,2]},"region_attributes":{"snack_1":"5"}},{"shape_attributes":{"name":"polygon","all_points_x":[198,197,204,201,200,203,210,202,200,203,285,221,309,301,276,267,265,274,280,288,292,278,240,221,207],"all_points_y":[81,118,125,137,167,186,210,244,276,438,441,332,266,213,186,166,140,110,95,84,81,78,73,73,76]},"region_attributes":{"snack_1":"5"}},{"shape_attributes":{"name":"polygon","all_points_x":[308,344,372,431,490,522,543,544,569,578,582,580,442,416,386,337,322,296,271,266,276,295],"all_points_y":[63,42,34,35,43,59,82,86,86,89,95,160,254,223,205,237,227,207,170,146,114,80]},"region_attributes":{"snack_1":"6"}},{"shape_attributes":{"name":"polygon","all_points_x":[1087,1100,961,765,763,916],"all_points_y":[245,373,407,360,233,167]},"region_attributes":{"snack_1":"7"}}],"file_attributes":{}},"18.png1281538":{"filename":"18.png","size":1281538,"regions":[{"shape_attributes":{"name":"polygon","all_points_x":[587,722,720,593],"all_points_y":[613,617,362,360]},"region_attributes":{"snack_1":"1"}},{"shape_attributes":{"name":"polygon","all_points_x":[221,232,243,264,281,302,336,343,454,484,498,530,570,606,611,610,583,589,553,548,537,534,509,480,442,428,428,322,312,298,283,265,240,228,218],"all_points_y":[642,640,636,634,634,629,629,633,633,632,632,635,636,633,631,620,614,401,402,415,420,431,434,431,420,414,405,409,410,408,403,405,399,400,547]},"region_attributes":{"snack_1":"3"}},{"shape_attributes":{"name":"polygon","all_points_x":[305,227,537,546,617,612,609],"all_points_y":[106,298,415,413,235,226,221]},"region_attributes":{"snack_1":"4"}},{"shape_attributes":{"name":"polygon","all_points_x":[700,923,803,784,619,621,613,592,580],"all_points_y":[55,242,383,381,242,235,220,211,199]},"region_attributes":{"snack_1":"4"}},{"shape_attributes":{"name":"polygon","all_points_x":[923,917,920,933,948,970,980,1034,1076,1079,1099,1111,1125,1150,1159,1176,1202,1213,1215,1208,1193,1178,1172,1106,1078,1045,1013],"all_points_y":[153,170,193,215,223,228,228,203,177,170,165,161,154,145,143,134,112,87,60,34,15,6,2,2,20,45,79]},"region_attributes":{"snack_1":"5"}},{"shape_attributes":{"name":"polygon","all_points_x":[835,856,892,924,957,981,1000,1011,1015,1022,1019,1035,1033,981,970,952,933,912,891,875,842,809,792,783,773,770,770,782,797],"all_points_y":[590,592,592,579,558,537,515,493,465,442,425,405,401,343,341,354,352,353,355,360,379,409,422,442,469,489,514,546,567]},"region_attributes":{"snack_1":"6"}},{"shape_attributes":{"name":"polygon","all_points_x":[504,514,527,549,577,601,595,587,586,581,575,484,491,495,499,494,496],"all_points_y":[65,61,62,65,73,90,129,132,166,183,200,169,118,113,102,98,88]},"region_attributes":{"snack_1":"5"}},{"shape_attributes":{"name":"polygon","all_points_x":[387,392,406,439,462,479,466,457,450,354,356,364,373,375],"all_points_y":[48,47,50,67,85,99,133,135,156,121,111,99,92,78]},"region_attributes":{"snack_1":"5"}}],"file_attributes":{}},"17.png1371892":{"filename":"17.png","size":1371892,"regions":[{"shape_attributes":{"name":"polygon","all_points_x":[219,233,247,263,279,300,326,344,380,392,425,443,482,494,548,566,596,612,612,617,573,464,438,402,360,323,314,297,287,274,263,243,233,228],"all_points_y":[640,640,638,636,635,631,630,633,632,632,632,633,630,633,635,635,633,632,453,405,401,404,402,404,404,407,411,407,406,406,406,400,400,402]},"region_attributes":{"snack_1":"3"}},{"shape_attributes":{"name":"polygon","all_points_x":[535,621,630,692,700,726,738,748,759,769,776,783,785,795,814,832,846,856,879,900,927,947,959,907,895,868,857,846,838,827,813,802,783,774,715],"all_points_y":[319,403,413,467,475,451,438,424,411,397,387,373,368,364,346,323,306,300,283,269,255,243,236,177,156,121,104,95,82,68,57,55,90,105,164]},"region_attributes":{"snack_1":"3"}},{"shape_attributes":{"name":"polygon","all_points_x":[377,442,483,645,643,576],"all_points_y":[280,331,336,123,69,14]},"region_attributes":{"snack_1":"4"}},{"shape_attributes":{"name":"polygon","all_points_x":[898,969,1035,1119,1033],"all_points_y":[366,633,687,667,338]},"region_attributes":{"snack_1":"4"}},{"shape_attributes":{"name":"polygon","all_points_x":[222,232,259,286,317,384,375,437,458,463,469,479,483,458,428,408,394,384,378,376,368,351,346,337,310],"all_points_y":[365,373,390,400,409,291,278,189,151,135,134,117,103,78,62,54,49,60,78,92,102,130,152,172,200]},"region_attributes":{"snack_1":"5"}},{"shape_attributes":{"name":"polygon","all_points_x":[1159,1180,1187,1198,1211,1212,1206,1186,1161,1121,1092,1077,1064,1042,1008,988,962,951,923,915,914,927,945,984,1013,1044,1077,1089,1112],"all_points_y":[3,11,13,26,49,74,102,128,144,160,173,174,187,199,218,226,227,223,192,179,165,143,128,101,79,54,24,13,3]},"region_attributes":{"snack_1":"5"}},{"shape_attributes":{"name":"polygon","all_points_x":[861,873,910,928,925,912,918,916,899,874,852,827,812,795,787,771,739,713,700,692,680,682,699,727,759,802,838],"all_points_y":[631,626,596,578,568,553,531,491,458,420,393,379,371,365,371,397,439,473,478,470,460,481,524,561,587,607,611]},"region_attributes":{"snack_1":"6"}}],"file_attributes":{}},"16.png1303893":{"filename":"16.png","size":1303893,"regions":[{"shape_attributes":{"name":"polygon","all_points_x":[248,301,381,461,473,496,619,615,582,525,247],"all_points_y":[271,321,326,244,211,221,105,32,1,1,266]},"region_attributes":{"snack_1":"2"}},{"shape_attributes":{"name":"polygon","all_points_x":[844,862,978,992,1012,1014,994,967,989,956,957,966,976,987,1021,1048,1065,1088,1109,1129,1133,1134,1053,1012,982,958,940,919,897,871,856,835,815,791,785,780],"all_points_y":[662,669,703,707,694,678,636,618,550,522,512,512,498,497,489,479,474,462,452,442,438,420,369,346,329,306,352,379,390,453,479,513,559,617,616,612]},"region_attributes":{"snack_1":"3"}},{"shape_attributes":{"name":"polygon","all_points_x":[338,423,485,433,372,385,292,208],"all_points_y":[706,652,580,502,474,437,446,497]},"region_attributes":{"snack_1":"4"}},{"shape_attributes":{"name":"polygon","all_points_x":[695,867,953,959,707,698],"all_points_y":[128,131,60,2,1,29]},"region_attributes":{"snack_1":"4"}},{"shape_attributes":{"name":"polygon","all_points_x":[905,901,900,910,925,952,971,1008,1051,1060,1073,1093,1113,1151,1171,1183,1188,1183,1168,1154,1135,1112,1082,1052,1013,993,975,953],"all_points_y":[169,184,203,223,236,241,238,221,200,190,187,178,171,158,141,113,94,67,46,32,21,18,22,41,79,99,111,123]},"region_attributes":{"snack_1":"5"}},{"shape_attributes":{"name":"polygon","all_points_x":[604,752,786,795,816,833,850,863,868,880,899,911,923,936,941,956,928,921,912,910,893,865,839,812,775,725,697,663,657,645,631,618,608],"all_points_y":[210,299,310,316,333,345,354,360,368,376,386,379,367,354,345,303,287,286,280,274,264,250,241,214,191,158,141,122,118,128,146,168,189]},"region_attributes":{"snack_1":"5"}},{"shape_attributes":{"name":"polygon","all_points_x":[212,219,233,261,290,316,320,318,318,243,298,320,318,318,318,292,207,211,208,203,212,219,219,213,212,215,219,211],"all_points_y":[150,146,143,143,147,154,167,184,197,268,321,325,359,401,440,442,495,507,507,503,303,285,276,259,224,201,188,181]},"region_attributes":{"snack_1":"5"}},{"shape_attributes":{"name":"polygon","all_points_x":[600,618,652,679,720,750,765,777,785,789,791,808,808,784,776,765,755,744,723,684,648,612,586,562,549,537,535,538,551,582],"all_points_y":[573,578,576,567,544,522,509,487,466,452,445,431,423,385,367,358,362,367,359,354,360,376,393,419,438,471,489,517,541,564]},"region_attributes":{"snack_1":"6"}},{"shape_attributes":{"name":"polygon","all_points_x":[603,604,541,522,502,374,474],"all_points_y":[262,287,448,499,520,474,213]},"region_attributes":{"snack_1":"7"}}],"file_attributes":{}},"15.png1279189":{"filename":"15.png","size":1279189,"regions":[{"shape_attributes":{"name":"polygon","all_points_x":[783,787,1044,1052,791,785],"all_points_y":[595,596,619,482,457,544]},"region_attributes":{"snack_1":"1"}},{"shape_attributes":{"name":"polygon","all_points_x":[687,875,892,966,751,681],"all_points_y":[250,365,371,256,123,241]},"region_attributes":{"snack_1":"1"}},{"shape_attributes":{"name":"polygon","all_points_x":[245,298,377,460,472,498,620,609,586,525],"all_points_y":[269,320,328,247,212,220,107,24,1,2]},"region_attributes":{"snack_1":"2"}},{"shape_attributes":{"name":"polygon","all_points_x":[208,338,424,483,434,369,386,296],"all_points_y":[498,706,651,583,500,477,437,444]},"region_attributes":{"snack_1":"4"}},{"shape_attributes":{"name":"polygon","all_points_x":[697,692,745,751,768,862,952,960,705],"all_points_y":[51,126,128,120,132,133,53,2,2]},"region_attributes":{"snack_1":"4"}},{"shape_attributes":{"name":"polygon","all_points_x":[1090,1092,1102,1118,1133,1153,1173,1183,1187,1182,1173,1161,1142,1119,1076,1057,1054,1027,957,944,907,899,900,909,923,960,990,1026,1055,1079],"all_points_y":[20,21,19,17,21,30,48,69,91,113,134,149,161,171,188,191,200,211,243,241,217,198,186,164,154,118,102,68,37,23]},"region_attributes":{"snack_1":"5"}},{"shape_attributes":{"name":"polygon","all_points_x":[209,216,224,234,245,260,281,301,313,321,320,242,297,321,318,290,206,211,204,202,209,215,219,216,211,213,213,219,213],"all_points_y":[151,147,144,141,142,142,145,150,152,158,190,269,322,327,437,442,495,509,506,502,326,295,280,260,233,213,200,194,182]},"region_attributes":{"snack_1":"5"}},{"shape_attributes":{"name":"polygon","all_points_x":[611,634,659,686,722,754,775,784,788,789,805,808,769,744,715,681,642,619,578,555,540,538,538,557,583],"all_points_y":[576,576,574,566,541,521,493,464,442,436,428,422,357,366,357,354,361,371,398,425,457,480,517,544,565]},"region_attributes":{"snack_1":"6"}},{"shape_attributes":{"name":"polygon","all_points_x":[601,605,523,500,373,475],"all_points_y":[264,288,490,523,475,216]},"region_attributes":{"snack_1":"7"}}],"file_attributes":{}},"14.png1272419":{"filename":"14.png","size":1272419,"regions":[{"shape_attributes":{"name":"polygon","all_points_x":[776,1028,1050,799,790,768],"all_points_y":[567,613,478,433,432,558]},"region_attributes":{"snack_1":"1"}},{"shape_attributes":{"name":"polygon","all_points_x":[863,950,850,846,842,839,832,813,807,799,771,750],"all_points_y":[426,325,244,281,292,298,301,299,303,310,328,336]},"region_attributes":{"snack_1":"1"}},{"shape_attributes":{"name":"polygon","all_points_x":[314,536,545,554,563,556,550,549,552,559,569,582,573,346],"all_points_y":[387,407,379,342,278,260,234,219,205,187,172,72,62,38]},"region_attributes":{"snack_1":"2"}},{"shape_attributes":{"name":"polygon","all_points_x":[208,331,417,478,469,473,395,297],"all_points_y":[497,709,661,587,584,573,435,446]},"region_attributes":{"snack_1":"4"}},{"shape_attributes":{"name":"polygon","all_points_x":[631,639,661,689,721,748,774,786,808,872,895,643],"all_points_y":[55,123,123,125,130,137,145,153,156,92,3,3]},"region_attributes":{"snack_1":"4"}},{"shape_attributes":{"name":"polygon","all_points_x":[1026,1032,1051,1066,1087,1103,1121,1139,1144,1140,1132,1118,1095,1069,1053,1026,1016,961,941,924,901,893,882,875,873,874,887,945,953,956,963,967],"all_points_y":[69,68,59,59,62,68,80,104,128,155,174,190,205,212,219,224,234,255,266,267,264,256,245,230,218,206,183,135,134,134,127,118]},"region_attributes":{"snack_1":"5"}},{"shape_attributes":{"name":"polygon","all_points_x":[208,213,222,239,268,286,306,314,318,311,311,313,316,313,310,307,308,311,315,311,320,316,294,208,212,206,203,206,209,214,219,219,211,209,208,214,214,208,207],"all_points_y":[151,147,144,142,144,145,152,155,191,200,211,222,241,256,271,278,292,307,339,389,393,439,442,496,508,508,506,351,307,290,277,266,249,228,204,196,190,182,180]},"region_attributes":{"snack_1":"5"}},{"shape_attributes":{"name":"polygon","all_points_x":[648,672,708,743,772,796,805,807,834,845,847,848,845,820,802,779,760,716,681,650,630,612,594,575,566,555,552,552,556,567,578,607,632],"all_points_y":[335,341,340,334,324,306,297,293,293,274,237,212,204,197,172,155,145,134,127,129,134,140,149,168,178,198,216,235,254,276,293,315,330]},"region_attributes":{"snack_1":"6"}},{"shape_attributes":{"name":"polygon","all_points_x":[640,725,563,475],"all_points_y":[642,387,331,583]},"region_attributes":{"snack_1":"7"}}],"file_attributes":{}},"13.png1311461":{"filename":"13.png","size":1311461,"regions":[{"shape_attributes":{"name":"polygon","all_points_x":[514,677,704,699,601,575,557,551,559,557,538,511],"all_points_y":[422,647,625,587,464,442,419,411,406,399,393,420]},"region_attributes":{"snack_1":"1"}},{"shape_attributes":{"name":"polygon","all_points_x":[755,947,873,860,813,801,766,751,745,714,685,681,666,754],"all_points_y":[167,322,411,399,348,334,298,281,275,249,282,282,267,167]},"region_attributes":{"snack_1":"1"}},{"shape_attributes":{"name":"polygon","all_points_x":[1032,1034,912,922,931,948,970,989,1012,1020,959],"all_points_y":[585,446,442,451,453,466,475,491,500,508,581]},"region_attributes":{"snack_1":"1"}},{"shape_attributes":{"name":"polygon","all_points_x":[790,834,852,884,1017,1010,991,971,961,955,932,923,902,886,868,747,714,668,636,614,582,551,586,614,744,780],"all_points_y":[644,655,663,670,510,502,495,481,477,473,456,454,437,426,414,279,252,309,342,370,395,414,451,472,598,628]},"region_attributes":{"snack_1":"3"}},{"shape_attributes":{"name":"polygon","all_points_x":[894,874,805,637,627,643],"all_points_y":[2,99,163,137,63,2]},"region_attributes":{"snack_1":"4"}},{"shape_attributes":{"name":"polygon","all_points_x":[1036,1050,1068,1083,1093,1109,1135,1141,1142,1138,1122,1099,1025,1011,942,912,890,878,874,882,946,952,964],"all_points_y":[64,60,60,63,65,71,95,116,138,160,186,200,227,235,265,268,258,239,214,189,135,134,123]},"region_attributes":{"snack_1":"5"}},{"shape_attributes":{"name":"polygon","all_points_x":[206,210,237,288,294,316,319,318,313,307,310,316,313,309,312,314,317,312,291,257,221,208,207,209,208,215,208],"all_points_y":[506,509,510,508,479,473,386,328,299,279,258,237,214,205,196,191,185,155,145,143,142,149,179,193,249,275,332]},"region_attributes":{"snack_1":"5"}},{"shape_attributes":{"name":"polygon","all_points_x":[361,384,422,435,447,450,469,491,513,526,537,541,541,538,527,510,486,465,447,420,396,364,351,340,332,327,336,351,362,358],"all_points_y":[322,327,337,337,329,311,299,282,263,241,211,187,157,130,105,82,68,61,59,64,75,99,123,158,183,215,256,287,292,310]},"region_attributes":{"snack_1":"6"}},{"shape_attributes":{"name":"polygon","all_points_x":[431,445,467,495,515,537,551,563,575,576,573,564,558,541,533,516,465,453,450,437,424,361,352,359,348,336,325,314,321,321,337,348,372],"all_points_y":[410,408,403,394,383,367,352,333,311,290,267,252,239,226,223,265,308,312,328,340,340,324,310,292,287,261,268,292,329,387,376,388,399]},"region_attributes":{"snack_1":"6"}},{"shape_attributes":{"name":"polygon","all_points_x":[285,557,569,571,560,550,329,296,288],"all_points_y":[660,668,635,504,490,477,470,482,560]},"region_attributes":{"snack_1":"7"}}],"file_attributes":{}},"12.png1305495":{"filename":"12.png","size":1305495,"regions":[{"shape_attributes":{"name":"polygon","all_points_x":[593,597,808,844,858,604],"all_points_y":[230,250,337,341,306,193]},"region_attributes":{"snack_1":"1"}},{"shape_attributes":{"name":"polygon","all_points_x":[777,760,758,772,1062,1060],"all_points_y":[338,345,373,373,397,362]},"region_attributes":{"snack_1":"1"}},{"shape_attributes":{"name":"polygon","all_points_x":[782,776,768,774,861,834,819,813,815,832,851,879,911,932,958,974,1004,1021,1033,1033],"all_points_y":[428,435,555,560,567,545,528,507,485,467,456,452,458,462,467,468,473,478,483,443]},"region_attributes":{"snack_1":"1"}},{"shape_attributes":{"name":"polygon","all_points_x":[351,447,461,519,548,564,593,646,660,686,693,638,614,599,594,575,572,441,389,384,322,324,318],"all_points_y":[189,236,240,273,289,308,310,325,328,329,332,499,556,550,544,530,476,474,454,453,388,329,299]},"region_attributes":{"snack_1":"3"}},{"shape_attributes":{"name":"polygon","all_points_x":[640,644,815,885,894,646],"all_points_y":[92,153,156,90,2,2]},"region_attributes":{"snack_1":"4"}},{"shape_attributes":{"name":"polygon","all_points_x":[821,1116,1075,779,759,775,813],"all_points_y":[281,114,42,207,231,266,283]},"region_attributes":{"snack_1":"4"}},{"shape_attributes":{"name":"polygon","all_points_x":[209,215,232,261,290,315,319,316,314,317,316,311,308,308,312,317,318,284,282,281,241,210,204,208,213,217,214,208,210,214,208],"all_points_y":[152,146,143,143,146,154,189,197,207,229,248,266,280,290,302,317,475,485,501,509,511,510,507,328,296,274,255,235,210,193,182]},"region_attributes":{"snack_1":"5"}},{"shape_attributes":{"name":"polygon","all_points_x":[1055,1067,1087,1094,1105,1130,1143,1158,1162,1157,1153,1138,1123,1113,1082,1059,1023,1016,1012,939,915,901,888,888,891,908,967,978],"all_points_y":[176,172,171,171,174,185,196,225,243,270,282,300,310,318,322,325,326,327,330,343,337,325,307,284,267,252,224,222]},"region_attributes":{"snack_1":"5"}},{"shape_attributes":{"name":"polygon","all_points_x":[967,991,1009,1027,1046,1059,1073,1077,1070,1056,1029,999,972,948,935,909,878,849,831,818,815,821,839,865],"all_points_y":[632,639,638,633,620,604,581,554,527,505,486,476,471,471,469,459,454,459,470,485,505,527,547,565]},"region_attributes":{"snack_1":"5"}},{"shape_attributes":{"name":"polygon","all_points_x":[495,505,527,551,566,582,608,612,611,602,587,592,574,556,552,539,462,451,401,405,413,421,430,444,462],"all_points_y":[61,58,58,61,66,77,115,147,192,190,227,244,269,288,288,284,238,237,211,177,156,134,113,96,79]},"region_attributes":{"snack_1":"6"}},{"shape_attributes":{"name":"polygon","all_points_x":[669,687,715,742,763,772,774,769,748,722,714,700,696,685,616,613,613,656,684,692,694,616,628],"all_points_y":[583,582,568,547,515,479,432,405,362,332,324,317,293,291,299,306,314,325,326,330,334,559,567]},"region_attributes":{"snack_1":"6"}},{"shape_attributes":{"name":"polygon","all_points_x":[281,548,568,571,331,286,279],"all_points_y":[664,678,637,478,474,488,552]},"region_attributes":{"snack_1":"7"}}],"file_attributes":{}},"11.png1279175":{"filename":"11.png","size":1279175,"regions":[{"shape_attributes":{"name":"polygon","all_points_x":[761,770,1022,1008,748],"all_points_y":[569,577,562,425,440]},"region_attributes":{"snack_1":"1"}},{"shape_attributes":{"name":"polygon","all_points_x":[738,758,1043,1038,754,740],"all_points_y":[400,401,392,352,363,369]},"region_attributes":{"snack_1":"1"}},{"shape_attributes":{"name":"polygon","all_points_x":[578,843,836,810,582,569],"all_points_y":[239,313,349,348,285,274]},"region_attributes":{"snack_1":"1"}},{"shape_attributes":{"name":"polygon","all_points_x":[642,645,818,887,892,645],"all_points_y":[90,152,154,90,2,3]},"region_attributes":{"snack_1":"4"}},{"shape_attributes":{"name":"polygon","all_points_x":[758,791,820,1120,1074,780],"all_points_y":[233,293,277,112,38,206]},"region_attributes":{"snack_1":"4"}},{"shape_attributes":{"name":"polygon","all_points_x":[1060,1070,1093,1106,1119,1135,1154,1162,1161,1149,1136,1121,1090,1065,1047,1020,939,926,906,896,890,886,889,894,910,915,977,986],"all_points_y":[174,170,169,169,174,184,204,229,263,289,300,311,321,324,325,329,343,340,332,322,311,295,276,263,251,246,216,214]},"region_attributes":{"snack_1":"5"}},{"shape_attributes":{"name":"polygon","all_points_x":[293,303,321,339,367,381,396,404,397,397,404,409,411,410,411,418,430,453,401,362,355,345,318,317,318,318,314,309,304],"all_points_y":[131,123,116,112,114,114,119,157,162,167,169,207,234,251,261,274,309,461,474,481,483,479,294,270,263,253,244,232,215]},"region_attributes":{"snack_1":"5"}},{"shape_attributes":{"name":"polygon","all_points_x":[582,602,618,642,665,691,705,716,719,707,691,675,662,659,648,586,577,571,571,545,534,525,516,513,514,525,541,560],"all_points_y":[589,596,596,589,578,552,523,484,441,400,368,347,338,311,307,306,307,316,335,359,375,390,424,472,504,531,557,578]},"region_attributes":{"snack_1":"6"}},{"shape_attributes":{"name":"polygon","all_points_x":[488,498,516,533,548,560,574,593,608,611,609,603,593,585,574,567,567,566,539,529,501,492,477,462,439,433,431,421,412,413,409,406,414,417,425,431,461,472],"all_points_y":[62,59,57,57,59,65,72,90,121,161,195,220,236,239,239,261,272,278,299,305,313,334,334,330,321,318,302,272,259,218,190,173,163,144,126,106,81,71]},"region_attributes":{"snack_1":"6"}},{"shape_attributes":{"name":"polygon","all_points_x":[261,463,514,492,351,233],"all_points_y":[719,675,609,493,524,564]},"region_attributes":{"snack_1":"7"}}],"file_attributes":{}}},"_via_attributes":{"region":{"snack_1":{"type":"radio","description":"","options":{"1":"pepero_box","2":"freetime_box","3":"freetime_vinyl","4":"ivy_box","5":"bakedpotato_column","6":"bakedman","7":"vitac_box"},"default_options":{"5":true}}},"file":{}},"_via_data_format_version":"2.0.10","_via_image_id_list":["20.png1456689","19.png1331283","18.png1281538","17.png1371892","16.png1303893","15.png1279189","14.png1272419","13.png1311461","12.png1305495","11.png1279175"]}