{"_via_settings":{"ui":{"annotation_editor_height":25,"annotation_editor_fontsize":0.8,"leftsidebar_width":18,"image_grid":{"img_height":80,"rshape_fill":"none","rshape_fill_opacity":0.3,"rshape_stroke":"yellow","rshape_stroke_width":2,"show_region_shape":true,"show_image_policy":"all"},"image":{"region_label":"__via_region_id__","region_color":"__via_default_region_color__","region_label_font":"10px Sans","on_image_annotation_editor_placement":"NEAR_REGION"}},"core":{"buffer_size":18,"filepath":{},"default_filepath":""},"project":{"name":"201202_oreo_01to10"}},"_via_img_metadata":{"1.png1518496":{"filename":"1.png","size":1518496,"regions":[{"shape_attributes":{"name":"polygon","all_points_x":[467,655,698,662,482,428],"all_points_y":[647,615,577,519,521,572]},"region_attributes":{"oreo":"1"}},{"shape_attributes":{"name":"polygon","all_points_x":[372,457,427,477,382,317,344,354],"all_points_y":[694,629,571,526,564,623,662,675]},"region_attributes":{"oreo":"1"}},{"shape_attributes":{"name":"polygon","all_points_x":[169,259,263,348,317,336,245,242,170,166],"all_points_y":[717,719,720,670,622,607,608,587,620,652]},"region_attributes":{"oreo":"1"}},{"shape_attributes":{"name":"polygon","all_points_x":[153,251,282,281,284,289,289,353,352,285,148],"all_points_y":[532,532,513,492,472,433,421,419,397,400,433]},"region_attributes":{"oreo":"1"}},{"shape_attributes":{"name":"polygon","all_points_x":[242,244,242,245,337,384,417,417,397,376,330,281,252],"all_points_y":[535,538,590,606,604,562,546,515,513,522,517,515,533]},"region_attributes":{"oreo":"1"}},{"shape_attributes":{"name":"polygon","all_points_x":[400,382,397,377,282,282,290,354,376,398],"all_points_y":[428,511,512,522,515,485,423,420,418,426]},"region_attributes":{"oreo":"1"}},{"shape_attributes":{"name":"polygon","all_points_x":[537,525,482,477,397,384,382,402,485,497],"all_points_y":[462,519,522,526,512,512,511,422,435,439]},"region_attributes":{"oreo":"1"}},{"shape_attributes":{"name":"polygon","all_points_x":[1032,1039,1049,1065,1076,1180,1187,1177,1167,1063,1022],"all_points_y":[483,492,497,502,502,502,498,30,30,33,63]},"region_attributes":{"oreo":"1"}},{"shape_attributes":{"name":"polygon","all_points_x":[837,862,892,932,934,947,910,870,848,824,825,811,812],"all_points_y":[462,467,467,465,463,50,43,39,44,82,430,433,449]},"region_attributes":{"oreo":"1"}},{"shape_attributes":{"name":"polygon","all_points_x":[722,815,823,825,819,732,726,722,717,717],"all_points_y":[431,431,429,17,12,15,15,19,102,427]},"region_attributes":{"oreo":"1"}},{"shape_attributes":{"name":"polygon","all_points_x":[620,622,712,715,625],"all_points_y":[464,466,467,90,92]},"region_attributes":{"oreo":"1"}},{"shape_attributes":{"name":"polygon","all_points_x":[480,564,578,521,484,457,444,456,472],"all_points_y":[29,46,427,437,434,426,58,42,31]},"region_attributes":{"oreo":"1"}},{"shape_attributes":{"name":"polygon","all_points_x":[619,623,619,607,592,568,558,557,579,565],"all_points_y":[77,200,434,438,439,437,435,432,428,65]},"region_attributes":{"oreo":"1"}},{"shape_attributes":{"name":"polygon","all_points_x":[397,426,447,444,457,441,437,407],"all_points_y":[76,52,52,57,427,426,424,421]},"region_attributes":{"oreo":"1"}},{"shape_attributes":{"name":"polygon","all_points_x":[352,396,405,399,380,334],"all_points_y":[73,76,422,422,417,102]},"region_attributes":{"oreo":"1"}}],"file_attributes":{}},"2.png1607064":{"filename":"2.png","size":1607064,"regions":[{"shape_attributes":{"name":"polygon","all_points_x":[233,608,616,619,613,305,284,266,236],"all_points_y":[674,697,687,592,582,566,573,572,584]},"region_attributes":{"oreo":"1"}},{"shape_attributes":{"name":"polygon","all_points_x":[620,622,624,621,617,610,303,323,338],"all_points_y":[470,491,511,555,574,582,565,555,465]},"region_attributes":{"oreo":"1"}},{"shape_attributes":{"name":"polygon","all_points_x":[638,1020,1022,1025,1027,1026,1022,1019,677,673,672,638,636,632,633,636],"all_points_y":[691,687,681,667,649,623,607,598,597,586,582,582,587,613,653,679]},"region_attributes":{"oreo":"1"}},{"shape_attributes":{"name":"polygon","all_points_x":[1057,1062,1063,1063,1057,678,672,669,672,677,1022],"all_points_y":[502,522,547,566,592,596,575,528,497,490,487]},"region_attributes":{"oreo":"1"}},{"shape_attributes":{"name":"polygon","all_points_x":[996,1096,1104,1105,1007,1000,988,975,970,976],"all_points_y":[447,449,442,24,25,27,37,54,430,438]},"region_attributes":{"oreo":"1"}},{"shape_attributes":{"name":"polygon","all_points_x":[853,869,888,922,951,932,923,885,864,859,835,810,812,822,824],"all_points_y":[32,27,27,33,38,452,452,454,455,453,447,441,433,427,67]},"region_attributes":{"oreo":"1"}},{"shape_attributes":{"name":"polygon","all_points_x":[722,811,813,821,823,816,728,721,718,712],"all_points_y":[432,432,432,427,17,12,13,22,67,427]},"region_attributes":{"oreo":"1"}},{"shape_attributes":{"name":"polygon","all_points_x":[622,712,711,706,621],"all_points_y":[87,85,461,463,460]},"region_attributes":{"oreo":"1"}},{"shape_attributes":{"name":"polygon","all_points_x":[567,633,632,622,620,602,572,542,528,514,526,537,556],"all_points_y":[63,82,85,88,423,426,427,427,423,417,85,74,67]},"region_attributes":{"oreo":"1"}},{"shape_attributes":{"name":"polygon","all_points_x":[393,424,449,467,497,502,487,464,440,429,397],"all_points_y":[425,430,431,431,427,92,87,81,76,75,97]},"region_attributes":{"oreo":"1"}},{"shape_attributes":{"name":"polygon","all_points_x":[256,262,346,361,376,322,283,207,200],"all_points_y":[190,188,202,204,215,555,572,557,556]},"region_attributes":{"oreo":"1"}},{"shape_attributes":{"name":"polygon","all_points_x":[232,317,329,343,342,341,259,239],"all_points_y":[87,87,95,109,198,200,188,302]},"region_attributes":{"oreo":"1"}}],"file_attributes":{}},"3.png1541032":{"filename":"3.png","size":1541032,"regions":[{"shape_attributes":{"name":"polygon","all_points_x":[148,563,567,567,567,566,562,560,557,146],"all_points_y":[121,118,112,90,72,42,26,17,14,24]},"region_attributes":{"oreo":"1"}},{"shape_attributes":{"name":"polygon","all_points_x":[150,157,571,573,572,570,566,562,154,148,143,145],"all_points_y":[222,231,220,209,182,149,129,120,128,148,179,206]},"region_attributes":{"oreo":"1"}},{"shape_attributes":{"name":"polygon","all_points_x":[156,572,574,575,576,573,569,154,151,149,150],"all_points_y":[324,326,305,276,252,236,221,232,264,289,309]},"region_attributes":{"oreo":"1"}},{"shape_attributes":{"name":"polygon","all_points_x":[151,572,574,577,577,575,572,154,150,147,147],"all_points_y":[422,424,409,392,353,339,327,327,357,382,407]},"region_attributes":{"oreo":"1"}},{"shape_attributes":{"name":"polygon","all_points_x":[152,569,573,575,576,576,572,157,152,150,148,147],"all_points_y":[520,523,512,492,470,451,428,425,447,467,486,500]},"region_attributes":{"oreo":"1"}},{"shape_attributes":{"name":"polygon","all_points_x":[151,565,569,572,572,572,571,568,152,147,144,144],"all_points_y":[619,624,617,597,567,552,533,526,522,540,560,593]},"region_attributes":{"oreo":"1"}},{"shape_attributes":{"name":"polygon","all_points_x":[154,150,147,147,148,151,576,579,580,580,578,579,565,156],"all_points_y":[626,655,667,684,697,717,718,709,680,647,631,622,624,622]},"region_attributes":{"oreo":"1"}},{"shape_attributes":{"name":"polygon","all_points_x":[580,999,1005,1007,1005,1002,999,579,575,574,576],"all_points_y":[106,107,89,63,41,17,7,7,22,53,86]},"region_attributes":{"oreo":"1"}},{"shape_attributes":{"name":"polygon","all_points_x":[994,1000,1000,997,993,579,576,573,576,578],"all_points_y":[204,184,162,126,108,111,112,152,186,205]},"region_attributes":{"oreo":"1"}},{"shape_attributes":{"name":"polygon","all_points_x":[989,994,997,997,994,992,988,578,576,577,575,578],"all_points_y":[302,294,277,253,237,217,207,212,222,252,287,304]},"region_attributes":{"oreo":"1"}},{"shape_attributes":{"name":"polygon","all_points_x":[991,995,997,996,996,992,991,580,577,577,577,578,579],"all_points_y":[402,382,356,339,322,309,302,307,315,336,363,398,402]},"region_attributes":{"oreo":"1"}},{"shape_attributes":{"name":"polygon","all_points_x":[991,995,997,997,997,995,993,991,578,577,577,577,578,582],"all_points_y":[413,429,448,463,477,491,500,511,506,497,455,435,419,411]},"region_attributes":{"oreo":"1"}},{"shape_attributes":{"name":"polygon","all_points_x":[993,1000,1000,1000,997,994,574,572,576,581,581],"all_points_y":[522,542,562,579,606,621,605,558,526,510,507]},"region_attributes":{"oreo":"1"}},{"shape_attributes":{"name":"polygon","all_points_x":[1004,1009,1012,1011,1009,585,582,581,583,584,590,995],"all_points_y":[632,652,683,706,720,719,715,682,652,631,607,622]},"region_attributes":{"oreo":"1"}}],"file_attributes":{}},"4.png1462633":{"filename":"4.png","size":1462633,"regions":[{"shape_attributes":{"name":"polygon","all_points_x":[147,562,564,567,561,159,147],"all_points_y":[14,8,12,108,109,112,108]},"region_attributes":{"oreo":"1"}},{"shape_attributes":{"name":"polygon","all_points_x":[154,159,569,572,570,562,156,152],"all_points_y":[209,215,212,209,119,112,113,202]},"region_attributes":{"oreo":"1"}},{"shape_attributes":{"name":"polygon","all_points_x":[160,157,156,159,571,575,576,568],"all_points_y":[217,227,309,313,311,307,220,212]},"region_attributes":{"oreo":"1"}},{"shape_attributes":{"name":"polygon","all_points_x":[156,152,152,156,567,571,570,565],"all_points_y":[318,383,408,414,413,410,318,315]},"region_attributes":{"oreo":"1"}},{"shape_attributes":{"name":"polygon","all_points_x":[157,156,152,155,571,574,573,570],"all_points_y":[419,426,511,517,513,507,420,416]},"region_attributes":{"oreo":"1"}},{"shape_attributes":{"name":"polygon","all_points_x":[145,146,150,557,564,567,559],"all_points_y":[520,610,618,615,607,518,515]},"region_attributes":{"oreo":"1"}},{"shape_attributes":{"name":"polygon","all_points_x":[149,147,561,562,557,556],"all_points_y":[622,720,719,627,622,619]},"region_attributes":{"oreo":"1"}},{"shape_attributes":{"name":"polygon","all_points_x":[572,986,989,991,985,572,569],"all_points_y":[6,9,12,107,110,112,14]},"region_attributes":{"oreo":"1"}},{"shape_attributes":{"name":"polygon","all_points_x":[989,997,992,989,985,580,575,573,578],"all_points_y":[112,122,208,212,212,216,212,118,112]},"region_attributes":{"oreo":"1"}},{"shape_attributes":{"name":"polygon","all_points_x":[989,992,993,993,990,987,580,577,578,583],"all_points_y":[217,219,226,310,313,314,315,310,219,217]},"region_attributes":{"oreo":"1"}},{"shape_attributes":{"name":"polygon","all_points_x":[983,988,987,985,576,571,575,577],"all_points_y":[322,329,418,421,418,415,321,318]},"region_attributes":{"oreo":"1"}},{"shape_attributes":{"name":"polygon","all_points_x":[989,992,992,988,578,577,575,582],"all_points_y":[422,426,517,521,517,509,423,421]},"region_attributes":{"oreo":"1"}},{"shape_attributes":{"name":"polygon","all_points_x":[987,987,985,569,567,567,573],"all_points_y":[527,619,624,621,617,523,522]},"region_attributes":{"oreo":"1"}},{"shape_attributes":{"name":"polygon","all_points_x":[988,990,992,993,567,566,573],"all_points_y":[630,634,660,718,719,633,623]},"region_attributes":{"oreo":"1"}}],"file_attributes":{}},"5.png1554067":{"filename":"5.png","size":1554067,"regions":[{"shape_attributes":{"name":"polygon","all_points_x":[151,560,570,573,573,564,158,150],"all_points_y":[14,9,21,28,121,113,115,108]},"region_attributes":{"oreo":"1"}},{"shape_attributes":{"name":"polygon","all_points_x":[155,150,155,159,566,579,581,577,571,164],"all_points_y":[209,206,122,116,114,132,220,221,215,220]},"region_attributes":{"oreo":"1"}},{"shape_attributes":{"name":"polygon","all_points_x":[160,157,159,162,193,515,572,579,583,585,583,583,570],"all_points_y":[222,232,318,324,332,322,317,322,315,260,230,226,216]},"region_attributes":{"oreo":"1"}},{"shape_attributes":{"name":"polygon","all_points_x":[161,157,162,167,577,589,582,578,572],"all_points_y":[347,356,440,447,416,409,320,322,317]},"region_attributes":{"oreo":"1"}},{"shape_attributes":{"name":"polygon","all_points_x":[197,197,572,585,584,577],"all_points_y":[447,500,497,492,412,418]},"region_attributes":{"oreo":"1"}},{"shape_attributes":{"name":"polygon","all_points_x":[194,191,569,577,582,581,570],"all_points_y":[502,592,595,588,578,497,500]},"region_attributes":{"oreo":"1"}},{"shape_attributes":{"name":"polygon","all_points_x":[190,187,567,573,579,567,198],"all_points_y":[599,693,697,689,589,599,593]},"region_attributes":{"oreo":"1"}},{"shape_attributes":{"name":"polygon","all_points_x":[591,931,936,937,937,936,934,928,587,585,582,585],"all_points_y":[72,74,79,96,117,132,147,153,153,135,97,81]},"region_attributes":{"oreo":"1"}},{"shape_attributes":{"name":"polygon","all_points_x":[932,936,938,940,938,936,931,591,589,587,589,592],"all_points_y":[155,164,182,202,214,222,232,232,217,190,176,157]},"region_attributes":{"oreo":"1"}},{"shape_attributes":{"name":"polygon","all_points_x":[928,931,590,589,926],"all_points_y":[236,314,313,233,234]},"region_attributes":{"oreo":"1"}},{"shape_attributes":{"name":"polygon","all_points_x":[926,931,932,933,930,930,929,590,586,589],"all_points_y":[317,328,347,364,384,391,396,393,335,317]},"region_attributes":{"oreo":"1"}},{"shape_attributes":{"name":"polygon","all_points_x":[936,934,593,592,590,592,922],"all_points_y":[412,495,490,482,407,404,402]},"region_attributes":{"oreo":"1"}},{"shape_attributes":{"name":"polygon","all_points_x":[928,584,585,589,929],"all_points_y":[577,576,493,492,497]},"region_attributes":{"oreo":"1"}},{"shape_attributes":{"name":"polygon","all_points_x":[594,941,964,968,970,971,971,968,585,582,584,587],"all_points_y":[586,588,602,613,641,665,680,695,690,647,607,596]},"region_attributes":{"oreo":"1"}},{"shape_attributes":{"name":"polygon","all_points_x":[1002,1092,1096,1098,1098,1086,996,942,937,940],"all_points_y":[69,58,83,115,147,155,173,192,137,108]},"region_attributes":{"oreo":"1"}},{"shape_attributes":{"name":"polygon","all_points_x":[1087,1100,1100,1012,932,932,942,944,999],"all_points_y":[155,239,247,266,282,234,207,192,174]},"region_attributes":{"oreo":"1"}},{"shape_attributes":{"name":"polygon","all_points_x":[1077,1095,1092,1005,933,935,932,927,933,931],"all_points_y":[257,342,347,367,377,362,327,315,311,284]},"region_attributes":{"oreo":"1"}},{"shape_attributes":{"name":"polygon","all_points_x":[1062,1062,1072,978,937,937,919,930,933,969],"all_points_y":[368,378,464,467,458,411,399,397,380,373]},"region_attributes":{"oreo":"1"}},{"shape_attributes":{"name":"polygon","all_points_x":[1067,1069,1072,1080,989,930,931,937,937,978,1050],"all_points_y":[472,475,482,565,573,543,496,495,458,469,467]},"region_attributes":{"oreo":"1"}},{"shape_attributes":{"name":"polygon","all_points_x":[1070,1073,1075,1076,1077,1081,988,987,972,970,965,928,930,931,929,987,1062],"all_points_y":[572,591,603,623,638,665,672,671,662,612,601,582,550,547,542,574,567]},"region_attributes":{"oreo":"1"}}],"file_attributes":{}},"6.png1498472":{"filename":"6.png","size":1498472,"regions":[{"shape_attributes":{"name":"polygon","all_points_x":[152,167,573,579,582,578,572,566,157],"all_points_y":[107,114,126,129,42,32,24,21,15]},"region_attributes":{"oreo":"1"}},{"shape_attributes":{"name":"polygon","all_points_x":[160,169,574,587,587,590,590,587,574,167,163],"all_points_y":[212,224,227,237,217,171,156,147,127,116,126]},"region_attributes":{"oreo":"1"}},{"shape_attributes":{"name":"polygon","all_points_x":[161,178,574,579,584,588,574,163,161],"all_points_y":[325,334,331,331,325,241,229,225,239]},"region_attributes":{"oreo":"1"}},{"shape_attributes":{"name":"polygon","all_points_x":[157,568,581,586,575,159,157],"all_points_y":[352,332,334,422,428,451,442]},"region_attributes":{"oreo":"1"}},{"shape_attributes":{"name":"polygon","all_points_x":[192,572,579,577,580,582,569,194],"all_points_y":[500,509,506,496,488,428,430,452]},"region_attributes":{"oreo":"1"}},{"shape_attributes":{"name":"polygon","all_points_x":[187,184,562,574,582,579,579,567],"all_points_y":[506,595,606,593,584,512,507,514]},"region_attributes":{"oreo":"1"}},{"shape_attributes":{"name":"polygon","all_points_x":[184,182,557,577,578,569,562,188],"all_points_y":[601,692,709,678,598,598,607,597]},"region_attributes":{"oreo":"1"}},{"shape_attributes":{"name":"polygon","all_points_x":[607,700,704,612],"all_points_y":[307,298,384,393]},"region_attributes":{"oreo":"1"}},{"shape_attributes":{"name":"polygon","all_points_x":[686,591,592,590,589,586,677],"all_points_y":[472,487,474,461,452,399,389]},"region_attributes":{"oreo":"1"}},{"shape_attributes":{"name":"polygon","all_points_x":[663,685,595,580,577,578],"all_points_y":[480,571,587,507,500,494]},"region_attributes":{"oreo":"1"}},{"shape_attributes":{"name":"polygon","all_points_x":[674,677,678,585,586,591,595,682],"all_points_y":[585,631,682,678,585,569,587,573]},"region_attributes":{"oreo":"1"}},{"shape_attributes":{"name":"polygon","all_points_x":[708,798,796,793,705],"all_points_y":[227,227,312,324,321]},"region_attributes":{"oreo":"1"}},{"shape_attributes":{"name":"polygon","all_points_x":[705,762,791,792,792,706],"all_points_y":[412,417,419,419,327,322]},"region_attributes":{"oreo":"1"}},{"shape_attributes":{"name":"polygon","all_points_x":[697,696,772,786,786],"all_points_y":[418,508,513,513,424]},"region_attributes":{"oreo":"1"}},{"shape_attributes":{"name":"polygon","all_points_x":[696,691,782,788,782,697],"all_points_y":[523,613,618,525,514,509]},"region_attributes":{"oreo":"1"}},{"shape_attributes":{"name":"polygon","all_points_x":[683,681,733,775,777,773,689,691,685],"all_points_y":[627,714,719,719,632,618,614,591,592]},"region_attributes":{"oreo":"1"}},{"shape_attributes":{"name":"polygon","all_points_x":[805,894,899,807,798,798,747],"all_points_y":[164,161,252,258,257,227,228]},"region_attributes":{"oreo":"1"}},{"shape_attributes":{"name":"polygon","all_points_x":[887,889,889,797,795,793,798,800],"all_points_y":[259,347,349,349,349,323,309,258]},"region_attributes":{"oreo":"1"}},{"shape_attributes":{"name":"polygon","all_points_x":[885,882,794,795],"all_points_y":[353,443,442,352]},"region_attributes":{"oreo":"1"}},{"shape_attributes":{"name":"polygon","all_points_x":[897,893,798,805],"all_points_y":[450,538,534,447]},"region_attributes":{"oreo":"1"}},{"shape_attributes":{"name":"polygon","all_points_x":[891,890,889,792,796],"all_points_y":[542,630,632,627,537]},"region_attributes":{"oreo":"1"}},{"shape_attributes":{"name":"polygon","all_points_x":[889,882,784,789],"all_points_y":[636,718,718,632]},"region_attributes":{"oreo":"1"}},{"shape_attributes":{"name":"polygon","all_points_x":[907,997,999,995,964,919,898,896,803,803],"all_points_y":[53,57,75,147,152,152,162,159,162,143]},"region_attributes":{"oreo":"1"}},{"shape_attributes":{"name":"polygon","all_points_x":[1005,1004,1007,1004,918,900,896,919],"all_points_y":[151,157,233,242,246,249,162,153]},"region_attributes":{"oreo":"1"}},{"shape_attributes":{"name":"polygon","all_points_x":[1006,1004,1002,1000,909,892,891,915],"all_points_y":[250,262,337,344,342,340,257,248]},"region_attributes":{"oreo":"1"}},{"shape_attributes":{"name":"polygon","all_points_x":[998,995,994,902,884,886,892],"all_points_y":[347,410,438,435,432,350,341]},"region_attributes":{"oreo":"1"}},{"shape_attributes":{"name":"polygon","all_points_x":[997,996,993,902,895,898,884,883],"all_points_y":[444,453,535,527,524,450,442,435]},"region_attributes":{"oreo":"1"}},{"shape_attributes":{"name":"polygon","all_points_x":[995,993,898,891,896],"all_points_y":[540,632,624,620,529]},"region_attributes":{"oreo":"1"}},{"shape_attributes":{"name":"polygon","all_points_x":[991,987,885,892],"all_points_y":[635,719,719,623]},"region_attributes":{"oreo":"1"}},{"shape_attributes":{"name":"polygon","all_points_x":[1017,1109,1111,1110,1106,1103,1009,1007,997,1001],"all_points_y":[90,94,111,133,167,182,182,149,147,105]},"region_attributes":{"oreo":"1"}},{"shape_attributes":{"name":"polygon","all_points_x":[1101,1101,1098,1008,1007,1013],"all_points_y":[189,274,282,283,192,187]},"region_attributes":{"oreo":"1"}},{"shape_attributes":{"name":"polygon","all_points_x":[1097,1095,1092,1090,999,1007],"all_points_y":[289,335,372,381,377,286]},"region_attributes":{"oreo":"1"}},{"shape_attributes":{"name":"polygon","all_points_x":[1090,1092,1094,1002,997,997],"all_points_y":[397,412,490,492,489,398]},"region_attributes":{"oreo":"1"}},{"shape_attributes":{"name":"polygon","all_points_x":[1089,1092,1093,1093,1001,996,996],"all_points_y":[499,504,510,592,588,585,493]},"region_attributes":{"oreo":"1"}},{"shape_attributes":{"name":"polygon","all_points_x":[1089,1093,1091,997,990,997],"all_points_y":[596,624,689,682,679,592]},"region_attributes":{"oreo":"1"}}],"file_attributes":{}},"7.png1475704":{"filename":"7.png","size":1475704,"regions":[{"shape_attributes":{"name":"polygon","all_points_x":[258,352,346,256],"all_points_y":[40,42,131,126]},"region_attributes":{"oreo":"1"}},{"shape_attributes":{"name":"polygon","all_points_x":[193,276,292,285,284,293,189],"all_points_y":[128,128,139,226,231,250,220]},"region_attributes":{"oreo":"1"}},{"shape_attributes":{"name":"polygon","all_points_x":[192,281,294,290,297,295,189],"all_points_y":[247,249,254,324,326,343,338]},"region_attributes":{"oreo":"1"}},{"shape_attributes":{"name":"polygon","all_points_x":[192,282,293,288,282,277,189],"all_points_y":[344,348,351,414,440,441,439]},"region_attributes":{"oreo":"1"}},{"shape_attributes":{"name":"polygon","all_points_x":[202,274,265,290,343,352,353,267,180],"all_points_y":[492,466,506,512,524,526,556,605,580]},"region_attributes":{"oreo":"1"}},{"shape_attributes":{"name":"polygon","all_points_x":[175,266,269,279,353,354,268,198,184],"all_points_y":[688,697,693,607,562,556,607,588,594]},"region_attributes":{"oreo":"1"}},{"shape_attributes":{"name":"polygon","all_points_x":[270,364,460,460,452,448,356,353,278],"all_points_y":[699,703,613,604,603,610,610,564,608]},"region_attributes":{"oreo":"1"}},{"shape_attributes":{"name":"polygon","all_points_x":[440,438,438,380,373,348,352],"all_points_y":[49,140,146,146,140,141,45]},"region_attributes":{"oreo":"1"}},{"shape_attributes":{"name":"polygon","all_points_x":[366,378,384,374,293,284],"all_points_y":[235,236,147,141,139,230]},"region_attributes":{"oreo":"1"}},{"shape_attributes":{"name":"polygon","all_points_x":[387,383,292,296],"all_points_y":[238,328,323,234]},"region_attributes":{"oreo":"1"}},{"shape_attributes":{"name":"polygon","all_points_x":[388,378,289,298],"all_points_y":[333,425,416,327]},"region_attributes":{"oreo":"1"}},{"shape_attributes":{"name":"polygon","all_points_x":[376,372,356,353,264,288,342],"all_points_y":[437,510,517,526,505,417,426]},"region_attributes":{"oreo":"1"}},{"shape_attributes":{"name":"polygon","all_points_x":[531,528,525,466,439,442],"all_points_y":[53,142,184,146,145,47]},"region_attributes":{"oreo":"1"}},{"shape_attributes":{"name":"polygon","all_points_x":[526,521,533,532,478,464,389,378,384,468],"all_points_y":[186,232,246,264,242,240,238,236,147,148]},"region_attributes":{"oreo":"1"}},{"shape_attributes":{"name":"polygon","all_points_x":[388,389,479,532,531,530,505,504,476],"all_points_y":[326,240,244,264,320,325,324,337,332]},"region_attributes":{"oreo":"1"}},{"shape_attributes":{"name":"polygon","all_points_x":[389,477,502,498,493,478,476,384],"all_points_y":[334,337,340,413,416,414,425,424]},"region_attributes":{"oreo":"1"}},{"shape_attributes":{"name":"polygon","all_points_x":[460,465,470,477,378,372],"all_points_y":[518,509,504,428,426,516]},"region_attributes":{"oreo":"1"}},{"shape_attributes":{"name":"polygon","all_points_x":[460,452,446,356,354,370,372],"all_points_y":[519,602,610,610,522,512,520]},"region_attributes":{"oreo":"1"}},{"shape_attributes":{"name":"polygon","all_points_x":[531,562,592,622,621,621,618,538,532],"all_points_y":[42,41,45,47,108,144,146,142,137]},"region_attributes":{"oreo":"1"}},{"shape_attributes":{"name":"polygon","all_points_x":[616,528,522,611],"all_points_y":[148,142,230,236]},"region_attributes":{"oreo":"1"}},{"shape_attributes":{"name":"polygon","all_points_x":[624,620,532,536],"all_points_y":[240,330,323,234]},"region_attributes":{"oreo":"1"}},{"shape_attributes":{"name":"polygon","all_points_x":[594,584,496,506],"all_points_y":[332,422,415,325]},"region_attributes":{"oreo":"1"}},{"shape_attributes":{"name":"polygon","all_points_x":[559,470,479,566,587,581],"all_points_y":[512,508,416,422,422,486]},"region_attributes":{"oreo":"1"}},{"shape_attributes":{"name":"polygon","all_points_x":[542,585,588,552,464,453],"all_points_y":[611,546,480,519,511,600]},"region_attributes":{"oreo":"1"}},{"shape_attributes":{"name":"polygon","all_points_x":[518,522,525,605,608,606,570,544,476,463],"all_points_y":[706,706,708,696,696,606,568,612,604,605]},"region_attributes":{"oreo":"1"}},{"shape_attributes":{"name":"polygon","all_points_x":[630,718,713,628],"all_points_y":[61,69,162,157]},"region_attributes":{"oreo":"1"}},{"shape_attributes":{"name":"polygon","all_points_x":[630,721,726,717,635],"all_points_y":[167,163,252,286,286]},"region_attributes":{"oreo":"1"}},{"shape_attributes":{"name":"polygon","all_points_x":[638,727,725,633,633],"all_points_y":[302,306,392,391,346]},"region_attributes":{"oreo":"1"}},{"shape_attributes":{"name":"polygon","all_points_x":[617,708,703,692,611,615],"all_points_y":[390,394,479,482,478,397]},"region_attributes":{"oreo":"1"}},{"shape_attributes":{"name":"polygon","all_points_x":[618,622,712,705],"all_points_y":[482,573,574,483]},"region_attributes":{"oreo":"1"}},{"shape_attributes":{"name":"polygon","all_points_x":[607,609,699,697,620,619,613],"all_points_y":[574,668,671,576,574,548,548]},"region_attributes":{"oreo":"1"}},{"shape_attributes":{"name":"polygon","all_points_x":[701,795,797,793,711,710,699,703],"all_points_y":[700,705,612,602,602,574,574,612]},"region_attributes":{"oreo":"1"}},{"shape_attributes":{"name":"polygon","all_points_x":[715,807,807,713],"all_points_y":[510,510,603,600]},"region_attributes":{"oreo":"1"}},{"shape_attributes":{"name":"polygon","all_points_x":[717,808,808,719],"all_points_y":[406,412,504,496]},"region_attributes":{"oreo":"1"}},{"shape_attributes":{"name":"polygon","all_points_x":[731,819,817,730],"all_points_y":[311,317,408,402]},"region_attributes":{"oreo":"1"}},{"shape_attributes":{"name":"polygon","all_points_x":[727,817,821,728],"all_points_y":[219,212,301,308]},"region_attributes":{"oreo":"1"}},{"shape_attributes":{"name":"polygon","all_points_x":[718,813,817,724],"all_points_y":[106,96,182,194]},"region_attributes":{"oreo":"1"}},{"shape_attributes":{"name":"polygon","all_points_x":[818,911,912,912,909,818,814,796],"all_points_y":[61,61,77,122,148,152,94,96]},"region_attributes":{"oreo":"1"}},{"shape_attributes":{"name":"polygon","all_points_x":[913,910,820,818,818],"all_points_y":[152,242,242,208,153]},"region_attributes":{"oreo":"1"}},{"shape_attributes":{"name":"polygon","all_points_x":[910,911,911,821,822],"all_points_y":[246,335,338,337,246]},"region_attributes":{"oreo":"1"}},{"shape_attributes":{"name":"polygon","all_points_x":[909,906,817,820],"all_points_y":[340,431,432,338]},"region_attributes":{"oreo":"1"}},{"shape_attributes":{"name":"polygon","all_points_x":[905,903,809,812],"all_points_y":[436,527,523,434]},"region_attributes":{"oreo":"1"}},{"shape_attributes":{"name":"polygon","all_points_x":[903,902,809,809],"all_points_y":[530,616,615,526]},"region_attributes":{"oreo":"1"}},{"shape_attributes":{"name":"polygon","all_points_x":[899,895,799,800],"all_points_y":[621,712,710,618]},"region_attributes":{"oreo":"1"}},{"shape_attributes":{"name":"polygon","all_points_x":[914,1007,1009,1009,1005,912,916,911,899],"all_points_y":[42,42,62,136,140,140,133,60,60]},"region_attributes":{"oreo":"1"}},{"shape_attributes":{"name":"polygon","all_points_x":[1007,1006,1003,913,915],"all_points_y":[142,225,232,236,144]},"region_attributes":{"oreo":"1"}},{"shape_attributes":{"name":"polygon","all_points_x":[1003,1002,1003,913,912],"all_points_y":[234,244,326,330,235]},"region_attributes":{"oreo":"1"}},{"shape_attributes":{"name":"polygon","all_points_x":[1003,1002,911,912],"all_points_y":[330,424,424,331]},"region_attributes":{"oreo":"1"}},{"shape_attributes":{"name":"polygon","all_points_x":[999,1001,998,1001,908,909],"all_points_y":[431,445,512,523,514,424]},"region_attributes":{"oreo":"1"}},{"shape_attributes":{"name":"polygon","all_points_x":[1001,999,906,907],"all_points_y":[528,620,611,518]},"region_attributes":{"oreo":"1"}},{"shape_attributes":{"name":"polygon","all_points_x":[998,995,903,897,904],"all_points_y":[622,713,712,707,616]},"region_attributes":{"oreo":"1"}},{"shape_attributes":{"name":"polygon","all_points_x":[1016,1107,1109,1105,1103,1009],"all_points_y":[76,80,100,133,167,168]},"region_attributes":{"oreo":"1"}},{"shape_attributes":{"name":"polygon","all_points_x":[1102,1100,1099,1007,1009,1015],"all_points_y":[174,260,268,266,178,174]},"region_attributes":{"oreo":"1"}},{"shape_attributes":{"name":"polygon","all_points_x":[1095,1095,1093,1003,1004],"all_points_y":[272,358,366,366,272]},"region_attributes":{"oreo":"1"}},{"shape_attributes":{"name":"polygon","all_points_x":[1093,1093,1095,1097,1004,1001,1003],"all_points_y":[386,392,398,480,478,474,383]},"region_attributes":{"oreo":"1"}},{"shape_attributes":{"name":"polygon","all_points_x":[1095,1097,1097,1005,1003,1004],"all_points_y":[486,498,580,578,575,483]},"region_attributes":{"oreo":"1"}},{"shape_attributes":{"name":"polygon","all_points_x":[1097,1099,1099,1006,999,1003],"all_points_y":[583,605,674,670,669,580]},"region_attributes":{"oreo":"1"}}],"file_attributes":{}},"8.png1478357":{"filename":"8.png","size":1478357,"regions":[{"shape_attributes":{"name":"polygon","all_points_x":[266,268,362,374,362,362,363,402,337],"all_points_y":[135,46,49,62,63,142,156,203,198]},"region_attributes":{"oreo":"1"}},{"shape_attributes":{"name":"polygon","all_points_x":[451,453,466,457,403,365,363,379],"all_points_y":[66,142,172,208,203,157,66,62]},"region_attributes":{"oreo":"1"}},{"shape_attributes":{"name":"polygon","all_points_x":[452,472,506,541,547,519,488,470,465,453],"all_points_y":[45,44,45,42,146,146,150,152,170,138]},"region_attributes":{"oreo":"1"}},{"shape_attributes":{"name":"polygon","all_points_x":[578,586,662,665,669,663,655,643,582,575],"all_points_y":[53,52,46,47,121,161,198,148,152,125]},"region_attributes":{"oreo":"1"}},{"shape_attributes":{"name":"polygon","all_points_x":[685,778,761,666],"all_points_y":[62,72,164,152]},"region_attributes":{"oreo":"1"}},{"shape_attributes":{"name":"polygon","all_points_x":[456,488,491,573,562,581,549,556,552,472],"all_points_y":[221,285,275,296,351,301,227,155,147,153]},"region_attributes":{"oreo":"1"}},{"shape_attributes":{"name":"polygon","all_points_x":[559,551,582,586,665,667,668,670,670,645,656,643],"all_points_y":[152,226,300,285,305,303,298,292,286,233,198,151]},"region_attributes":{"oreo":"1"}},{"shape_attributes":{"name":"polygon","all_points_x":[306,360,392,468,428,367,356],"all_points_y":[230,316,365,317,244,201,203]},"region_attributes":{"oreo":"1"}},{"shape_attributes":{"name":"polygon","all_points_x":[194,284,368,360,356,348,275,188],"all_points_y":[359,367,379,393,434,450,458,453]},"region_attributes":{"oreo":"1"}},{"shape_attributes":{"name":"polygon","all_points_x":[187,321,337,318,321,305,270,181],"all_points_y":[504,463,465,506,540,581,599,593]},"region_attributes":{"oreo":"1"}},{"shape_attributes":{"name":"polygon","all_points_x":[176,265,297,292,306,268,181],"all_points_y":[692,697,669,612,583,601,598]},"region_attributes":{"oreo":"1"}},{"shape_attributes":{"name":"polygon","all_points_x":[300,299,322,384,430,405,348,319,319,295],"all_points_y":[675,674,681,679,516,581,577,567,544,613]},"region_attributes":{"oreo":"1"}},{"shape_attributes":{"name":"polygon","all_points_x":[436,430,404,322,322,356,354,364,407],"all_points_y":[483,516,581,568,507,437,466,471,484]},"region_attributes":{"oreo":"1"}},{"shape_attributes":{"name":"polygon","all_points_x":[382,361,356,392,436,466,470,475,488,457,440,470,392],"all_points_y":[355,393,466,479,483,416,359,331,285,229,262,319,367]},"region_attributes":{"oreo":"1"}},{"shape_attributes":{"name":"polygon","all_points_x":[456,551,561,572,493,475],"all_points_y":[486,410,353,296,275,334]},"region_attributes":{"oreo":"1"}},{"shape_attributes":{"name":"polygon","all_points_x":[436,601,609,617,600,553,434,405],"all_points_y":[619,510,451,449,434,409,505,604]},"region_attributes":{"oreo":"1"}},{"shape_attributes":{"name":"polygon","all_points_x":[560,634,664,668,541,475],"all_points_y":[670,700,636,614,552,596]},"region_attributes":{"oreo":"1"}},{"shape_attributes":{"name":"polygon","all_points_x":[691,686,676,669,670,603,600,610],"all_points_y":[458,544,624,624,614,581,535,451]},"region_attributes":{"oreo":"1"}},{"shape_attributes":{"name":"polygon","all_points_x":[650,625,618,601,551,567,588,660],"all_points_y":[357,447,450,432,409,338,286,305]},"region_attributes":{"oreo":"1"}},{"shape_attributes":{"name":"polygon","all_points_x":[758,756,737,686,672,645,667],"all_points_y":[164,179,266,253,289,234,152]},"region_attributes":{"oreo":"1"}},{"shape_attributes":{"name":"polygon","all_points_x":[783,875,851,759],"all_points_y":[89,108,196,178]},"region_attributes":{"oreo":"1"}},{"shape_attributes":{"name":"polygon","all_points_x":[822,844,757,738],"all_points_y":[285,195,178,268]},"region_attributes":{"oreo":"1"}},{"shape_attributes":{"name":"polygon","all_points_x":[773,752,736,735,660,665,687],"all_points_y":[283,353,376,369,340,322,256]},"region_attributes":{"oreo":"1"}},{"shape_attributes":{"name":"polygon","all_points_x":[717,737,734,657,633,624,693,690],"all_points_y":[451,375,372,341,427,451,457,501]},"region_attributes":{"oreo":"1"}},{"shape_attributes":{"name":"polygon","all_points_x":[684,784,785,784,782,689],"all_points_y":[708,715,621,618,622,607]},"region_attributes":{"oreo":"1"}},{"shape_attributes":{"name":"polygon","all_points_x":[797,780,689,684,691,701,779,783],"all_points_y":[536,621,608,579,502,490,518,510]},"region_attributes":{"oreo":"1"}},{"shape_attributes":{"name":"polygon","all_points_x":[816,812,779,701,728,740,754,777,819,805,779],"all_points_y":[405,454,518,488,421,373,353,279,288,321,388]},"region_attributes":{"oreo":"1"}},{"shape_attributes":{"name":"polygon","all_points_x":[892,857,780,809,840,835,839,845,903,897],"all_points_y":[349,420,388,317,242,300,305,305,312,322]},"region_attributes":{"oreo":"1"}},{"shape_attributes":{"name":"polygon","all_points_x":[920,943,924,836,839,845,852,871],"all_points_y":[132,234,315,302,232,198,199,134]},"region_attributes":{"oreo":"1"}},{"shape_attributes":{"name":"polygon","all_points_x":[1015,1107,1107,1107,1101,1064,1017,936,922],"all_points_y":[75,78,94,109,168,177,171,201,130]},"region_attributes":{"oreo":"1"}},{"shape_attributes":{"name":"polygon","all_points_x":[1105,1097,1094,983,930,946,939,1015],"all_points_y":[182,266,275,303,291,232,202,171]},"region_attributes":{"oreo":"1"}},{"shape_attributes":{"name":"polygon","all_points_x":[994,991,984,889,898,903,925,931,985],"all_points_y":[323,363,415,406,322,313,317,293,307]},"region_attributes":{"oreo":"1"}},{"shape_attributes":{"name":"polygon","all_points_x":[908,878,794,816,818,856,888,888,903],"all_points_y":[456,528,498,442,406,423,360,406,412]},"region_attributes":{"oreo":"1"}},{"shape_attributes":{"name":"polygon","all_points_x":[1097,1102,1007,1003,1005,1003],"all_points_y":[506,600,604,604,510,472]},"region_attributes":{"oreo":"1"}},{"shape_attributes":{"name":"polygon","all_points_x":[988,1003,997,902,892,911,910,985],"all_points_y":[405,421,514,505,501,458,412,418]},"region_attributes":{"oreo":"1"}},{"shape_attributes":{"name":"polygon","all_points_x":[1103,1107,1106,1106,1108,1014,999,1000,1008],"all_points_y":[605,628,650,686,696,697,691,609,607]},"region_attributes":{"oreo":"1"}},{"shape_attributes":{"name":"polygon","all_points_x":[905,931,1001,1001,911,890,890,901,897],"all_points_y":[698,702,702,605,604,589,614,628,689]},"region_attributes":{"oreo":"1"}},{"shape_attributes":{"name":"polygon","all_points_x":[910,1001,1001,913,890,892,884,891],"all_points_y":[509,516,603,601,586,532,522,500]},"region_attributes":{"oreo":"1"}},{"shape_attributes":{"name":"polygon","all_points_x":[793,889,892,884,879,792,786,798],"all_points_y":[617,624,534,522,529,500,510,534]},"region_attributes":{"oreo":"1"}},{"shape_attributes":{"name":"polygon","all_points_x":[796,894,899,891,889,801],"all_points_y":[713,717,630,616,630,622]},"region_attributes":{"oreo":"1"}}],"file_attributes":{}},"9.png1566562":{"filename":"9.png","size":1566562,"regions":[{"shape_attributes":{"name":"polygon","all_points_x":[266,362,419,412,416,363,358,329,296,262],"all_points_y":[39,45,137,139,204,201,167,158,156,127]},"region_attributes":{"oreo":"1"}},{"shape_attributes":{"name":"polygon","all_points_x":[253,300,316,366,383,358,327,282],"all_points_y":[203,446,449,452,409,168,158,156]},"region_attributes":{"oreo":"1"}},{"shape_attributes":{"name":"polygon","all_points_x":[197,318,381,387,377,272,183],"all_points_y":[484,461,468,473,535,591,575]},"region_attributes":{"oreo":"1"}},{"shape_attributes":{"name":"polygon","all_points_x":[181,175,267,363,365,381,379,270,188],"all_points_y":[585,677,684,612,547,541,536,594,577]},"region_attributes":{"oreo":"1"}},{"shape_attributes":{"name":"polygon","all_points_x":[597,607,628,641,642,575,524,464,456,415,365,364],"all_points_y":[673,667,662,655,607,604,561,552,542,537,548,618]},"region_attributes":{"oreo":"1"}},{"shape_attributes":{"name":"polygon","all_points_x":[571,542,468,368,387,497,539],"all_points_y":[483,564,552,451,398,464,460]},"region_attributes":{"oreo":"1"}},{"shape_attributes":{"name":"polygon","all_points_x":[381,444,578,574,497,383,376],"all_points_y":[324,321,375,455,464,395,326]},"region_attributes":{"oreo":"1"}},{"shape_attributes":{"name":"polygon","all_points_x":[372,372,575,589,608,627,633,632,625,597,582,573,416],"all_points_y":[217,279,371,369,364,353,287,280,277,287,290,292,210]},"region_attributes":{"oreo":"1"}},{"shape_attributes":{"name":"polygon","all_points_x":[472,639,640,626,573,418,414],"all_points_y":[128,194,272,276,294,210,142]},"region_attributes":{"oreo":"1"}},{"shape_attributes":{"name":"polygon","all_points_x":[665,685,708,732,740,736,717,684,659,643,637,504],"all_points_y":[57,58,62,64,145,153,153,159,165,197,193,139]},"region_attributes":{"oreo":"1"}},{"shape_attributes":{"name":"polygon","all_points_x":[734,766,685,635,617,610,630,635,626,642,640,659,714],"all_points_y":[156,224,355,385,372,366,354,279,277,272,199,166,156]},"region_attributes":{"oreo":"1"}},{"shape_attributes":{"name":"polygon","all_points_x":[684,706,654,637,576,579,579,608],"all_points_y":[432,471,517,510,441,375,374,365]},"region_attributes":{"oreo":"1"}},{"shape_attributes":{"name":"polygon","all_points_x":[668,666,648,574,527,544,573,582],"all_points_y":[529,549,607,605,565,564,484,485]},"region_attributes":{"oreo":"1"}},{"shape_attributes":{"name":"polygon","all_points_x":[776,786,833,844,850,849,846,840,766,748,736,737,742,737],"all_points_y":[56,60,74,104,141,151,156,146,167,189,156,152,152,85]},"region_attributes":{"oreo":"1"}},{"shape_attributes":{"name":"polygon","all_points_x":[909,964,963,963,957,952,873,860,847,850,851,847],"all_points_y":[100,119,133,153,183,200,209,182,158,150,139,111]},"region_attributes":{"oreo":"1"}},{"shape_attributes":{"name":"polygon","all_points_x":[1015,1107,1108,1108,1106,1103,1083,1014,956,961,964,964,948],"all_points_y":[60,62,77,101,124,151,162,165,191,167,154,120,113]},"region_attributes":{"oreo":"1"}},{"shape_attributes":{"name":"polygon","all_points_x":[875,785,686,766,750,766,841],"all_points_y":[216,298,353,225,189,168,147]},"region_attributes":{"oreo":"1"}},{"shape_attributes":{"name":"polygon","all_points_x":[1103,1104,1102,1102,970,915,921,953,957,1014],"all_points_y":[164,249,250,256,278,279,205,201,191,166]},"region_attributes":{"oreo":"1"}},{"shape_attributes":{"name":"polygon","all_points_x":[725,730,795,800,758,706,655,637,667,667],"all_points_y":[636,632,589,583,509,470,517,511,528,551]},"region_attributes":{"oreo":"1"}},{"shape_attributes":{"name":"polygon","all_points_x":[803,817,828,832,837,689,684,633,788],"all_points_y":[299,319,337,347,358,441,431,387,297]},"region_attributes":{"oreo":"1"}},{"shape_attributes":{"name":"polygon","all_points_x":[958,1012,784,758,740,726,929],"all_points_y":[288,343,556,510,495,485,292]},"region_attributes":{"oreo":"1"}},{"shape_attributes":{"name":"polygon","all_points_x":[997,1048,1052,1056,1063,1062,1083,1082,1035,845,790],"all_points_y":[668,689,684,683,671,665,612,607,581,499,551]},"region_attributes":{"oreo":"1"}},{"shape_attributes":{"name":"polygon","all_points_x":[876,842,832,839,829,827,912,919,875],"all_points_y":[215,249,341,358,365,389,305,204,211]},"region_attributes":{"oreo":"1"}},{"shape_attributes":{"name":"polygon","all_points_x":[996,996,901,902,905,905],"all_points_y":[362,562,523,457,451,445]},"region_attributes":{"oreo":"1"}}],"file_attributes":{}},"10.png1546202":{"filename":"10.png","size":1546202,"regions":[{"shape_attributes":{"name":"polygon","all_points_x":[257,295,313,331,337,405,407,419,357,262],"all_points_y":[128,159,161,163,199,201,197,139,47,41]},"region_attributes":{"oreo":"1"}},{"shape_attributes":{"name":"polygon","all_points_x":[253,227,297,327,363,378,380,330,291,269],"all_points_y":[160,201,451,456,453,402,401,164,159,157]},"region_attributes":{"oreo":"1"}},{"shape_attributes":{"name":"polygon","all_points_x":[308,336,366,397,411,436,404,400,397,395,395,378,319],"all_points_y":[672,679,682,682,622,473,475,465,450,425,402,403,611]},"region_attributes":{"oreo":"1"}},{"shape_attributes":{"name":"polygon","all_points_x":[591,608,622,632,632,607,462,459,452,441,437,433,427,411,409],"all_points_y":[666,660,654,649,571,567,588,584,575,560,551,541,535,626,629]},"region_attributes":{"oreo":"1"}},{"shape_attributes":{"name":"polygon","all_points_x":[450,435,437,441,455,463,617,700,580],"all_points_y":[477,537,545,559,578,589,565,555,461]},"region_attributes":{"oreo":"1"}},{"shape_attributes":{"name":"polygon","all_points_x":[482,782,797,850,852,849,573,524,483],"all_points_y":[381,623,617,545,535,525,316,306,374]},"region_attributes":{"oreo":"1"}},{"shape_attributes":{"name":"polygon","all_points_x":[378,520,567,567,523,487,361,345],"all_points_y":[223,271,301,313,305,365,314,229]},"region_attributes":{"oreo":"1"}},{"shape_attributes":{"name":"polygon","all_points_x":[517,724,726,726,725,659,470,457],"all_points_y":[152,261,289,317,333,367,235,171]},"region_attributes":{"oreo":"1"}},{"shape_attributes":{"name":"polygon","all_points_x":[498,673,685,704,717,737,741,736,672,670,593,565,517,498],"all_points_y":[134,59,59,61,66,69,148,153,170,173,193,177,151,158]},"region_attributes":{"oreo":"1"}},{"shape_attributes":{"name":"polygon","all_points_x":[782,788,837,845,851,853,849,785,761,740,743,739],"all_points_y":[60,61,80,100,123,146,144,163,189,151,147,91]},"region_attributes":{"oreo":"1"}},{"shape_attributes":{"name":"polygon","all_points_x":[779,727,725,646,671,739],"all_points_y":[221,302,261,221,173,153]},"region_attributes":{"oreo":"1"}},{"shape_attributes":{"name":"polygon","all_points_x":[888,856,727,728,781,761,785,849,857,867,875],"all_points_y":[217,243,314,302,221,189,164,145,149,170,185]},"region_attributes":{"oreo":"1"}},{"shape_attributes":{"name":"polygon","all_points_x":[905,730,728,721,661,727,729,860,867,879,894,903,906],"all_points_y":[317,411,384,360,368,333,316,243,249,265,291,304,309]},"region_attributes":{"oreo":"1"}},{"shape_attributes":{"name":"polygon","all_points_x":[922,971,971,969,963,960,886,878,858,853,849,919],"all_points_y":[97,115,137,159,192,196,208,185,149,147,109,96]},"region_attributes":{"oreo":"1"}},{"shape_attributes":{"name":"polygon","all_points_x":[1015,1106,1107,1108,1105,1089,1016,967,971,972,971,951],"all_points_y":[61,58,68,96,149,159,157,181,160,116,115,108]},"region_attributes":{"oreo":"1"}},{"shape_attributes":{"name":"polygon","all_points_x":[1104,1102,1099,981,961,946,919,917,923,961,964,965,1015],"all_points_y":[162,245,253,276,278,269,271,272,202,196,192,181,157]},"region_attributes":{"oreo":"1"}},{"shape_attributes":{"name":"polygon","all_points_x":[853,855,856,857,857,858,857,789,783,670,669,698,783,799,831],"all_points_y":[597,604,617,632,652,663,667,699,700,561,560,557,624,618,573]},"region_attributes":{"oreo":"1"}},{"shape_attributes":{"name":"polygon","all_points_x":[999,996,924,902,903,905,906],"all_points_y":[328,565,531,520,457,453,444]},"region_attributes":{"oreo":"1"}},{"shape_attributes":{"name":"polygon","all_points_x":[1007,844,778,774,869,908,907,898,918,946],"all_points_y":[317,521,471,453,337,317,307,297,272,271]},"region_attributes":{"oreo":"1"}},{"shape_attributes":{"name":"polygon","all_points_x":[1083,1082,1057,1055,1051,1047,1043,1039,993,832,849,853,851,845,861,1039],"all_points_y":[621,628,676,681,689,694,694,699,667,570,548,535,524,521,501,583]},"region_attributes":{"oreo":"1"}},{"shape_attributes":{"name":"polygon","all_points_x":[439,486,582,405,399,395,397],"all_points_y":[391,385,463,475,462,433,400]},"region_attributes":{"oreo":"1"}}],"file_attributes":{}}},"_via_attributes":{"region":{"oreo":{"type":"radio","description":"","options":{"1":"oreo"},"default_options":{"1":true}}},"file":{}},"_via_data_format_version":"2.0.10","_via_image_id_list":["1.png1518496","2.png1607064","3.png1541032","4.png1462633","5.png1554067","6.png1498472","7.png1475704","8.png1478357","9.png1566562","10.png1546202"]}