{"_via_settings":{"ui":{"annotation_editor_height":25,"annotation_editor_fontsize":0.8,"leftsidebar_width":18,"image_grid":{"img_height":80,"rshape_fill":"none","rshape_fill_opacity":0.3,"rshape_stroke":"yellow","rshape_stroke_width":2,"show_region_shape":true,"show_image_policy":"all"},"image":{"region_label":"__via_region_id__","region_color":"__via_default_region_color__","region_label_font":"10px Sans","on_image_annotation_editor_placement":"NEAR_REGION"}},"core":{"buffer_size":18,"filepath":{},"default_filepath":""},"project":{"name":"201202_oreo_"}},"_via_img_metadata":{"11.png1524679":{"filename":"11.png","size":1524679,"regions":[{"shape_attributes":{"name":"polygon","all_points_x":[231,229,293,335,341,343,352,393,411,410,324],"all_points_y":[41,129,169,171,174,181,180,178,173,134,40]},"region_attributes":{"oreo":"1"}},{"shape_attributes":{"name":"polygon","all_points_x":[268,239,240,297,303,332,343,338,343,341,336,332],"all_points_y":[170,198,208,472,474,476,474,185,182,176,174,172]},"region_attributes":{"oreo":"1"}},{"shape_attributes":{"name":"polygon","all_points_x":[435,441,441,425,399,413,407,389,380,351,343,339,347,406],"all_points_y":[187,191,321,322,347,494,499,503,503,494,489,186,183,179]},"region_attributes":{"oreo":"1"}},{"shape_attributes":{"name":"polygon","all_points_x":[490,526,539,582,582,561,518,513,472,449,488],"all_points_y":[165,121,125,156,161,361,401,402,387,369,169]},"region_attributes":{"oreo":"1"}},{"shape_attributes":{"name":"polygon","all_points_x":[600,630,660,657,583,554,544,535,491,507,514,520,563,580,586],"all_points_y":[166,177,194,201,449,466,468,467,442,401,404,403,360,201,184]},"region_attributes":{"oreo":"1"}},{"shape_attributes":{"name":"polygon","all_points_x":[185,186,197,201,264,270,275,423,414,406,385,378,349],"all_points_y":[602,628,679,682,697,697,695,565,494,501,505,504,495]},"region_attributes":{"oreo":"1"}},{"shape_attributes":{"name":"polygon","all_points_x":[429,490,493,521,511,488,505,472,448,457,426,400,428],"all_points_y":[615,627,624,585,454,442,400,388,369,323,323,347,614]},"region_attributes":{"oreo":"1"}},{"shape_attributes":{"name":"polygon","all_points_x":[631,685,691,659,643,579,572,563,585,621],"all_points_y":[326,332,336,536,625,625,618,581,448,326]},"region_attributes":{"oreo":"1"}},{"shape_attributes":{"name":"polygon","all_points_x":[728,716,692,691,693,682,690,715,744,764,766,808,797,758,738],"all_points_y":[78,105,331,334,340,410,421,430,430,428,425,88,82,75,76]},"region_attributes":{"oreo":"1"}},{"shape_attributes":{"name":"polygon","all_points_x":[824,856,879,891,851,849,842,823,798,778,769,768,810,813],"all_points_y":[81,81,88,92,424,428,434,434,431,427,421,420,86,82]},"region_attributes":{"oreo":"1"}},{"shape_attributes":{"name":"polygon","all_points_x":[896,901,932,955,979,975,935,931,921,902,879,862,855,893],"all_points_y":[89,81,81,85,92,142,427,431,434,432,429,424,420,94]},"region_attributes":{"oreo":"1"}},{"shape_attributes":{"name":"polygon","all_points_x":[987,1015,1058,1061,1013,1010,965,923,910,914,925,939,980],"all_points_y":[137,135,145,152,474,489,486,475,465,437,437,428,139]},"region_attributes":{"oreo":"1"}},{"shape_attributes":{"name":"polygon","all_points_x":[699,696,693,699,1019,1018,1013,1010,964,921,912],"all_points_y":[468,475,546,550,556,480,478,492,489,477,474]},"region_attributes":{"oreo":"1"}},{"shape_attributes":{"name":"polygon","all_points_x":[696,690,689,693,700,707,1018,1022,1018,1015,991],"all_points_y":[554,556,569,629,638,640,641,634,565,561,558]},"region_attributes":{"oreo":"1"}}],"file_attributes":{}},"12.png1502604":{"filename":"12.png","size":1502604,"regions":[{"shape_attributes":{"name":"polygon","all_points_x":[309,299,290,285,307,320,331,368,369,361,381,378,373],"all_points_y":[113,113,118,129,413,426,427,420,412,411,172,123,119]},"region_attributes":{"oreo":"1"}},{"shape_attributes":{"name":"polygon","all_points_x":[387,363,439,457,477,460,450,418,394,388],"all_points_y":[105,410,413,403,126,107,101,99,100,101]},"region_attributes":{"oreo":"1"}},{"shape_attributes":{"name":"polygon","all_points_x":[523,480,547,570,612,594],"all_points_y":[415,120,106,126,411,418]},"region_attributes":{"oreo":"1"}},{"shape_attributes":{"name":"polygon","all_points_x":[637,629,619,693,699,702,699],"all_points_y":[110,113,420,420,383,115,112]},"region_attributes":{"oreo":"1"}},{"shape_attributes":{"name":"polygon","all_points_x":[717,711,702,701,708,723,744,766,778,785,799,790,764,731],"all_points_y":[82,106,393,415,421,428,430,430,428,421,83,79,74,77]},"region_attributes":{"oreo":"1"}},{"shape_attributes":{"name":"polygon","all_points_x":[818,850,873,864,859,854,833,814,797,788,802],"all_points_y":[81,77,79,89,427,430,431,430,426,420,83]},"region_attributes":{"oreo":"1"}},{"shape_attributes":{"name":"polygon","all_points_x":[893,911,935,959,980,974,962,953,920,898,877,875,861,867],"all_points_y":[59,52,51,54,58,432,438,441,444,440,430,427,424,89]},"region_attributes":{"oreo":"1"}},{"shape_attributes":{"name":"polygon","all_points_x":[990,1005,1053,1082,1096,1092,1091,1059,1029,999,986,977,983],"all_points_y":[77,55,53,56,60,434,437,443,442,438,433,432,83]},"region_attributes":{"oreo":"1"}},{"shape_attributes":{"name":"polygon","all_points_x":[366,356,357,361,372,568,683,688,692,691,690,518,442,372],"all_points_y":[427,471,493,504,515,519,521,520,504,474,423,418,415,413]},"region_attributes":{"oreo":"1"}},{"shape_attributes":{"name":"polygon","all_points_x":[334,319,310,329,623,631,637,372,356,355,353,355],"all_points_y":[466,493,527,566,588,586,522,518,499,490,470,466]},"region_attributes":{"oreo":"1"}},{"shape_attributes":{"name":"polygon","all_points_x":[705,1020,1020,1013,701,694,698],"all_points_y":[463,484,564,566,551,533,471]},"region_attributes":{"oreo":"1"}},{"shape_attributes":{"name":"polygon","all_points_x":[693,688,691,703,1020,1020,1018,696],"all_points_y":[554,561,629,637,643,640,567,553]},"region_attributes":{"oreo":"1"}}],"file_attributes":{}},"13.png1537674":{"filename":"13.png","size":1537674,"regions":[{"shape_attributes":{"name":"polygon","all_points_x":[330,325,322,281,284,364,422,419,408],"all_points_y":[62,62,70,348,399,402,104,90,77]},"region_attributes":{"oreo":"1"}},{"shape_attributes":{"name":"polygon","all_points_x":[430,452,465,472,478,471,454,402,374,369,367,367,424,423],"all_points_y":[100,101,107,118,131,260,257,413,411,412,412,399,103,99]},"region_attributes":{"oreo":"1"}},{"shape_attributes":{"name":"polygon","all_points_x":[401,343,350,361,382,443,451,465,492,482,528,540,531,476,456],"all_points_y":[419,586,597,605,612,620,617,570,461,456,353,305,272,262,258]},"region_attributes":{"oreo":"1"}},{"shape_attributes":{"name":"polygon","all_points_x":[482,501,533,542,533,586,572,555,550],"all_points_y":[119,264,271,306,338,218,123,107,106]},"region_attributes":{"oreo":"1"}},{"shape_attributes":{"name":"polygon","all_points_x":[520,569,573,653,681,619,532,483],"all_points_y":[475,493,485,284,167,144,344,456]},"region_attributes":{"oreo":"1"}},{"shape_attributes":{"name":"polygon","all_points_x":[706,701,698,616,618,697,703,705,781,789,787],"all_points_y":[89,91,95,446,451,471,471,465,153,113,106]},"region_attributes":{"oreo":"1"}},{"shape_attributes":{"name":"polygon","all_points_x":[794,910,973,1029,1000,843,778],"all_points_y":[100,1,2,22,134,194,173]},"region_attributes":{"oreo":"1"}},{"shape_attributes":{"name":"polygon","all_points_x":[1038,1077,1138,1141,1137,1112,1111,910,844,850,1002,1020],"all_points_y":[56,67,90,95,107,192,200,237,215,194,135,64]},"region_attributes":{"oreo":"1"}},{"shape_attributes":{"name":"polygon","all_points_x":[786,775,794,807,851,851,819,820,854,857,843,848,842,785],"all_points_y":[178,415,417,419,420,413,349,343,325,222,216,194,195,177]},"region_attributes":{"oreo":"1"}},{"shape_attributes":{"name":"polygon","all_points_x":[864,1072,1139,1144,1188,1188,1127,1120,853,821,821],"all_points_y":[325,241,212,211,306,312,348,351,414,349,344]},"region_attributes":{"oreo":"1"}},{"shape_attributes":{"name":"polygon","all_points_x":[1120,1139,1006,933,926,1019,1033],"all_points_y":[369,465,551,552,483,377,373]},"region_attributes":{"oreo":"1"}},{"shape_attributes":{"name":"polygon","all_points_x":[671,671,664,659,667,982,987,989,987,942],"all_points_y":[539,539,544,613,625,645,641,575,568,557]},"region_attributes":{"oreo":"1"}},{"shape_attributes":{"name":"polygon","all_points_x":[697,932,923,932,695,693,694],"all_points_y":[475,474,483,555,539,517,491]},"region_attributes":{"oreo":"1"}}],"file_attributes":{}},"14.png1500306":{"filename":"14.png","size":1500306,"regions":[{"shape_attributes":{"name":"polygon","all_points_x":[209,207,203,287,281,365,388,386,302],"all_points_y":[40,48,129,174,155,125,148,132,41]},"region_attributes":{"oreo":"1"}},{"shape_attributes":{"name":"polygon","all_points_x":[387,406,472,507,499,488,423],"all_points_y":[76,65,43,129,182,166,175]},"region_attributes":{"oreo":"1"}},{"shape_attributes":{"name":"polygon","all_points_x":[199,197,200,200,210,284,331,307,318,305,290],"all_points_y":[209,222,295,299,307,304,313,249,246,212,206]},"region_attributes":{"oreo":"1"}},{"shape_attributes":{"name":"polygon","all_points_x":[396,412,481,540,532,487],"all_points_y":[181,266,292,286,224,168]},"region_attributes":{"oreo":"1"}},{"shape_attributes":{"name":"polygon","all_points_x":[333,341,417,476,470,412,403,390,309],"all_points_y":[318,337,334,310,290,267,225,221,251]},"region_attributes":{"oreo":"1"}},{"shape_attributes":{"name":"polygon","all_points_x":[291,319,391,403,394,415,365,282],"all_points_y":[181,244,219,223,180,176,127,157]},"region_attributes":{"oreo":"1"}},{"shape_attributes":{"name":"polygon","all_points_x":[194,198,290,321,319,316,380,378,341,329,284],"all_points_y":[308,400,396,391,353,347,344,338,339,314,305]},"region_attributes":{"oreo":"1"}},{"shape_attributes":{"name":"polygon","all_points_x":[323,325,330,412,418,443,416,441,411,406,320],"all_points_y":[400,437,440,437,435,429,367,355,347,345,348]},"region_attributes":{"oreo":"1"}},{"shape_attributes":{"name":"polygon","all_points_x":[449,496,531,557,556,514,454,418],"all_points_y":[351,326,343,393,404,429,448,368]},"region_attributes":{"oreo":"1"}},{"shape_attributes":{"name":"polygon","all_points_x":[544,544,559,562,596,618,619,611,595,574,557],"all_points_y":[129,134,411,415,415,413,296,125,122,120,122]},"region_attributes":{"oreo":"1"}},{"shape_attributes":{"name":"polygon","all_points_x":[634,629,626,622,621,620,703,703,701],"all_points_y":[106,109,173,289,308,410,131,113,109]},"region_attributes":{"oreo":"1"}},{"shape_attributes":{"name":"polygon","all_points_x":[718,714,705,704,611,610,619,688,691,696,746,800,802,800,722],"all_points_y":[91,93,128,135,441,447,451,472,474,471,305,134,113,112,90]},"region_attributes":{"oreo":"1"}},{"shape_attributes":{"name":"polygon","all_points_x":[803,828,857,864,855,776,783,803,804,800],"all_points_y":[102,102,106,110,280,373,192,132,112,111]},"region_attributes":{"oreo":"1"}},{"shape_attributes":{"name":"polygon","all_points_x":[869,870,941,942,910,904,857,866],"all_points_y":[107,107,109,244,224,224,278,110]},"region_attributes":{"oreo":"1"}},{"shape_attributes":{"name":"polygon","all_points_x":[971,973,991,1020,1043,1051,1056,1055,1037,1014,994,981,968,976,947,948,973,969,945,943],"all_points_y":[84,84,79,80,82,87,426,430,434,434,434,432,431,419,393,305,270,264,247,107]},"region_attributes":{"oreo":"1"}},{"shape_attributes":{"name":"polygon","all_points_x":[687,686,746,751,758,829,893,947,971,968,909,772,736,699,696,691],"all_points_y":[487,490,544,543,535,454,371,303,270,264,224,378,423,468,473,476]},"region_attributes":{"oreo":"1"}},{"shape_attributes":{"name":"polygon","all_points_x":[691,687,688,710,735,753,757,931,965,975,946,909,904,840],"all_points_y":[612,641,645,673,693,702,700,482,434,419,395,371,373,445]},"region_attributes":{"oreo":"1"}},{"shape_attributes":{"name":"polygon","all_points_x":[970,993,1013,1018,994,991,824,934,954],"all_points_y":[451,471,496,507,538,542,619,480,454]},"region_attributes":{"oreo":"1"}},{"shape_attributes":{"name":"polygon","all_points_x":[585,578,579,605,609,683,687,743,744,684,688],"all_points_y":[517,555,564,617,619,590,569,545,545,490,481]},"region_attributes":{"oreo":"1"}},{"shape_attributes":{"name":"polygon","all_points_x":[969,982,987,988,984,981,803,823,959],"all_points_y":[562,568,573,640,645,647,645,620,558]},"region_attributes":{"oreo":"1"}},{"shape_attributes":{"name":"polygon","all_points_x":[326,328,346,496,610,616,619,617,616,330,324,322,321,317,319,326],"all_points_y":[455,455,446,449,449,452,457,466,493,492,500,488,487,463,459,459]},"region_attributes":{"oreo":"1"}},{"shape_attributes":{"name":"polygon","all_points_x":[321,318,312,311,309,328,494,593,579,577,585,631,630,330],"all_points_y":[504,512,527,542,558,593,595,595,566,554,514,499,493,493]},"region_attributes":{"oreo":"1"}}],"file_attributes":{}},"15.png1544901":{"filename":"15.png","size":1544901,"regions":[{"shape_attributes":{"name":"polygon","all_points_x":[153,152,135,136,159,194,224,240,255,264,256,216,178],"all_points_y":[8,10,431,434,443,446,444,439,22,20,12,5,3]},"region_attributes":{"oreo":"1"}},{"shape_attributes":{"name":"polygon","all_points_x":[272,299,341,360,386,382,375,374,340,299,256,240,257],"all_points_y":[20,18,22,25,61,231,435,443,454,458,453,447,23]},"region_attributes":{"oreo":"1"}},{"shape_attributes":{"name":"polygon","all_points_x":[394,420,433,427,452,455,461,385,388],"all_points_y":[59,51,65,67,139,148,155,182,61]},"region_attributes":{"oreo":"1"}},{"shape_attributes":{"name":"polygon","all_points_x":[446,510,514,551,552,559,567,498,494,457,429],"all_points_y":[62,39,38,119,145,151,165,168,202,147,68]},"region_attributes":{"oreo":"1"}},{"shape_attributes":{"name":"polygon","all_points_x":[388,404,476,539,538,493,491,494,461,384,384],"all_points_y":[227,269,299,279,273,258,255,204,157,184,217]},"region_attributes":{"oreo":"1"}},{"shape_attributes":{"name":"polygon","all_points_x":[384,401,452,455,422,412,376,380],"all_points_y":[321,321,338,348,347,412,416,321]},"region_attributes":{"oreo":"1"}},{"shape_attributes":{"name":"polygon","all_points_x":[413,411,503,531,537,513,457,424],"all_points_y":[419,434,442,418,360,355,350,349]},"region_attributes":{"oreo":"1"}},{"shape_attributes":{"name":"polygon","all_points_x":[297,291,365,532,541,546,512,503,385,376,375,343,306,298],"all_points_y":[466,498,520,509,481,445,437,444,434,429,445,455,459,460]},"region_attributes":{"oreo":"1"}},{"shape_attributes":{"name":"polygon","all_points_x":[187,186,183,183,186,272,277,318,324,354,327,290,297,255,238,237,216,192,186],"all_points_y":[451,475,497,517,538,540,541,523,520,520,511,500,460,454,448,443,446,448,447]},"region_attributes":{"oreo":"1"}},{"shape_attributes":{"name":"polygon","all_points_x":[554,551,550,551,553,554,621,661,664,713,714,717,729,775,628],"all_points_y":[60,76,95,115,119,145,169,148,148,188,183,172,131,130,44]},"region_attributes":{"oreo":"1"}},{"shape_attributes":{"name":"polygon","all_points_x":[580,604,596,634,603,539,494,492,496,499],"all_points_y":[166,184,193,297,296,272,257,254,193,169]},"region_attributes":{"oreo":"1"}},{"shape_attributes":{"name":"polygon","all_points_x":[639,662,702,705,747,711,710,664,661,621,597],"all_points_y":[307,374,420,420,368,190,187,149,149,170,194]},"region_attributes":{"oreo":"1"}},{"shape_attributes":{"name":"polygon","all_points_x":[780,814,818,820,819,815,758,730,713,730],"all_points_y":[131,134,136,140,218,225,276,275,193,132]},"region_attributes":{"oreo":"1"}},{"shape_attributes":{"name":"polygon","all_points_x":[785,796,807,843,856,859,857,756,759,816,821,822,819,815,784,777,773],"all_points_y":[104,99,98,99,101,104,229,356,277,226,218,139,135,132,130,130,126]},"region_attributes":{"oreo":"1"}},{"shape_attributes":{"name":"polygon","all_points_x":[866,869,942,944,900,895,881,859,861],"all_points_y":[103,100,102,225,194,195,201,228,108]},"region_attributes":{"oreo":"1"}},{"shape_attributes":{"name":"polygon","all_points_x":[586,583,560,556,554,571,593,636,641,647,647,642,594],"all_points_y":[418,421,614,656,679,686,687,686,687,616,425,420,417]},"region_attributes":{"oreo":"1"}},{"shape_attributes":{"name":"polygon","all_points_x":[973,987,1008,1044,1050,1051,1055,1054,1038,994,967,951,964,964,944,943,960,962,959,946,943],"all_points_y":[77,72,71,75,78,85,417,422,425,426,427,421,406,402,380,267,246,240,236,226,100]},"region_attributes":{"oreo":"1"}},{"shape_attributes":{"name":"polygon","all_points_x":[314,309,310,315,560,569,569,412,365,325,317],"all_points_y":[535,583,586,588,608,535,532,519,521,521,525]},"region_attributes":{"oreo":"1"}},{"shape_attributes":{"name":"polygon","all_points_x":[682,682,681,687,692,744,749,752,879,942,959,960,958,900,891,882,852],"all_points_y":[452,454,460,464,469,510,511,509,345,268,247,242,237,196,199,205,240]},"region_attributes":{"oreo":"1"}},{"shape_attributes":{"name":"polygon","all_points_x":[740,674,673,711,725,731,734,869,950,963,963,937,910,904,875,809,754,750,742],"all_points_y":[515,584,598,644,657,659,656,505,420,406,402,374,353,350,363,438,509,513,511]},"region_attributes":{"oreo":"1"}},{"shape_attributes":{"name":"polygon","all_points_x":[982,982,991,995,989,989,830,907,943],"all_points_y":[470,476,476,543,544,546,552,467,466]},"region_attributes":{"oreo":"1"}},{"shape_attributes":{"name":"polygon","all_points_x":[964,984,988,991,988,986,982,752,828],"all_points_y":[554,561,565,634,636,639,640,639,553]},"region_attributes":{"oreo":"1"}}],"file_attributes":{}},"16.png1516225":{"filename":"16.png","size":1516225,"regions":[{"shape_attributes":{"name":"polygon","all_points_x":[206,207,264,263,348,330,301],"all_points_y":[41,130,165,155,128,71,39]},"region_attributes":{"oreo":"1"}},{"shape_attributes":{"name":"polygon","all_points_x":[330,346,414,439,426,424,443,444,400,366,360,356,351],"all_points_y":[64,55,36,64,69,70,117,123,141,155,155,154,130]},"region_attributes":{"oreo":"1"}},{"shape_attributes":{"name":"polygon","all_points_x":[453,496,509,515,546,551,536,511,509,454,446,445,426],"all_points_y":[59,40,36,41,101,130,128,206,213,148,122,116,71]},"region_attributes":{"oreo":"1"}},{"shape_attributes":{"name":"polygon","all_points_x":[554,551,551,551,552,576,619,636,685,696,707,627],"all_points_y":[56,68,101,116,129,135,146,170,189,94,89,39]},"region_attributes":{"oreo":"1"}},{"shape_attributes":{"name":"polygon","all_points_x":[188,189,198,202,215,282,315,298,293,279,276,270],"all_points_y":[217,239,285,305,307,309,308,247,243,201,200,203]},"region_attributes":{"oreo":"1"}},{"shape_attributes":{"name":"polygon","all_points_x":[302,384,358,356,349,264,266,278,281,295,298],"all_points_y":[244,220,155,155,129,157,168,197,202,243,246]},"region_attributes":{"oreo":"1"}},{"shape_attributes":{"name":"polygon","all_points_x":[401,448,442,439,511,452,446,365,360,393],"all_points_y":[244,272,233,230,218,149,124,157,157,240]},"region_attributes":{"oreo":"1"}},{"shape_attributes":{"name":"polygon","all_points_x":[193,192,198,207,284,288,289,324,317,284],"all_points_y":[307,399,400,400,402,335,332,334,314,310]},"region_attributes":{"oreo":"1"}},{"shape_attributes":{"name":"polygon","all_points_x":[328,387,457,454,448,390,384,299,318,326],"all_points_y":[334,338,319,313,274,240,222,246,314,334]},"region_attributes":{"oreo":"1"}},{"shape_attributes":{"name":"polygon","all_points_x":[527,530,569,582,582,581,573,560,473,474,459,456,443,442,518],"all_points_y":[218,227,258,314,325,328,329,319,318,322,319,314,233,231,219]},"region_attributes":{"oreo":"1"}},{"shape_attributes":{"name":"polygon","all_points_x":[636,670,658,590,588,573,570,532,529,512,511,512,538,552,618],"all_points_y":[176,230,268,257,274,264,255,226,216,218,214,209,130,131,148]},"region_attributes":{"oreo":"1"}},{"shape_attributes":{"name":"polygon","all_points_x":[677,669,659,587,579,592],"all_points_y":[274,360,367,353,348,258]},"region_attributes":{"oreo":"1"}},{"shape_attributes":{"name":"polygon","all_points_x":[711,745,769,810,810,813,798,725,706,706,694,674,679,677,685,697,710],"all_points_y":[87,78,76,115,119,122,189,374,376,370,369,315,273,269,191,95,90]},"region_attributes":{"oreo":"1"}},{"shape_attributes":{"name":"polygon","all_points_x":[843,848,867,904,883,836,822,815,805,767,740,723,725,801,803],"all_points_y":[74,73,73,82,172,359,406,423,423,412,400,387,376,187,176]},"region_attributes":{"oreo":"1"}},{"shape_attributes":{"name":"polygon","all_points_x":[921,919,910,906,825,895,912,927,937,942,941,977,1025,1013,996],"all_points_y":[60,60,64,83,405,431,434,428,416,409,393,263,87,76,69]},"region_attributes":{"oreo":"1"}},{"shape_attributes":{"name":"polygon","all_points_x":[1033,1048,1053,1054,1055,1052,1032,993,963,946,947,1028,1015,1006],"all_points_y":[73,77,80,390,418,422,427,428,424,416,378,87,76,71]},"region_attributes":{"oreo":"1"}},{"shape_attributes":{"name":"polygon","all_points_x":[604,596,612,695,700,705,619],"all_points_y":[371,445,456,460,453,373,366]},"region_attributes":{"oreo":"1"}},{"shape_attributes":{"name":"polygon","all_points_x":[284,283,287,359,376,378,383,452,450,376,291,289,286],"all_points_y":[407,422,425,434,434,430,354,353,347,340,334,337,402]},"region_attributes":{"oreo":"1"}},{"shape_attributes":{"name":"polygon","all_points_x":[474,476,504,476,473,459,378,380,386],"all_points_y":[354,411,410,436,441,443,441,433,356]},"region_attributes":{"oreo":"1"}},{"shape_attributes":{"name":"polygon","all_points_x":[586,584,562,507,499,477,475,476,560,573,580,578,586],"all_points_y":[360,400,410,409,408,409,325,321,321,331,330,348,354]},"region_attributes":{"oreo":"1"}},{"shape_attributes":{"name":"polygon","all_points_x":[192,191,184,185,274,278,323,300,305,309,315,315,273],"all_points_y":[441,463,505,531,539,540,524,518,494,471,446,442,439]},"region_attributes":{"oreo":"1"}},{"shape_attributes":{"name":"polygon","all_points_x":[345,386,472,476,460,376,378,360,319,316,316,310,305,302],"all_points_y":[527,537,517,441,444,442,435,435,430,442,447,473,499,517]},"region_attributes":{"oreo":"1"}},{"shape_attributes":{"name":"polygon","all_points_x":[581,583,576,566,563,563,474,474,477,506,565],"all_points_y":[406,445,450,522,529,531,528,517,439,412,412]},"region_attributes":{"oreo":"1"}},{"shape_attributes":{"name":"polygon","all_points_x":[668,683,769,772,793,743,704,701,695,670],"all_points_y":[469,509,530,528,441,423,412,452,463,461]},"region_attributes":{"oreo":"1"}},{"shape_attributes":{"name":"polygon","all_points_x":[564,654,660,659,667,665,610,595,596,584,584,577],"all_points_y":[540,552,518,514,463,460,458,446,436,435,446,451]},"region_attributes":{"oreo":"1"}},{"shape_attributes":{"name":"polygon","all_points_x":[918,987,1103,1103,1103,1099,1007,952,915],"all_points_y":[451,454,477,509,538,566,559,535,491]},"region_attributes":{"oreo":"1"}},{"shape_attributes":{"name":"polygon","all_points_x":[831,886,949,907,906,882,849,829,789,789],"all_points_y":[459,462,535,571,575,595,560,549,503,494]},"region_attributes":{"oreo":"1"}},{"shape_attributes":{"name":"polygon","all_points_x":[1030,1068,1091,1029,1028,1025,949,903,909,909,951,1006,1028],"all_points_y":[568,607,632,691,691,693,636,580,575,571,536,562,564]},"region_attributes":{"oreo":"1"}},{"shape_attributes":{"name":"polygon","all_points_x":[296,293,298,452,453,456,454,422,384,330],"all_points_y":[542,610,610,616,612,546,532,530,539,526]},"region_attributes":{"oreo":"1"}},{"shape_attributes":{"name":"polygon","all_points_x":[568,540,536,505,475,453,458,457,466,471,472,561,562,570],"all_points_y":[544,624,625,623,624,620,546,530,521,521,529,533,541,541]},"region_attributes":{"oreo":"1"}},{"shape_attributes":{"name":"polygon","all_points_x":[601,597,597,601,624,688,692,695,690,667,659,655,603],"all_points_y":[549,579,670,670,669,666,663,661,570,531,531,554,547]},"region_attributes":{"oreo":"1"}},{"shape_attributes":{"name":"polygon","all_points_x":[773,814,814,776,772,694,693,673,684,739],"all_points_y":[534,566,571,647,648,604,571,537,511,524]},"region_attributes":{"oreo":"1"}},{"shape_attributes":{"name":"polygon","all_points_x":[857,850,788,816,816,774,791,815,830,849,882,914,919,912,896],"all_points_y":[693,691,627,571,565,531,516,535,552,562,597,626,630,639,658]},"region_attributes":{"oreo":"1"}}],"file_attributes":{}},"17.png1569421":{"filename":"17.png","size":1569421,"regions":[{"shape_attributes":{"name":"polygon","all_points_x":[209,207,207,205,316,319,320,301],"all_points_y":[39,39,43,127,198,195,60,39]},"region_attributes":{"oreo":"1"}},{"shape_attributes":{"name":"polygon","all_points_x":[321,314,324,337,380,415,419,423,421],"all_points_y":[12,413,419,424,425,420,413,25,21]},"region_attributes":{"oreo":"1"}},{"shape_attributes":{"name":"polygon","all_points_x":[197,195,199,200,205,205,287,315,316,290,287,284],"all_points_y":[214,238,251,278,292,303,305,310,216,202,201,204]},"region_attributes":{"oreo":"1"}},{"shape_attributes":{"name":"polygon","all_points_x":[196,196,285,296,314,314,285],"all_points_y":[305,395,398,396,395,312,307]},"region_attributes":{"oreo":"1"}},{"shape_attributes":{"name":"polygon","all_points_x":[191,190,184,186,187,274,281,336,343,341,329,327,288],"all_points_y":[442,463,500,518,531,539,540,514,508,505,437,428,428]},"region_attributes":{"oreo":"1"}},{"shape_attributes":{"name":"polygon","all_points_x":[434,552,560,575,612,615,615,613,612,491,439,423,424],"all_points_y":[105,57,58,62,78,84,149,151,157,189,203,203,108]},"region_attributes":{"oreo":"1"}},{"shape_attributes":{"name":"polygon","all_points_x":[667,670,690,714,702,645,627,518,496,614,615,617,616,613],"all_points_y":[55,55,60,69,68,152,177,200,192,159,151,147,84,76]},"region_attributes":{"oreo":"1"}},{"shape_attributes":{"name":"polygon","all_points_x":[482,451,459,465,513,524,574,544,520,492],"all_points_y":[194,233,462,464,481,483,441,216,202,192]},"region_attributes":{"oreo":"1"}},{"shape_attributes":{"name":"polygon","all_points_x":[777,791,794,807,801,776,735,723,649,581,577,562,558,661,703],"all_points_y":[77,100,117,146,154,146,144,146,251,347,347,309,286,131,69]},"region_attributes":{"oreo":"1"}},{"shape_attributes":{"name":"polygon","all_points_x":[807,829,831,831,712,663,602,581,724,737,776,805],"all_points_y":[161,220,227,232,358,410,414,347,148,146,148,157]},"region_attributes":{"oreo":"1"}},{"shape_attributes":{"name":"polygon","all_points_x":[892,979,985,988,981,910,893,889,871,869,872],"all_points_y":[58,60,61,434,439,438,238,145,142,126,83]},"region_attributes":{"oreo":"1"}},{"shape_attributes":{"name":"polygon","all_points_x":[1035,1058,1105,1134,1135,1130,1127,1104,1075,1029,1018,1000,1005],"all_points_y":[56,48,48,55,137,469,476,482,482,474,469,463,84]},"region_attributes":{"oreo":"1"}},{"shape_attributes":{"name":"polygon","all_points_x":[910,916,908,895,798,796,787,834,834,809,804,810,810,886,892],"all_points_y":[442,513,526,533,527,519,282,233,223,156,154,147,142,147,249]},"region_attributes":{"oreo":"1"}},{"shape_attributes":{"name":"polygon","all_points_x":[1102,1104,1102,1009,959,953,915,915,977,997,1020,1029,1077,1102],"all_points_y":[487,528,565,562,538,481,466,451,460,466,472,477,485,484]},"region_attributes":{"oreo":"1"}},{"shape_attributes":{"name":"polygon","all_points_x":[729,729,749,781,793,785,728],"all_points_y":[389,449,454,454,453,283,344]},"region_attributes":{"oreo":"1"}},{"shape_attributes":{"name":"polygon","all_points_x":[356,388,428,434,456,451,451,423,422,416,380,341,330,343],"all_points_y":[508,507,504,498,391,295,285,290,412,422,428,427,426,504]},"region_attributes":{"oreo":"1"}},{"shape_attributes":{"name":"polygon","all_points_x":[339,337,343,391,431,488,488,457,455,437,431,358,347],"all_points_y":[521,549,585,596,596,477,474,466,404,499,506,511,510]},"region_attributes":{"oreo":"1"}},{"shape_attributes":{"name":"polygon","all_points_x":[344,333,333,335,342,344,368,431,436,464,507,507,490,432,387,354],"all_points_y":[602,619,630,644,669,692,694,694,694,612,501,484,477,598,598,591]},"region_attributes":{"oreo":"1"}},{"shape_attributes":{"name":"polygon","all_points_x":[545,538,520,529,536,559,620,647,647,600,591,582,573,576,553],"all_points_y":[482,504,551,632,635,639,632,462,414,416,386,387,413,441,461]},"region_attributes":{"oreo":"1"}},{"shape_attributes":{"name":"polygon","all_points_x":[666,672,672,675,672,667,661,577,578,623,638],"all_points_y":[533,615,635,666,702,703,705,704,640,634,533]},"region_attributes":{"oreo":"1"}},{"shape_attributes":{"name":"polygon","all_points_x":[681,681,773,778,754,727,673,669,677],"all_points_y":[651,650,659,569,564,531,525,536,647]},"region_attributes":{"oreo":"1"}},{"shape_attributes":{"name":"polygon","all_points_x":[793,847,855,924,864,846,842,838,782,780],"all_points_y":[623,692,696,642,569,553,580,580,570,606]},"region_attributes":{"oreo":"1"}},{"shape_attributes":{"name":"polygon","all_points_x":[892,953,972,1019,1026,1085,1089,1023,1006,959,962],"all_points_y":[576,628,647,692,691,632,630,565,565,542,574]},"region_attributes":{"oreo":"1"}},{"shape_attributes":{"name":"polygon","all_points_x":[675,656,729,740,728,725,679],"all_points_y":[409,515,530,454,450,347,398]},"region_attributes":{"oreo":"1"}},{"shape_attributes":{"name":"polygon","all_points_x":[742,731,754,840,850,799,793,791,791,789,752],"all_points_y":[456,533,562,578,532,530,519,467,460,456,457]},"region_attributes":{"oreo":"1"}},{"shape_attributes":{"name":"polygon","all_points_x":[914,917,910,897,861,857,858,872,960,952],"all_points_y":[468,514,528,535,534,547,562,575,572,482]},"region_attributes":{"oreo":"1"}}],"file_attributes":{}},"18.png1527099":{"filename":"18.png","size":1527099,"regions":[{"shape_attributes":{"name":"polygon","all_points_x":[196,200,207,229,242,291,565,583,583,570,557,526,516],"all_points_y":[253,270,285,321,334,335,170,158,150,115,97,61,58]},"region_attributes":{"oreo":"1"}},{"shape_attributes":{"name":"polygon","all_points_x":[497,507,745,761,799,812,817,825,560,493],"all_points_y":[239,282,485,477,455,439,428,361,177,217]},"region_attributes":{"oreo":"1"}},{"shape_attributes":{"name":"polygon","all_points_x":[707,777,784,795,802,810,807,778,774,728,703,699,661,657,611,696],"all_points_y":[69,74,80,103,120,144,151,182,181,173,180,181,236,241,209,80]},"region_attributes":{"oreo":"1"}},{"shape_attributes":{"name":"polygon","all_points_x":[783,804,807,809,812,756,658,668,702,728,781],"all_points_y":[188,239,246,250,255,313,241,232,182,174,183]},"region_attributes":{"oreo":"1"}},{"shape_attributes":{"name":"polygon","all_points_x":[813,826,869,897,907,912,914,908,898,807,799,796,797,803,818,820,828,796,796,814,795,796,811,812,806],"all_points_y":[121,120,120,126,342,474,495,507,512,507,505,502,458,456,434,427,360,337,273,254,212,164,150,143,120]},"region_attributes":{"oreo":"1"}},{"shape_attributes":{"name":"polygon","all_points_x":[929,981,999,994,983,977,969,912,899,872,866,866,908],"all_points_y":[57,60,63,160,351,436,439,437,123,118,115,107,58]},"region_attributes":{"oreo":"1"}},{"shape_attributes":{"name":"polygon","all_points_x":[1035,1035,1007,999,1023,1053,1098,1113,1130,1134,1123,1072],"all_points_y":[53,54,83,461,470,477,480,480,472,53,47,45]},"region_attributes":{"oreo":"1"}},{"shape_attributes":{"name":"polygon","all_points_x":[361,361,369,384,389,729,732,727,684,385],"all_points_y":[478,486,566,574,574,517,511,472,435,472]},"region_attributes":{"oreo":"1"}},{"shape_attributes":{"name":"polygon","all_points_x":[230,210,212,215,236,244,312,315,316,302,302,320,324,295,239,235],"all_points_y":[337,380,393,407,442,442,439,438,434,358,353,328,320,337,336,330]},"region_attributes":{"oreo":"1"}},{"shape_attributes":{"name":"polygon","all_points_x":[234,212,218,241,259,312,321,337,337,320,315,235],"all_points_y":[453,497,514,556,557,556,553,518,512,437,442,445]},"region_attributes":{"oreo":"1"}},{"shape_attributes":{"name":"polygon","all_points_x":[241,206,212,218,229,313,318,354,338,323,312,242],"all_points_y":[564,618,627,667,693,684,685,588,520,556,559,559]},"region_attributes":{"oreo":"1"}},{"shape_attributes":{"name":"polygon","all_points_x":[407,393,358,326,305,305,341,345,358,366,429,439,447,444,441,387,366,358,385,418,426,410],"all_points_y":[320,314,314,323,353,360,520,536,594,640,642,642,614,607,569,579,568,477,470,466,464,322]},"region_attributes":{"oreo":"1"}},{"shape_attributes":{"name":"polygon","all_points_x":[417,434,500,506,510,518,428],"all_points_y":[267,258,255,287,291,453,464]},"region_attributes":{"oreo":"1"}},{"shape_attributes":{"name":"polygon","all_points_x":[512,521,615,607],"all_points_y":[291,453,441,369]},"region_attributes":{"oreo":"1"}},{"shape_attributes":{"name":"polygon","all_points_x":[677,677,670,692,700,781,784,794,737,685],"all_points_y":[533,534,584,639,641,656,656,566,531,527]},"region_attributes":{"oreo":"1"}},{"shape_attributes":{"name":"polygon","all_points_x":[803,889,880,807,794,794,790,769,752,746,769,796,796],"all_points_y":[580,566,514,510,505,480,476,477,485,524,545,563,576]},"region_attributes":{"oreo":"1"}},{"shape_attributes":{"name":"polygon","all_points_x":[917,1014,1104,1104,1102,1053,1023,995,993,915,918,911],"all_points_y":[517,565,564,527,483,480,473,463,450,447,495,512]},"region_attributes":{"oreo":"1"}},{"shape_attributes":{"name":"polygon","all_points_x":[1046,1068,1088,1028,1025,1020,942,880,891,887,914,1013,1026],"all_points_y":[588,610,630,693,692,693,628,571,569,542,518,568,568]},"region_attributes":{"oreo":"1"}}],"file_attributes":{}},"19.png1615813":{"filename":"19.png","size":1615813,"regions":[{"shape_attributes":{"name":"polygon","all_points_x":[90,88,80,64,36,70,357,411,396],"all_points_y":[348,348,353,372,445,483,542,461,445]},"region_attributes":{"oreo":"1"}},{"shape_attributes":{"name":"polygon","all_points_x":[364,405,765,771,780,804,791,775,413,359],"all_points_y":[545,594,676,677,666,581,536,510,461,542]},"region_attributes":{"oreo":"1"}},{"shape_attributes":{"name":"polygon","all_points_x":[387,356,285,288,295,407,663,664,660,404],"all_points_y":[574,568,603,641,686,717,718,676,654,595]},"region_attributes":{"oreo":"1"}},{"shape_attributes":{"name":"polygon","all_points_x":[836,835,961,973,970,958,945,939,935,821,820,796,806,822],"all_points_y":[515,515,553,615,634,664,685,688,691,645,626,617,584,561]},"region_attributes":{"oreo":"1"}},{"shape_attributes":{"name":"polygon","all_points_x":[286,285,276,261,185,282,296,342,272],"all_points_y":[74,74,72,101,376,407,385,164,146]},"region_attributes":{"oreo":"1"}},{"shape_attributes":{"name":"polygon","all_points_x":[331,288,274,359,489,490,500,334],"all_points_y":[4,68,145,167,67,58,1,2]},"region_attributes":{"oreo":"1"}},{"shape_attributes":{"name":"polygon","all_points_x":[389,405,426,484,489,730,526,495,490,437],"all_points_y":[169,219,239,271,273,1,2,41,72,112]},"region_attributes":{"oreo":"1"}},{"shape_attributes":{"name":"polygon","all_points_x":[587,687,691,674,639,562,559,501,564,586],"all_points_y":[170,301,310,341,383,372,366,264,193,167]},"region_attributes":{"oreo":"1"}},{"shape_attributes":{"name":"polygon","all_points_x":[361,305,296,383,407,425,418,437,453,424,402,387,422],"all_points_y":[172,354,388,420,404,388,364,338,255,239,218,171,126]},"region_attributes":{"oreo":"1"}},{"shape_attributes":{"name":"polygon","all_points_x":[708,778,785,806,813,816,780,778,715,701,664,651,616],"all_points_y":[60,68,73,110,131,138,175,171,168,170,234,250,202]},"region_attributes":{"oreo":"1"}},{"shape_attributes":{"name":"polygon","all_points_x":[789,812,813,783,720,661,653,668,704,715,779],"all_points_y":[190,239,245,281,272,266,251,235,172,170,175]},"region_attributes":{"oreo":"1"}},{"shape_attributes":{"name":"polygon","all_points_x":[918,888,883,905,913,938,946,939,1005,1028,1016],"all_points_y":[65,93,294,297,375,378,461,478,480,476,64]},"region_attributes":{"oreo":"1"}},{"shape_attributes":{"name":"polygon","all_points_x":[1037,1133,1135,1135,1118,1082,1042,1031,1020],"all_points_y":[57,54,310,472,480,479,476,473,66]},"region_attributes":{"oreo":"1"}},{"shape_attributes":{"name":"polygon","all_points_x":[728,848,896,912,913,904,783,709,665,693,690,676,648],"all_points_y":[413,444,423,397,376,299,282,273,269,305,318,343,378]},"region_attributes":{"oreo":"1"}},{"shape_attributes":{"name":"polygon","all_points_x":[1012,1109,1104,1102,1042,1034,1016,1007,941,919,933],"all_points_y":[565,565,509,483,480,476,482,482,481,509,540]},"region_attributes":{"oreo":"1"}},{"shape_attributes":{"name":"polygon","all_points_x":[1033,1070,1086,1026,1020,969,977,964,1013,1027],"all_points_y":[577,609,629,694,694,644,614,554,568,569]},"region_attributes":{"oreo":"1"}},{"shape_attributes":{"name":"polygon","all_points_x":[436,567,776,794,805,820,837,846,734,646,641,562,531,475,441,422],"all_points_y":[426,479,508,537,579,558,503,464,417,380,386,376,330,305,336,364]},"region_attributes":{"oreo":"1"}}],"file_attributes":{}},"20.png1689278":{"filename":"20.png","size":1689278,"regions":[{"shape_attributes":{"name":"polygon","all_points_x":[275,294,298,328,336,365,392,421,439,418,393,391,382,343,310,287,239],"all_points_y":[390,545,554,575,579,579,573,560,549,336,115,94,91,84,83,87,111]},"region_attributes":{"oreo":"1"}},{"shape_attributes":{"name":"polygon","all_points_x":[231,154,95,88,64,35,50,74,289,272],"all_points_y":[374,347,324,332,359,416,437,464,524,388]},"region_attributes":{"oreo":"1"}},{"shape_attributes":{"name":"polygon","all_points_x":[432,444,731,733,511,470,454,397,414],"all_points_y":[294,296,10,2,1,51,86,136,288]},"region_attributes":{"oreo":"1"}},{"shape_attributes":{"name":"polygon","all_points_x":[681,682,691,704,790,797,976,965,881],"all_points_y":[192,218,252,293,293,288,167,84,103]},"region_attributes":{"oreo":"1"}},{"shape_attributes":{"name":"polygon","all_points_x":[477,602,612,650,674,678,716,680,680,696,704,718,635,616,574,480],"all_points_y":[582,169,157,140,138,140,175,190,220,277,293,293,628,633,626,591]},"region_attributes":{"oreo":"1"}},{"shape_attributes":{"name":"polygon","all_points_x":[959,966,962,708,674,652,614,599,557,554,734,736],"all_points_y":[3,33,38,166,134,137,153,170,194,190,12,2]},"region_attributes":{"oreo":"1"}},{"shape_attributes":{"name":"polygon","all_points_x":[286,287,416,662,667,659,405,381,369,335,321],"all_points_y":[601,688,719,716,686,645,610,579,582,582,575]},"region_attributes":{"oreo":"1"}},{"shape_attributes":{"name":"polygon","all_points_x":[716,772,785,788,952,1019,1028,1064,1137,1145,1025,719],"all_points_y":[688,662,660,651,573,559,540,530,558,649,719,719]},"region_attributes":{"oreo":"1"}},{"shape_attributes":{"name":"polygon","all_points_x":[977,983,1007,1037,1056,1060,1047,1026,1009,977],"all_points_y":[77,76,72,74,80,419,428,429,428,358]},"region_attributes":{"oreo":"1"}},{"shape_attributes":{"name":"polygon","all_points_x":[904,946,1019,1030,1008,970,915,837,822,833,845,872,868],"all_points_y":[573,572,558,492,430,352,209,265,276,320,350,356,456]},"region_attributes":{"oreo":"1"}},{"shape_attributes":{"name":"polygon","all_points_x":[784,798,808,806,784,666,663,620,641,673],"all_points_y":[499,524,551,590,658,655,641,635,627,489]},"region_attributes":{"oreo":"1"}},{"shape_attributes":{"name":"polygon","all_points_x":[719,840,869,865,837,781,684],"all_points_y":[310,349,359,464,475,492,436]},"region_attributes":{"oreo":"1"}},{"shape_attributes":{"name":"polygon","all_points_x":[311,346,491,451,398,393,350,312,297],"all_points_y":[61,1,1,84,133,91,82,81,82]},"region_attributes":{"oreo":"1"}}],"file_attributes":{}}},"_via_attributes":{"region":{"oreo":{"type":"radio","description":"","options":{"1":"oreo"},"default_options":{"1":true}}},"file":{}},"_via_data_format_version":"2.0.10","_via_image_id_list":["11.png1524679","12.png1502604","13.png1537674","14.png1500306","15.png1544901","16.png1516225","17.png1569421","18.png1527099","19.png1615813","20.png1689278"]}