{"_via_settings":{"ui":{"annotation_editor_height":25,"annotation_editor_fontsize":0.8,"leftsidebar_width":18,"image_grid":{"img_height":80,"rshape_fill":"none","rshape_fill_opacity":0.3,"rshape_stroke":"yellow","rshape_stroke_width":2,"show_region_shape":true,"show_image_policy":"all"},"image":{"region_label":"__via_region_id__","region_color":"__via_default_region_color__","region_label_font":"10px Sans","on_image_annotation_editor_placement":"NEAR_REGION"}},"core":{"buffer_size":18,"filepath":{},"default_filepath":""},"project":{"name":"201120_office_equipment"}},"_via_img_metadata":{},"_via_attributes":{"region":{"office_equipment":{"type":"radio","description":"","options":{"1":"cup_glass","2":"cup_plastic_b","3":"cup_plastic_s","4":"toothbrush","5":"pen_blue","6":"glue_stick","7":"correctionpen","8":"marker","9":"listerine","10":"soap","11":"cosmetics_glass","12":"cosmetics_gel","13":"cosmetics_cream","14":"cosmetics_moisture"},"default_options":{}}},"file":{}},"_via_data_format_version":"2.0.10","_via_image_id_list":[]}