{"_via_settings":{"ui":{"annotation_editor_height":25,"annotation_editor_fontsize":0.8,"leftsidebar_width":18,"image_grid":{"img_height":80,"rshape_fill":"none","rshape_fill_opacity":0.3,"rshape_stroke":"yellow","rshape_stroke_width":2,"show_region_shape":true,"show_image_policy":"all"},"image":{"region_label":"__via_region_id__","region_color":"__via_default_region_color__","region_label_font":"10px Sans","on_image_annotation_editor_placement":"NEAR_REGION"}},"core":{"buffer_size":18,"filepath":{},"default_filepath":""},"project":{"name":"201202_pepero_11to20"}},"_via_img_metadata":{"11.png1610826":{"filename":"11.png","size":1610826,"regions":[{"shape_attributes":{"name":"polygon","all_points_x":[131,151,177,248,248,182,179,174,156,141,136,130],"all_points_y":[335,338,337,342,330,322,9,7,6,5,8,11]},"region_attributes":{"pepero":"1"}},{"shape_attributes":{"name":"polygon","all_points_x":[233,232,247,182,182,183,180],"all_points_y":[2,322,331,322,4,3,2]},"region_attributes":{"pepero":"1"}},{"shape_attributes":{"name":"polygon","all_points_x":[282,282,292,249,234,236],"all_points_y":[3,317,331,331,319,2]},"region_attributes":{"pepero":"1"}},{"shape_attributes":{"name":"polygon","all_points_x":[332,339,377,377,330,286,286],"all_points_y":[2,2,46,324,328,319,3]},"region_attributes":{"pepero":"1"}},{"shape_attributes":{"name":"polygon","all_points_x":[382,391,405,422,447,446,420,415,400,386,377,380],"all_points_y":[351,354,355,352,352,342,338,80,77,76,76,265]},"region_attributes":{"pepero":"1"}},{"shape_attributes":{"name":"polygon","all_points_x":[414,420,452,454,460,460,447,421],"all_points_y":[63,62,63,65,338,343,344,338]},"region_attributes":{"pepero":"1"}},{"shape_attributes":{"name":"polygon","all_points_x":[477,482,484,488,503,522,524,521,546,546,521,478],"all_points_y":[33,33,31,30,29,32,34,320,327,345,348,345]},"region_attributes":{"pepero":"1"}},{"shape_attributes":{"name":"polygon","all_points_x":[531,535,539,557,578,567,586,549,524],"all_points_y":[9,8,7,6,9,319,327,327,321]},"region_attributes":{"pepero":"1"}},{"shape_attributes":{"name":"polygon","all_points_x":[583,587,591,612,631,635,625,600,577],"all_points_y":[5,6,4,4,7,64,324,328,318]},"region_attributes":{"pepero":"1"}},{"shape_attributes":{"name":"polygon","all_points_x":[647,652,655,677,685,687,673,667,651],"all_points_y":[67,67,66,66,67,329,332,331,331]},"region_attributes":{"pepero":"1"}},{"shape_attributes":{"name":"polygon","all_points_x":[687,691,695,720,727,728,715,688],"all_points_y":[62,59,58,58,61,324,324,324]},"region_attributes":{"pepero":"1"}},{"shape_attributes":{"name":"polygon","all_points_x":[767,778,771,754,739,729],"all_points_y":[67,330,332,334,332,68]},"region_attributes":{"pepero":"1"}},{"shape_attributes":{"name":"polygon","all_points_x":[867,869,778,773],"all_points_y":[122,331,329,126]},"region_attributes":{"pepero":"1"}},{"shape_attributes":{"name":"polygon","all_points_x":[916,924,939,949,931,902,873,884,892],"all_points_y":[101,98,98,102,330,335,333,131,121]},"region_attributes":{"pepero":"1"}},{"shape_attributes":{"name":"polygon","all_points_x":[980,975,961,949,940,911,911,932,949],"all_points_y":[130,357,361,360,357,357,335,329,128]},"region_attributes":{"pepero":"1"}},{"shape_attributes":{"name":"polygon","all_points_x":[982,1012,1015,1014,1003,979],"all_points_y":[117,116,119,344,347,346]},"region_attributes":{"pepero":"1"}},{"shape_attributes":{"name":"polygon","all_points_x":[927,935,1077,1086,1091,943,933],"all_points_y":[406,405,403,409,677,679,667]},"region_attributes":{"pepero":"1"}},{"shape_attributes":{"name":"polygon","all_points_x":[776,778,782,912,925,789],"all_points_y":[409,405,406,403,654,655]},"region_attributes":{"pepero":"1"}},{"shape_attributes":{"name":"polygon","all_points_x":[636,765,785,650],"all_points_y":[396,389,637,644]},"region_attributes":{"pepero":"1"}},{"shape_attributes":{"name":"polygon","all_points_x":[540,642,642,636,647,542],"all_points_y":[389,387,394,397,593,595]},"region_attributes":{"pepero":"1"}},{"shape_attributes":{"name":"polygon","all_points_x":[468,497,517,543,527,496],"all_points_y":[574,575,557,360,355,352]},"region_attributes":{"pepero":"1"}},{"shape_attributes":{"name":"polygon","all_points_x":[425,458,467,495,479,462,451,447],"all_points_y":[577,581,570,357,357,352,352,353]},"region_attributes":{"pepero":"1"}},{"shape_attributes":{"name":"polygon","all_points_x":[367,402,432,429,422,435,418,398,369],"all_points_y":[630,630,608,578,578,399,397,397,401]},"region_attributes":{"pepero":"1"}},{"shape_attributes":{"name":"polygon","all_points_x":[263,301,359,362,287,272,267],"all_points_y":[647,649,613,383,382,382,384]},"region_attributes":{"pepero":"1"}},{"shape_attributes":{"name":"polygon","all_points_x":[227,222,258,282,261,265,245],"all_points_y":[397,659,661,648,646,397,397]},"region_attributes":{"pepero":"1"}}],"file_attributes":{}},"12.png1357348":{"filename":"12.png","size":1357348,"regions":[{"shape_attributes":{"name":"polygon","all_points_x":[305,379,479,454,448,316,297],"all_points_y":[222,233,228,211,114,83,92]},"region_attributes":{"pepero":"1"}},{"shape_attributes":{"name":"polygon","all_points_x":[256,262,304,297,308,275],"all_points_y":[86,218,222,93,87,82]},"region_attributes":{"pepero":"1"}},{"shape_attributes":{"name":"polygon","all_points_x":[447,455,481,489,524,530,527,482],"all_points_y":[74,208,227,226,227,226,132,71]},"region_attributes":{"pepero":"1"}},{"shape_attributes":{"name":"polygon","all_points_x":[615,528,529,553,564,563,602,602,652,646,616],"all_points_y":[74,132,226,225,228,206,207,211,207,76,71]},"region_attributes":{"pepero":"1"}},{"shape_attributes":{"name":"polygon","all_points_x":[660,692,695,667,654,648],"all_points_y":[74,78,210,207,207,80]},"region_attributes":{"pepero":"1"}},{"shape_attributes":{"name":"polygon","all_points_x":[737,739,695,694,711],"all_points_y":[78,211,211,82,73]},"region_attributes":{"pepero":"1"}},{"shape_attributes":{"name":"polygon","all_points_x":[755,785,786,741,740],"all_points_y":[75,79,209,212,82]},"region_attributes":{"pepero":"1"}},{"shape_attributes":{"name":"polygon","all_points_x":[798,828,830,787,786],"all_points_y":[78,82,211,212,83]},"region_attributes":{"pepero":"1"}},{"shape_attributes":{"name":"polygon","all_points_x":[839,875,876,831,829],"all_points_y":[72,72,209,212,82]},"region_attributes":{"pepero":"1"}},{"shape_attributes":{"name":"polygon","all_points_x":[878,914,912,877],"all_points_y":[67,68,204,205]},"region_attributes":{"pepero":"1"}},{"shape_attributes":{"name":"polygon","all_points_x":[918,955,952,916],"all_points_y":[65,67,205,205]},"region_attributes":{"pepero":"1"}},{"shape_attributes":{"name":"polygon","all_points_x":[992,991,955,957],"all_points_y":[67,205,207,67]},"region_attributes":{"pepero":"1"}},{"shape_attributes":{"name":"polygon","all_points_x":[1032,1029,994,997],"all_points_y":[67,203,202,67]},"region_attributes":{"pepero":"1"}},{"shape_attributes":{"name":"polygon","all_points_x":[1067,1067,1033,1035],"all_points_y":[67,203,203,67]},"region_attributes":{"pepero":"1"}},{"shape_attributes":{"name":"polygon","all_points_x":[507,512,492,334,330],"all_points_y":[352,232,227,236,343]},"region_attributes":{"pepero":"1"}},{"shape_attributes":{"name":"polygon","all_points_x":[562,600,601,563],"all_points_y":[341,342,208,207]},"region_attributes":{"pepero":"1"}},{"shape_attributes":{"name":"polygon","all_points_x":[637,639,602,602],"all_points_y":[342,209,211,343]},"region_attributes":{"pepero":"1"}},{"shape_attributes":{"name":"polygon","all_points_x":[641,675,677,640],"all_points_y":[344,342,211,208]},"region_attributes":{"pepero":"1"}},{"shape_attributes":{"name":"polygon","all_points_x":[679,714,717,681],"all_points_y":[362,361,227,228]},"region_attributes":{"pepero":"1"}},{"shape_attributes":{"name":"polygon","all_points_x":[718,754,756,718],"all_points_y":[347,349,214,213]},"region_attributes":{"pepero":"1"}},{"shape_attributes":{"name":"polygon","all_points_x":[790,793,758,755],"all_points_y":[346,213,213,347]},"region_attributes":{"pepero":"1"}},{"shape_attributes":{"name":"polygon","all_points_x":[829,830,794,792],"all_points_y":[346,212,213,346]},"region_attributes":{"pepero":"1"}},{"shape_attributes":{"name":"polygon","all_points_x":[866,868,829,830],"all_points_y":[349,212,212,347]},"region_attributes":{"pepero":"1"}},{"shape_attributes":{"name":"polygon","all_points_x":[906,907,867,869],"all_points_y":[345,209,211,347]},"region_attributes":{"pepero":"1"}},{"shape_attributes":{"name":"polygon","all_points_x":[947,947,907,907],"all_points_y":[345,207,207,346]},"region_attributes":{"pepero":"1"}},{"shape_attributes":{"name":"polygon","all_points_x":[987,986,947,948],"all_points_y":[345,207,207,346]},"region_attributes":{"pepero":"1"}},{"shape_attributes":{"name":"polygon","all_points_x":[1027,1027,987,989],"all_points_y":[342,207,207,344]},"region_attributes":{"pepero":"1"}},{"shape_attributes":{"name":"polygon","all_points_x":[1067,1066,1027,1030,1043],"all_points_y":[344,205,205,342,342]},"region_attributes":{"pepero":"1"}},{"shape_attributes":{"name":"polygon","all_points_x":[582,597,634,620],"all_points_y":[362,497,492,356]},"region_attributes":{"pepero":"1"}},{"shape_attributes":{"name":"polygon","all_points_x":[628,635,667,665],"all_points_y":[356,487,489,354]},"region_attributes":{"pepero":"1"}},{"shape_attributes":{"name":"polygon","all_points_x":[675,685,718,712],"all_points_y":[366,500,497,365]},"region_attributes":{"pepero":"1"}},{"shape_attributes":{"name":"polygon","all_points_x":[717,720,756,752],"all_points_y":[353,487,487,352]},"region_attributes":{"pepero":"1"}},{"shape_attributes":{"name":"polygon","all_points_x":[769,792,801,1067,1042,1022],"all_points_y":[384,521,525,487,345,344]},"region_attributes":{"pepero":"1"}},{"shape_attributes":{"name":"polygon","all_points_x":[337,522,526,540,523,317],"all_points_y":[549,511,501,491,397,440]},"region_attributes":{"pepero":"1"}},{"shape_attributes":{"name":"polygon","all_points_x":[576,717,736,677,669,635,595,595,540,525,523],"all_points_y":[598,615,590,487,491,492,498,490,492,504,512]},"region_attributes":{"pepero":"1"}},{"shape_attributes":{"name":"polygon","all_points_x":[797,831,825,800,791,788,719,718,708,709,737,724],"all_points_y":[647,644,524,525,520,507,494,498,501,541,591,608]},"region_attributes":{"pepero":"1"}},{"shape_attributes":{"name":"polygon","all_points_x":[837,874,864,824,832],"all_points_y":[647,642,517,522,643]},"region_attributes":{"pepero":"1"}},{"shape_attributes":{"name":"polygon","all_points_x":[882,913,905,864,875],"all_points_y":[642,638,512,517,637]},"region_attributes":{"pepero":"1"}},{"shape_attributes":{"name":"polygon","all_points_x":[920,955,946,905,915],"all_points_y":[638,633,506,511,634]},"region_attributes":{"pepero":"1"}},{"shape_attributes":{"name":"polygon","all_points_x":[962,995,987,947,957],"all_points_y":[635,633,501,507,634]},"region_attributes":{"pepero":"1"}},{"shape_attributes":{"name":"polygon","all_points_x":[1002,1037,1027,990,997,989],"all_points_y":[642,637,502,502,633,635]},"region_attributes":{"pepero":"1"}},{"shape_attributes":{"name":"polygon","all_points_x":[1039,1077,1067,1032,1002,1029],"all_points_y":[627,626,487,494,501,502]},"region_attributes":{"pepero":"1"}}],"file_attributes":{}},"13.png1560225":{"filename":"13.png","size":1560225,"regions":[{"shape_attributes":{"name":"polygon","all_points_x":[221,443,466,488,536,533,293],"all_points_y":[231,342,312,327,242,233,98]},"region_attributes":{"pepero":"1"}},{"shape_attributes":{"name":"polygon","all_points_x":[551,682,736,633,610],"all_points_y":[188,260,138,60,57]},"region_attributes":{"pepero":"1"}},{"shape_attributes":{"name":"polygon","all_points_x":[762,772,785,862,792,777,664],"all_points_y":[83,82,82,142,292,279,297]},"region_attributes":{"pepero":"1"}},{"shape_attributes":{"name":"polygon","all_points_x":[1051,1060,1063,1059,1059,817,817,865,851],"all_points_y":[106,110,113,244,248,257,242,141,132]},"region_attributes":{"pepero":"1"}},{"shape_attributes":{"name":"polygon","all_points_x":[872,861,737,696,647,627,615,777],"all_points_y":[357,392,395,336,372,332,307,280]},"region_attributes":{"pepero":"1"}},{"shape_attributes":{"name":"polygon","all_points_x":[882,982,985,848,815,862,873,797],"all_points_y":[263,367,397,442,395,392,357,296]},"region_attributes":{"pepero":"1"}},{"shape_attributes":{"name":"polygon","all_points_x":[1082,1093,987,947,932,927,941,930,919,919,941],"all_points_y":[408,682,685,637,622,498,491,457,444,419,412]},"region_attributes":{"pepero":"1"}},{"shape_attributes":{"name":"polygon","all_points_x":[797,940,928,898,848,814,739,786,761,753],"all_points_y":[547,490,457,427,443,394,397,462,482,487]},"region_attributes":{"pepero":"1"}},{"shape_attributes":{"name":"polygon","all_points_x":[702,752,786,696,648],"all_points_y":[490,487,462,337,373]},"region_attributes":{"pepero":"1"}},{"shape_attributes":{"name":"polygon","all_points_x":[564,616,708,633,551,553,534],"all_points_y":[277,307,503,482,322,298,293]},"region_attributes":{"pepero":"1"}},{"shape_attributes":{"name":"polygon","all_points_x":[432,467,550,552,517,423],"all_points_y":[575,585,386,299,291,508]},"region_attributes":{"pepero":"1"}},{"shape_attributes":{"name":"polygon","all_points_x":[348,426,499,466,403,305],"all_points_y":[597,502,332,314,399,578]},"region_attributes":{"pepero":"1"}},{"shape_attributes":{"name":"polygon","all_points_x":[227,236,265,264,257,263,260,222],"all_points_y":[397,396,399,473,482,497,662,660]},"region_attributes":{"pepero":"1"}},{"shape_attributes":{"name":"polygon","all_points_x":[505,523,472,466,431,422,350,316,404,419],"all_points_y":[672,652,578,587,575,509,597,585,718,718]},"region_attributes":{"pepero":"1"}},{"shape_attributes":{"name":"polygon","all_points_x":[578,649,658,616,564,564,566,550,547],"all_points_y":[507,559,718,720,657,525,518,517,515]},"region_attributes":{"pepero":"1"}},{"shape_attributes":{"name":"polygon","all_points_x":[704,723,687,682,658,649,584,617],"all_points_y":[533,702,712,712,693,560,510,502]},"region_attributes":{"pepero":"1"}},{"shape_attributes":{"name":"polygon","all_points_x":[722,728,771,749,656,625,627,704],"all_points_y":[687,691,681,511,490,496,506,535]},"region_attributes":{"pepero":"1"}},{"shape_attributes":{"name":"polygon","all_points_x":[883,924,923,764,749,729,727,754,798],"all_points_y":[514,582,618,621,512,505,490,489,547]},"region_attributes":{"pepero":"1"}},{"shape_attributes":{"name":"polygon","all_points_x":[780,947,946,924,925,764,772],"all_points_y":[700,685,638,611,619,624,690]},"region_attributes":{"pepero":"1"}},{"shape_attributes":{"name":"polygon","all_points_x":[994,993,819,805,947,947],"all_points_y":[693,718,719,700,686,639]},"region_attributes":{"pepero":"1"}}],"file_attributes":{}},"14.png1343997":{"filename":"14.png","size":1343997,"regions":[{"shape_attributes":{"name":"polygon","all_points_x":[312,416,433,437,342,321,336,317],"all_points_y":[135,130,139,331,301,324,340,342]},"region_attributes":{"pepero":"1"}},{"shape_attributes":{"name":"polygon","all_points_x":[495,530,533,501,472,468,437,435,427],"all_points_y":[73,78,207,209,204,244,242,139,133]},"region_attributes":{"pepero":"1"}},{"shape_attributes":{"name":"polygon","all_points_x":[539,572,577,534,532],"all_points_y":[72,78,205,207,78]},"region_attributes":{"pepero":"1"}},{"shape_attributes":{"name":"polygon","all_points_x":[582,615,618,579,574],"all_points_y":[73,77,206,205,78]},"region_attributes":{"pepero":"1"}},{"shape_attributes":{"name":"polygon","all_points_x":[625,656,661,619,617],"all_points_y":[72,77,207,207,78]},"region_attributes":{"pepero":"1"}},{"shape_attributes":{"name":"polygon","all_points_x":[669,700,702,673,665,665,663,658],"all_points_y":[75,79,210,232,232,208,207,81]},"region_attributes":{"pepero":"1"}},{"shape_attributes":{"name":"polygon","all_points_x":[712,743,746,745,700,705,702],"all_points_y":[76,79,211,214,217,207,79]},"region_attributes":{"pepero":"1"}},{"shape_attributes":{"name":"polygon","all_points_x":[757,787,789,747,745],"all_points_y":[74,80,212,213,80]},"region_attributes":{"pepero":"1"}},{"shape_attributes":{"name":"polygon","all_points_x":[800,828,831,791,787],"all_points_y":[74,81,210,212,82]},"region_attributes":{"pepero":"1"}},{"shape_attributes":{"name":"polygon","all_points_x":[839,877,878,833,829],"all_points_y":[70,71,207,211,80]},"region_attributes":{"pepero":"1"}},{"shape_attributes":{"name":"polygon","all_points_x":[880,915,916,881],"all_points_y":[67,67,193,207]},"region_attributes":{"pepero":"1"}},{"shape_attributes":{"name":"polygon","all_points_x":[919,953,954,917],"all_points_y":[67,67,177,192]},"region_attributes":{"pepero":"1"}},{"shape_attributes":{"name":"polygon","all_points_x":[957,992,991,958],"all_points_y":[67,68,162,175]},"region_attributes":{"pepero":"1"}},{"shape_attributes":{"name":"polygon","all_points_x":[995,1030,1031,993],"all_points_y":[67,67,147,163]},"region_attributes":{"pepero":"1"}},{"shape_attributes":{"name":"polygon","all_points_x":[1072,1077,1082,1087,1087,1022,824,803,782,768,787],"all_points_y":[134,142,150,163,172,207,276,291,296,265,247]},"region_attributes":{"pepero":"1"}},{"shape_attributes":{"name":"polygon","all_points_x":[462,500,510,472],"all_points_y":[340,345,210,207]},"region_attributes":{"pepero":"1"}},{"shape_attributes":{"name":"polygon","all_points_x":[502,538,547,512],"all_points_y":[340,341,210,210]},"region_attributes":{"pepero":"1"}},{"shape_attributes":{"name":"polygon","all_points_x":[542,577,586,548],"all_points_y":[340,341,208,207]},"region_attributes":{"pepero":"1"}},{"shape_attributes":{"name":"polygon","all_points_x":[580,614,625,587],"all_points_y":[341,341,207,207]},"region_attributes":{"pepero":"1"}},{"shape_attributes":{"name":"polygon","all_points_x":[621,657,665,626],"all_points_y":[342,342,209,208]},"region_attributes":{"pepero":"1"}},{"shape_attributes":{"name":"polygon","all_points_x":[672,709,700,664],"all_points_y":[373,372,237,239]},"region_attributes":{"pepero":"1"}},{"shape_attributes":{"name":"polygon","all_points_x":[712,748,736,699],"all_points_y":[354,349,216,221]},"region_attributes":{"pepero":"1"}},{"shape_attributes":{"name":"polygon","all_points_x":[785,780,767,776,772,737,750],"all_points_y":[346,297,264,255,214,217,347]},"region_attributes":{"pepero":"1"}},{"shape_attributes":{"name":"polygon","all_points_x":[506,552,535,477,422,412,379,323,342],"all_points_y":[352,431,452,432,398,402,394,325,301]},"region_attributes":{"pepero":"1"}},{"shape_attributes":{"name":"polygon","all_points_x":[638,633,612,528,485,537,553,507,480,507],"all_points_y":[349,470,475,464,437,454,431,350,344,345]},"region_attributes":{"pepero":"1"}},{"shape_attributes":{"name":"polygon","all_points_x":[681,710,707,677,637,633,613,568,568],"all_points_y":[507,504,373,373,377,471,475,472,485]},"region_attributes":{"pepero":"1"}},{"shape_attributes":{"name":"polygon","all_points_x":[722,747,752,723,712,708],"all_points_y":[374,374,504,506,503,372]},"region_attributes":{"pepero":"1"}},{"shape_attributes":{"name":"polygon","all_points_x":[752,791,797,761,753,747,712],"all_points_y":[360,360,493,496,496,373,371]},"region_attributes":{"pepero":"1"}},{"shape_attributes":{"name":"polygon","all_points_x":[826,835,799,790],"all_points_y":[351,484,487,353]},"region_attributes":{"pepero":"1"}},{"shape_attributes":{"name":"polygon","all_points_x":[863,871,837,829],"all_points_y":[349,482,485,350]},"region_attributes":{"pepero":"1"}},{"shape_attributes":{"name":"polygon","all_points_x":[902,912,876,867],"all_points_y":[347,482,484,347]},"region_attributes":{"pepero":"1"}},{"shape_attributes":{"name":"polygon","all_points_x":[941,949,916,903],"all_points_y":[346,481,482,343]},"region_attributes":{"pepero":"1"}},{"shape_attributes":{"name":"polygon","all_points_x":[982,988,955,945],"all_points_y":[346,481,484,349]},"region_attributes":{"pepero":"1"}},{"shape_attributes":{"name":"polygon","all_points_x":[1023,1029,991,984],"all_points_y":[345,482,483,344]},"region_attributes":{"pepero":"1"}},{"shape_attributes":{"name":"polygon","all_points_x":[1066,1067,1031,1028],"all_points_y":[346,482,482,347]},"region_attributes":{"pepero":"1"}},{"shape_attributes":{"name":"polygon","all_points_x":[1067,1075,1039,1027,987,988],"all_points_y":[487,626,627,497,490,485]},"region_attributes":{"pepero":"1"}},{"shape_attributes":{"name":"polygon","all_points_x":[1036,1027,987,997,979,1002],"all_points_y":[639,500,499,632,635,642]},"region_attributes":{"pepero":"1"}},{"shape_attributes":{"name":"polygon","all_points_x":[905,917,921,956,944,869,832],"all_points_y":[497,637,639,634,492,485,487]},"region_attributes":{"pepero":"1"}},{"shape_attributes":{"name":"polygon","all_points_x":[985,934,880,945,958,967,996],"all_points_y":[493,482,485,492,633,636,632]},"region_attributes":{"pepero":"1"}},{"shape_attributes":{"name":"polygon","all_points_x":[882,915,903,828,799,866,877],"all_points_y":[642,635,497,487,489,501,639]},"region_attributes":{"pepero":"1"}},{"shape_attributes":{"name":"polygon","all_points_x":[841,875,864,797,798,824,835],"all_points_y":[644,637,501,489,493,497,639]},"region_attributes":{"pepero":"1"}},{"shape_attributes":{"name":"polygon","all_points_x":[802,835,822,795,752,753,722,703,712,721,718],"all_points_y":[642,637,497,494,497,506,507,506,571,597,602]},"region_attributes":{"pepero":"1"}},{"shape_attributes":{"name":"polygon","all_points_x":[702,721,705,608,582],"all_points_y":[631,597,551,504,568]},"region_attributes":{"pepero":"1"}},{"shape_attributes":{"name":"polygon","all_points_x":[557,592,605,422,411,403,383],"all_points_y":[584,534,512,398,405,418,477]},"region_attributes":{"pepero":"1"}},{"shape_attributes":{"name":"polygon","all_points_x":[1132,1137,1140,1139,1068,813,811,806,804,826],"all_points_y":[229,245,264,272,291,327,326,312,292,277]},"region_attributes":{"pepero":"1"}}],"file_attributes":{}},"15.png1520554":{"filename":"15.png","size":1520554,"regions":[{"shape_attributes":{"name":"polygon","all_points_x":[266,272,387,353,274],"all_points_y":[292,300,310,167,159]},"region_attributes":{"pepero":"1"}},{"shape_attributes":{"name":"polygon","all_points_x":[342,403,535,531,485,474],"all_points_y":[120,372,340,322,310,98]},"region_attributes":{"pepero":"1"}},{"shape_attributes":{"name":"polygon","all_points_x":[475,485,573,592,590,563,586,578,497],"all_points_y":[70,310,332,325,250,212,194,106,58]},"region_attributes":{"pepero":"1"}},{"shape_attributes":{"name":"polygon","all_points_x":[616,648,635,672,649,745,565],"all_points_y":[284,255,205,192,148,60,212]},"region_attributes":{"pepero":"1"}},{"shape_attributes":{"name":"polygon","all_points_x":[762,792,799,777,774,672,649],"all_points_y":[42,69,125,160,157,192,148]},"region_attributes":{"pepero":"1"}},{"shape_attributes":{"name":"polygon","all_points_x":[233,240,255,272,267,297,266,228],"all_points_y":[389,388,386,391,627,630,653,652]},"region_attributes":{"pepero":"1"}},{"shape_attributes":{"name":"polygon","all_points_x":[272,279,313,356,354,332,323,303,268],"all_points_y":[366,360,366,367,480,492,616,628,625]},"region_attributes":{"pepero":"1"}},{"shape_attributes":{"name":"polygon","all_points_x":[370,497,489,355,366],"all_points_y":[384,396,492,486,387]},"region_attributes":{"pepero":"1"}},{"shape_attributes":{"name":"polygon","all_points_x":[326,488,490,557,562,344,333],"all_points_y":[623,632,616,612,497,485,492]},"region_attributes":{"pepero":"1"}},{"shape_attributes":{"name":"polygon","all_points_x":[515,656,660,612,596,555,557,492,489],"all_points_y":[706,691,602,607,626,623,612,617,653]},"region_attributes":{"pepero":"1"}},{"shape_attributes":{"name":"polygon","all_points_x":[656,824,831,826,669,674,662],"all_points_y":[700,719,683,660,647,492,481]},"region_attributes":{"pepero":"1"}},{"shape_attributes":{"name":"polygon","all_points_x":[563,557,596,637,642,624],"all_points_y":[472,623,625,578,467,455]},"region_attributes":{"pepero":"1"}},{"shape_attributes":{"name":"polygon","all_points_x":[836,667,674,742,757,776,781,815,843,838],"all_points_y":[661,647,492,550,551,544,504,531,622,660]},"region_attributes":{"pepero":"1"}},{"shape_attributes":{"name":"polygon","all_points_x":[791,777,758,741,655,617,614,678,684,687,627,634,661],"all_points_y":[401,545,552,549,474,450,433,434,435,397,359,335,336]},"region_attributes":{"pepero":"1"}},{"shape_attributes":{"name":"polygon","all_points_x":[548,684,685,582,573,532,536,485,485],"all_points_y":[432,434,397,329,335,323,341,354,362]},"region_attributes":{"pepero":"1"}},{"shape_attributes":{"name":"polygon","all_points_x":[791,792,756,768,682,678,673,636,775],"all_points_y":[190,212,237,275,346,342,337,207,158]},"region_attributes":{"pepero":"1"}},{"shape_attributes":{"name":"polygon","all_points_x":[810,842,787,792,682,778],"all_points_y":[272,414,440,397,347,270]},"region_attributes":{"pepero":"1"}},{"shape_attributes":{"name":"polygon","all_points_x":[904,850,813,782,788,844,832],"all_points_y":[399,539,530,504,439,415,363]},"region_attributes":{"pepero":"1"}},{"shape_attributes":{"name":"polygon","all_points_x":[844,948,948,948,919,922,899,778,777],"all_points_y":[54,87,104,150,149,135,110,163,159]},"region_attributes":{"pepero":"1"}},{"shape_attributes":{"name":"polygon","all_points_x":[947,1113,1119,1074,1077,948],"all_points_y":[37,10,306,313,138,148]},"region_attributes":{"pepero":"1"}},{"shape_attributes":{"name":"polygon","all_points_x":[896,1069,1076,904,897,906,897],"all_points_y":[438,450,140,155,396,398,425]},"region_attributes":{"pepero":"1"}},{"shape_attributes":{"name":"polygon","all_points_x":[1080,1092,1108,894,882,870,864,859,867,956,958,1017,1067],"all_points_y":[460,468,489,682,674,663,654,602,603,559,504,452,453]},"region_attributes":{"pepero":"1"}},{"shape_attributes":{"name":"polygon","all_points_x":[962,952,865,861,903],"all_points_y":[449,561,603,600,442]},"region_attributes":{"pepero":"1"}},{"shape_attributes":{"name":"polygon","all_points_x":[920,917,902,902,877,792,792,779,899],"all_points_y":[136,152,156,174,155,211,188,166,110]},"region_attributes":{"pepero":"1"}},{"shape_attributes":{"name":"polygon","all_points_x":[758,768,778,799,815,901,902,878],"all_points_y":[238,276,268,271,224,210,177,156]},"region_attributes":{"pepero":"1"}},{"shape_attributes":{"name":"polygon","all_points_x":[895,882,832,812,801,817,901],"all_points_y":[361,358,361,273,271,226,211]},"region_attributes":{"pepero":"1"}}],"file_attributes":{}},"16.png1522069":{"filename":"16.png","size":1522069,"regions":[{"shape_attributes":{"name":"polygon","all_points_x":[231,232,269,317,317,305,272,270,247],"all_points_y":[220,485,482,467,462,465,463,218,217]},"region_attributes":{"pepero":"1"}},{"shape_attributes":{"name":"polygon","all_points_x":[271,273,310,332,312,309],"all_points_y":[201,462,462,457,454,199]},"region_attributes":{"pepero":"1"}},{"shape_attributes":{"name":"polygon","all_points_x":[349,386,386,379,380,344,311,310],"all_points_y":[192,216,228,232,440,456,452,190]},"region_attributes":{"pepero":"1"}},{"shape_attributes":{"name":"polygon","all_points_x":[463,472,490,492,481,463,379,380],"all_points_y":[217,217,223,468,470,471,462,232]},"region_attributes":{"pepero":"1"}},{"shape_attributes":{"name":"polygon","all_points_x":[281,309,313,318,285],"all_points_y":[626,630,624,469,479]},"region_attributes":{"pepero":"1"}},{"shape_attributes":{"name":"polygon","all_points_x":[313,318,344,346,352,317],"all_points_y":[627,630,628,627,453,462]},"region_attributes":{"pepero":"1"}},{"shape_attributes":{"name":"polygon","all_points_x":[375,380,386,385,379,377,353,347],"all_points_y":[630,627,466,462,462,441,452,627]},"region_attributes":{"pepero":"1"}},{"shape_attributes":{"name":"polygon","all_points_x":[382,403,416,421,387],"all_points_y":[629,630,628,466,464]},"region_attributes":{"pepero":"1"}},{"shape_attributes":{"name":"polygon","all_points_x":[418,429,445,449,452,431,434,421],"all_points_y":[629,632,632,627,514,512,468,468]},"region_attributes":{"pepero":"1"}},{"shape_attributes":{"name":"polygon","all_points_x":[452,465,479,485,491,456],"all_points_y":[627,629,630,627,521,516]},"region_attributes":{"pepero":"1"}},{"shape_attributes":{"name":"polygon","all_points_x":[487,504,520,540,542,522,490],"all_points_y":[627,629,627,603,522,526,522]},"region_attributes":{"pepero":"1"}},{"shape_attributes":{"name":"polygon","all_points_x":[527,536,547,547,521,431,434,464,493,492],"all_points_y":[272,272,277,519,526,512,471,472,469,274]},"region_attributes":{"pepero":"1"}},{"shape_attributes":{"name":"polygon","all_points_x":[594,711,739,743,692,664,640,640,601],"all_points_y":[132,74,80,213,224,219,223,236,235]},"region_attributes":{"pepero":"1"}},{"shape_attributes":{"name":"polygon","all_points_x":[754,783,786,785,764,762,727,696,745,742],"all_points_y":[77,79,211,215,217,219,228,224,212,82]},"region_attributes":{"pepero":"1"}},{"shape_attributes":{"name":"polygon","all_points_x":[800,827,829,817,800,785,785],"all_points_y":[79,82,212,219,212,214,82]},"region_attributes":{"pepero":"1"}},{"shape_attributes":{"name":"polygon","all_points_x":[840,877,876,857,842,818,832,827],"all_points_y":[72,71,207,212,230,222,210,80]},"region_attributes":{"pepero":"1"}},{"shape_attributes":{"name":"polygon","all_points_x":[879,914,914,877],"all_points_y":[68,67,207,207]},"region_attributes":{"pepero":"1"}},{"shape_attributes":{"name":"polygon","all_points_x":[927,1047,1074,1072,1062,1043,922],"all_points_y":[108,74,80,376,377,377,369]},"region_attributes":{"pepero":"1"}},{"shape_attributes":{"name":"polygon","all_points_x":[1096,1107,1132,1132,1122,1097,1073,1076,1047,993,994],"all_points_y":[35,34,39,339,342,342,342,82,77,89,82]},"region_attributes":{"pepero":"1"}},{"shape_attributes":{"name":"polygon","all_points_x":[590,609,657,695,698,744,744,638,639,600,584],"all_points_y":[361,361,358,357,352,357,349,347,237,237,242]},"region_attributes":{"pepero":"1"}},{"shape_attributes":{"name":"polygon","all_points_x":[764,765,638,642,662],"all_points_y":[235,350,346,222,221]},"region_attributes":{"pepero":"1"}},{"shape_attributes":{"name":"polygon","all_points_x":[769,800,859,856,803,764],"all_points_y":[351,349,348,235,215,218]},"region_attributes":{"pepero":"1"}},{"shape_attributes":{"name":"polygon","all_points_x":[898,897,858,862],"all_points_y":[345,211,212,347]},"region_attributes":{"pepero":"1"}},{"shape_attributes":{"name":"polygon","all_points_x":[581,607,667,652,630,648,607,584],"all_points_y":[496,497,491,489,483,368,369,368]},"region_attributes":{"pepero":"1"}},{"shape_attributes":{"name":"polygon","all_points_x":[652,632,659,782,784,707,682,696],"all_points_y":[359,483,490,492,486,483,477,363]},"region_attributes":{"pepero":"1"}},{"shape_attributes":{"name":"polygon","all_points_x":[700,682,706,807,752,727,742],"all_points_y":[352,475,483,482,480,474,357]},"region_attributes":{"pepero":"1"}},{"shape_attributes":{"name":"polygon","all_points_x":[867,752,727,746,775,884],"all_points_y":[482,481,472,352,352,376]},"region_attributes":{"pepero":"1"}},{"shape_attributes":{"name":"polygon","all_points_x":[910,948,944,921,920,900,882,887],"all_points_y":[485,484,373,371,350,350,351,461]},"region_attributes":{"pepero":"1"}},{"shape_attributes":{"name":"polygon","all_points_x":[982,1018,1013,946,948],"all_points_y":[484,482,376,372,470]},"region_attributes":{"pepero":"1"}},{"shape_attributes":{"name":"polygon","all_points_x":[1027,1063,1062,1015,1020],"all_points_y":[486,485,379,377,482]},"region_attributes":{"pepero":"1"}},{"shape_attributes":{"name":"polygon","all_points_x":[709,799,829,824,782,707],"all_points_y":[600,650,647,507,493,492]},"region_attributes":{"pepero":"1"}},{"shape_attributes":{"name":"polygon","all_points_x":[837,872,862,799,782,825,831],"all_points_y":[649,647,506,489,491,507,645]},"region_attributes":{"pepero":"1"}},{"shape_attributes":{"name":"polygon","all_points_x":[879,912,904,805,800,864,872],"all_points_y":[648,645,507,487,488,507,642]},"region_attributes":{"pepero":"1"}},{"shape_attributes":{"name":"polygon","all_points_x":[921,955,944,842,811,906,915],"all_points_y":[641,636,498,484,484,507,636]},"region_attributes":{"pepero":"1"}},{"shape_attributes":{"name":"polygon","all_points_x":[962,993,986,924,910,885,867,945,957],"all_points_y":[637,633,493,487,487,481,482,497,634]},"region_attributes":{"pepero":"1"}},{"shape_attributes":{"name":"polygon","all_points_x":[1002,1035,1027,990,987,995,977],"all_points_y":[642,641,501,492,492,634,636]},"region_attributes":{"pepero":"1"}},{"shape_attributes":{"name":"polygon","all_points_x":[1041,1075,1067,1030,1017,982,948,949,922,985,1029,1037],"all_points_y":[631,627,488,489,484,485,472,485,487,492,502,627]},"region_attributes":{"pepero":"1"}}],"file_attributes":{}},"17.png1507611":{"filename":"17.png","size":1507611,"regions":[{"shape_attributes":{"name":"polygon","all_points_x":[230,266,317,313,304,267,267,230],"all_points_y":[482,483,466,462,465,464,221,220]},"region_attributes":{"pepero":"1"}},{"shape_attributes":{"name":"polygon","all_points_x":[268,268,307,329,307,307],"all_points_y":[202,462,463,457,453,199]},"region_attributes":{"pepero":"1"}},{"shape_attributes":{"name":"polygon","all_points_x":[309,309,347,347,376,346],"all_points_y":[192,452,452,209,210,193]},"region_attributes":{"pepero":"1"}},{"shape_attributes":{"name":"polygon","all_points_x":[350,387,389,397,422,420,384,347],"all_points_y":[471,471,256,249,252,230,212,211]},"region_attributes":{"pepero":"1"}},{"shape_attributes":{"name":"polygon","all_points_x":[391,407,428,457,457,431,427,400,388],"all_points_y":[512,516,516,494,405,404,252,250,257]},"region_attributes":{"pepero":"1"}},{"shape_attributes":{"name":"polygon","all_points_x":[422,439,460,468,492,492,464,432],"all_points_y":[143,142,143,382,383,396,402,403]},"region_attributes":{"pepero":"1"}},{"shape_attributes":{"name":"polygon","all_points_x":[465,471,506,527,527,507,503],"all_points_y":[122,381,382,377,364,363,120]},"region_attributes":{"pepero":"1"}},{"shape_attributes":{"name":"polygon","all_points_x":[503,509,546,543,546,540,537,530],"all_points_y":[104,362,362,120,117,103,102,101]},"region_attributes":{"pepero":"1"}},{"shape_attributes":{"name":"polygon","all_points_x":[580,599,586,550,543,549,576],"all_points_y":[119,371,377,377,119,117,117]},"region_attributes":{"pepero":"1"}},{"shape_attributes":{"name":"polygon","all_points_x":[596,617,630,626,598,594],"all_points_y":[119,117,122,347,346,289]},"region_attributes":{"pepero":"1"}},{"shape_attributes":{"name":"polygon","all_points_x":[637,647,668,651,639,619],"all_points_y":[208,208,212,437,437,431]},"region_attributes":{"pepero":"1"}},{"shape_attributes":{"name":"polygon","all_points_x":[278,298,312,315,282],"all_points_y":[625,627,626,467,480]},"region_attributes":{"pepero":"1"}},{"shape_attributes":{"name":"polygon","all_points_x":[347,351,349,347,319,329,316,315],"all_points_y":[627,473,470,453,454,457,462,626]},"region_attributes":{"pepero":"1"}},{"shape_attributes":{"name":"polygon","all_points_x":[381,384,352,347],"all_points_y":[627,472,473,627]},"region_attributes":{"pepero":"1"}},{"shape_attributes":{"name":"polygon","all_points_x":[415,418,400,391,387,384,382],"all_points_y":[628,517,516,511,471,474,627]},"region_attributes":{"pepero":"1"}},{"shape_attributes":{"name":"polygon","all_points_x":[450,456,430,420,417,445],"all_points_y":[625,498,517,518,627,630]},"region_attributes":{"pepero":"1"}},{"shape_attributes":{"name":"polygon","all_points_x":[453,482,485,486,471,477,492,492,477,458],"all_points_y":[627,631,627,590,587,455,456,400,401,404]},"region_attributes":{"pepero":"1"}},{"shape_attributes":{"name":"polygon","all_points_x":[492,636,637,548,526,541,478,472],"all_points_y":[589,566,559,567,560,454,457,587]},"region_attributes":{"pepero":"1"}},{"shape_attributes":{"name":"polygon","all_points_x":[544,527,547,638,653],"all_points_y":[432,558,567,557,442]},"region_attributes":{"pepero":"1"}},{"shape_attributes":{"name":"polygon","all_points_x":[660,631,645,653,715,741,683],"all_points_y":[384,602,610,610,599,396,386]},"region_attributes":{"pepero":"1"}},{"shape_attributes":{"name":"polygon","all_points_x":[722,757,774,757,731,719],"all_points_y":[641,645,506,486,485,599]},"region_attributes":{"pepero":"1"}},{"shape_attributes":{"name":"polygon","all_points_x":[775,808,802,792,769,775,759,763],"all_points_y":[332,333,560,560,560,504,487,340]},"region_attributes":{"pepero":"1"}},{"shape_attributes":{"name":"polygon","all_points_x":[858,854,817,789,805,807,829],"all_points_y":[464,601,598,562,561,450,452]},"region_attributes":{"pepero":"1"}},{"shape_attributes":{"name":"polygon","all_points_x":[845,875,878,869,854,859,824,827],"all_points_y":[359,358,362,592,592,466,448,363]},"region_attributes":{"pepero":"1"}},{"shape_attributes":{"name":"polygon","all_points_x":[661,675,692,709,703,697,682],"all_points_y":[328,332,332,178,102,102,105]},"region_attributes":{"pepero":"1"}},{"shape_attributes":{"name":"polygon","all_points_x":[707,727,746,761,749,741,727,724,702],"all_points_y":[68,64,64,323,327,329,326,326,98]},"region_attributes":{"pepero":"1"}},{"shape_attributes":{"name":"polygon","all_points_x":[760,776,798,808,797,784,771,764,749],"all_points_y":[64,60,62,324,327,327,325,325,82]},"region_attributes":{"pepero":"1"}},{"shape_attributes":{"name":"polygon","all_points_x":[811,843,849,848,839,817,810,801],"all_points_y":[64,62,64,325,327,327,327,83]},"region_attributes":{"pepero":"1"}},{"shape_attributes":{"name":"polygon","all_points_x":[880,887,909,919,891,882,858,851,852,850],"all_points_y":[62,60,62,64,327,327,324,322,98,92]},"region_attributes":{"pepero":"1"}},{"shape_attributes":{"name":"polygon","all_points_x":[973,1013,1009,972,963,961,922,907,932],"all_points_y":[67,67,204,206,205,202,206,215,102]},"region_attributes":{"pepero":"1"}},{"shape_attributes":{"name":"polygon","all_points_x":[1027,1063,1063,1026,1008,1008,1012,1016],"all_points_y":[67,70,207,206,213,207,203,73]},"region_attributes":{"pepero":"1"}},{"shape_attributes":{"name":"polygon","all_points_x":[884,934,968,960,922,904,895,886],"all_points_y":[346,342,338,201,207,217,327,329]},"region_attributes":{"pepero":"1"}},{"shape_attributes":{"name":"polygon","all_points_x":[969,1009,1007,966,962,969,915,916],"all_points_y":[344,341,206,210,210,340,347,349]},"region_attributes":{"pepero":"1"}},{"shape_attributes":{"name":"polygon","all_points_x":[1062,1026,981,1012,1008,1027,1063],"all_points_y":[346,347,347,342,213,207,209]},"region_attributes":{"pepero":"1"}},{"shape_attributes":{"name":"polygon","all_points_x":[972,1008,1011,971,920,912],"all_points_y":[485,487,350,350,351,458]},"region_attributes":{"pepero":"1"}},{"shape_attributes":{"name":"polygon","all_points_x":[1020,1059,1057,1012,1010],"all_points_y":[487,486,348,349,483]},"region_attributes":{"pepero":"1"}},{"shape_attributes":{"name":"polygon","all_points_x":[990,982,949,861,871,876,892],"all_points_y":[497,636,636,594,593,480,479]},"region_attributes":{"pepero":"1"}},{"shape_attributes":{"name":"polygon","all_points_x":[997,1031,1026,979,992,984],"all_points_y":[645,642,502,493,498,639]},"region_attributes":{"pepero":"1"}},{"shape_attributes":{"name":"polygon","all_points_x":[1037,1072,1067,1031,1017,1010,972,932,934,1026,1033],"all_points_y":[628,627,487,488,488,486,487,472,485,503,623]},"region_attributes":{"pepero":"1"}}],"file_attributes":{}},"18.png1607536":{"filename":"18.png","size":1607536,"regions":[{"shape_attributes":{"name":"polygon","all_points_x":[161,182,205,199,190,168,153],"all_points_y":[322,322,320,12,7,9,12]},"region_attributes":{"pepero":"1"}},{"shape_attributes":{"name":"polygon","all_points_x":[208,277,297,255,244,241,222,208,201],"all_points_y":[317,328,327,317,11,7,7,7,11]},"region_attributes":{"pepero":"1"}},{"shape_attributes":{"name":"polygon","all_points_x":[248,257,299,342,305,296,290,287],"all_points_y":[7,317,328,327,313,12,7,6]},"region_attributes":{"pepero":"1"}},{"shape_attributes":{"name":"polygon","all_points_x":[297,307,347,391,382,342,322],"all_points_y":[8,312,325,319,59,7,3]},"region_attributes":{"pepero":"1"}},{"shape_attributes":{"name":"polygon","all_points_x":[413,424,412,385,387,391,384,390],"all_points_y":[67,328,330,328,322,320,66,63]},"region_attributes":{"pepero":"1"}},{"shape_attributes":{"name":"polygon","all_points_x":[417,431,447,454,461,439,425],"all_points_y":[66,66,65,68,327,329,329]},"region_attributes":{"pepero":"1"}},{"shape_attributes":{"name":"polygon","all_points_x":[457,474,491,494,501,463],"all_points_y":[64,62,62,62,325,325]},"region_attributes":{"pepero":"1"}},{"shape_attributes":{"name":"polygon","all_points_x":[497,507,523,534,536,502],"all_points_y":[67,63,62,66,324,324]},"region_attributes":{"pepero":"1"}},{"shape_attributes":{"name":"polygon","all_points_x":[535,552,568,572,575,540],"all_points_y":[62,58,60,62,320,322]},"region_attributes":{"pepero":"1"}},{"shape_attributes":{"name":"polygon","all_points_x":[575,590,608,611,610,577],"all_points_y":[60,59,57,62,320,319]},"region_attributes":{"pepero":"1"}},{"shape_attributes":{"name":"polygon","all_points_x":[612,632,643,649,647,613],"all_points_y":[59,57,58,63,318,320]},"region_attributes":{"pepero":"1"}},{"shape_attributes":{"name":"polygon","all_points_x":[651,675,683,687,686,651],"all_points_y":[61,58,58,62,321,321]},"region_attributes":{"pepero":"1"}},{"shape_attributes":{"name":"polygon","all_points_x":[690,713,727,726,691],"all_points_y":[58,56,59,319,320]},"region_attributes":{"pepero":"1"}},{"shape_attributes":{"name":"polygon","all_points_x":[731,752,763,767,764,728],"all_points_y":[61,57,58,60,320,320]},"region_attributes":{"pepero":"1"}},{"shape_attributes":{"name":"polygon","all_points_x":[769,799,807,804,767],"all_points_y":[57,56,58,319,320]},"region_attributes":{"pepero":"1"}},{"shape_attributes":{"name":"polygon","all_points_x":[810,840,848,844,804],"all_points_y":[57,54,57,318,320]},"region_attributes":{"pepero":"1"}},{"shape_attributes":{"name":"polygon","all_points_x":[850,867,883,889,883,844],"all_points_y":[57,54,55,58,317,317]},"region_attributes":{"pepero":"1"}},{"shape_attributes":{"name":"polygon","all_points_x":[889,914,927,931,925,886],"all_points_y":[56,54,55,58,318,317]},"region_attributes":{"pepero":"1"}},{"shape_attributes":{"name":"polygon","all_points_x":[931,952,970,965,927],"all_points_y":[56,52,56,317,317]},"region_attributes":{"pepero":"1"}},{"shape_attributes":{"name":"polygon","all_points_x":[973,992,1010,1005,968],"all_points_y":[55,52,55,317,319]},"region_attributes":{"pepero":"1"}},{"shape_attributes":{"name":"polygon","all_points_x":[1014,1027,1047,1052,1047,1036,1019,1007],"all_points_y":[57,56,55,57,317,320,321,318]},"region_attributes":{"pepero":"1"}},{"shape_attributes":{"name":"polygon","all_points_x":[230,243,267,263,256,222],"all_points_y":[397,397,397,662,665,662]},"region_attributes":{"pepero":"1"}},{"shape_attributes":{"name":"polygon","all_points_x":[267,278,299,349,349,311,301,287,268,264],"all_points_y":[392,391,391,391,395,396,659,661,659,657]},"region_attributes":{"pepero":"1"}},{"shape_attributes":{"name":"polygon","all_points_x":[340,332,302,313,350,386,378],"all_points_y":[664,666,662,398,394,397,626]},"region_attributes":{"pepero":"1"}},{"shape_attributes":{"name":"polygon","all_points_x":[417,412,407,379,387],"all_points_y":[400,630,631,629,397]},"region_attributes":{"pepero":"1"}},{"shape_attributes":{"name":"polygon","all_points_x":[451,447,439,414,418],"all_points_y":[401,631,631,628,399]},"region_attributes":{"pepero":"1"}},{"shape_attributes":{"name":"polygon","all_points_x":[485,481,472,449,455],"all_points_y":[400,628,632,627,400]},"region_attributes":{"pepero":"1"}},{"shape_attributes":{"name":"polygon","all_points_x":[521,514,507,490,483,488],"all_points_y":[399,628,631,628,627,397]},"region_attributes":{"pepero":"1"}},{"shape_attributes":{"name":"polygon","all_points_x":[553,547,543,516,522],"all_points_y":[400,627,628,627,399]},"region_attributes":{"pepero":"1"}},{"shape_attributes":{"name":"polygon","all_points_x":[586,580,577,551,549,556],"all_points_y":[398,627,629,627,625,397]},"region_attributes":{"pepero":"1"}},{"shape_attributes":{"name":"polygon","all_points_x":[619,614,610,582,589],"all_points_y":[399,624,628,626,396]},"region_attributes":{"pepero":"1"}},{"shape_attributes":{"name":"polygon","all_points_x":[652,647,644,616,621],"all_points_y":[398,627,627,626,397]},"region_attributes":{"pepero":"1"}},{"shape_attributes":{"name":"polygon","all_points_x":[686,681,675,649,654],"all_points_y":[397,625,627,623,395]},"region_attributes":{"pepero":"1"}},{"shape_attributes":{"name":"polygon","all_points_x":[718,714,712,682,688],"all_points_y":[397,622,627,624,396]},"region_attributes":{"pepero":"1"}},{"shape_attributes":{"name":"polygon","all_points_x":[752,748,745,721,716,719],"all_points_y":[397,624,627,625,622,397]},"region_attributes":{"pepero":"1"}},{"shape_attributes":{"name":"polygon","all_points_x":[783,784,778,752,753],"all_points_y":[397,625,626,625,394]},"region_attributes":{"pepero":"1"}},{"shape_attributes":{"name":"polygon","all_points_x":[817,817,812,785,786],"all_points_y":[395,623,627,625,392]},"region_attributes":{"pepero":"1"}},{"shape_attributes":{"name":"polygon","all_points_x":[852,854,849,820,820],"all_points_y":[396,626,626,625,393]},"region_attributes":{"pepero":"1"}},{"shape_attributes":{"name":"polygon","all_points_x":[886,891,886,859,852],"all_points_y":[393,624,627,623,394]},"region_attributes":{"pepero":"1"}},{"shape_attributes":{"name":"polygon","all_points_x":[922,927,922,893,889],"all_points_y":[397,623,627,625,394]},"region_attributes":{"pepero":"1"}},{"shape_attributes":{"name":"polygon","all_points_x":[958,964,962,957,938,930,925],"all_points_y":[396,624,627,627,627,624,396]},"region_attributes":{"pepero":"1"}},{"shape_attributes":{"name":"polygon","all_points_x":[994,1000,992,964,962],"all_points_y":[397,626,629,626,397]},"region_attributes":{"pepero":"1"}}],"file_attributes":{}},"19.png1633725":{"filename":"19.png","size":1633725,"regions":[{"shape_attributes":{"name":"polygon","all_points_x":[227,226,237,257,264,265],"all_points_y":[397,662,665,666,662,396]},"region_attributes":{"pepero":"1"}},{"shape_attributes":{"name":"polygon","all_points_x":[266,266,271,280,295,303,308,347,347],"all_points_y":[392,657,657,660,660,658,401,394,387]},"region_attributes":{"pepero":"1"}},{"shape_attributes":{"name":"polygon","all_points_x":[388,384,337,303,309,349],"all_points_y":[398,622,667,663,402,397]},"region_attributes":{"pepero":"1"}},{"shape_attributes":{"name":"polygon","all_points_x":[411,413,418,388,385,381],"all_points_y":[629,620,398,400,623,627]},"region_attributes":{"pepero":"1"}},{"shape_attributes":{"name":"polygon","all_points_x":[447,452,418,413],"all_points_y":[628,399,399,628]},"region_attributes":{"pepero":"1"}},{"shape_attributes":{"name":"polygon","all_points_x":[486,455,448,477,483],"all_points_y":[402,399,629,630,497]},"region_attributes":{"pepero":"1"}},{"shape_attributes":{"name":"polygon","all_points_x":[494,478,573,580,593,612,599],"all_points_y":[392,630,653,654,647,400,397]},"region_attributes":{"pepero":"1"}},{"shape_attributes":{"name":"polygon","all_points_x":[640,656,661,672,665,602,612,595],"all_points_y":[657,653,647,402,399,395,402,645]},"region_attributes":{"pepero":"1"}},{"shape_attributes":{"name":"polygon","all_points_x":[731,722,718,702,660,673,663],"all_points_y":[403,652,654,657,647,402,397]},"region_attributes":{"pepero":"1"}},{"shape_attributes":{"name":"polygon","all_points_x":[794,787,782,772,724,729,667,668,672],"all_points_y":[397,646,648,652,640,402,397,392,390]},"region_attributes":{"pepero":"1"}},{"shape_attributes":{"name":"polygon","all_points_x":[863,865,863,849,787,795],"all_points_y":[400,650,654,661,647,398]},"region_attributes":{"pepero":"1"}},{"shape_attributes":{"name":"polygon","all_points_x":[936,939,935,916,866,863,817,824,832],"all_points_y":[395,657,659,662,646,400,396,393,392]},"region_attributes":{"pepero":"1"}},{"shape_attributes":{"name":"polygon","all_points_x":[985,994,987,974,965,940,935,869,870],"all_points_y":[377,641,644,644,644,637,392,392,379]},"region_attributes":{"pepero":"1"}},{"shape_attributes":{"name":"polygon","all_points_x":[1027,1032,1026,1000,968,988,995,987],"all_points_y":[392,652,656,658,645,646,642,390]},"region_attributes":{"pepero":"1"}},{"shape_attributes":{"name":"polygon","all_points_x":[1073,1082,1076,1052,1046,1030,1032,1028],"all_points_y":[395,660,663,664,663,654,654,394]},"region_attributes":{"pepero":"1"}},{"shape_attributes":{"name":"polygon","all_points_x":[637,641,656,685,682,681,674],"all_points_y":[62,320,327,326,320,67,58]},"region_attributes":{"pepero":"1"}},{"shape_attributes":{"name":"polygon","all_points_x":[682,683,689,722,718,721,705],"all_points_y":[59,322,327,328,316,59,57]},"region_attributes":{"pepero":"1"}},{"shape_attributes":{"name":"polygon","all_points_x":[723,722,724,754,758,759,745],"all_points_y":[59,320,327,326,316,60,56]},"region_attributes":{"pepero":"1"}},{"shape_attributes":{"name":"polygon","all_points_x":[763,761,758,788,797,802,783],"all_points_y":[58,317,325,329,319,57,55]},"region_attributes":{"pepero":"1"}},{"shape_attributes":{"name":"polygon","all_points_x":[803,800,792,823,838,842,834],"all_points_y":[57,319,328,331,317,55,53]},"region_attributes":{"pepero":"1"}},{"shape_attributes":{"name":"polygon","all_points_x":[846,842,828,865,877,883,878],"all_points_y":[60,322,331,330,321,62,58]},"region_attributes":{"pepero":"1"}},{"shape_attributes":{"name":"polygon","all_points_x":[887,880,872,891,921,927,920],"all_points_y":[55,317,330,328,319,56,53]},"region_attributes":{"pepero":"1"}},{"shape_attributes":{"name":"polygon","all_points_x":[929,924,903,935,963,967,957],"all_points_y":[55,319,329,328,315,55,52]},"region_attributes":{"pepero":"1"}},{"shape_attributes":{"name":"polygon","all_points_x":[969,966,940,972,1005,1007,997],"all_points_y":[54,317,327,327,318,54,52]},"region_attributes":{"pepero":"1"}},{"shape_attributes":{"name":"polygon","all_points_x":[1009,1009,979,1008,1047,1047,1041],"all_points_y":[55,319,327,327,318,57,55]},"region_attributes":{"pepero":"1"}},{"shape_attributes":{"name":"polygon","all_points_x":[228,246,267,261,253,240,224],"all_points_y":[328,332,328,64,63,62,64]},"region_attributes":{"pepero":"1"}},{"shape_attributes":{"name":"polygon","all_points_x":[264,271,307,303,289],"all_points_y":[67,327,327,65,63]},"region_attributes":{"pepero":"1"}},{"shape_attributes":{"name":"polygon","all_points_x":[304,309,346,340,332],"all_points_y":[64,326,325,64,60]},"region_attributes":{"pepero":"1"}},{"shape_attributes":{"name":"polygon","all_points_x":[346,350,389,382,370],"all_points_y":[63,327,327,65,61]},"region_attributes":{"pepero":"1"}},{"shape_attributes":{"name":"polygon","all_points_x":[385,392,430,423,417],"all_points_y":[67,329,329,68,65]},"region_attributes":{"pepero":"1"}},{"shape_attributes":{"name":"polygon","all_points_x":[430,433,467,485,487,467,450],"all_points_y":[69,328,333,332,107,69,67]},"region_attributes":{"pepero":"1"}},{"shape_attributes":{"name":"polygon","all_points_x":[520,522,490,488],"all_points_y":[171,392,392,170]},"region_attributes":{"pepero":"1"}},{"shape_attributes":{"name":"polygon","all_points_x":[555,557,524,523],"all_points_y":[170,392,391,171]},"region_attributes":{"pepero":"1"}},{"shape_attributes":{"name":"polygon","all_points_x":[588,588,557,557],"all_points_y":[172,395,394,169]},"region_attributes":{"pepero":"1"}},{"shape_attributes":{"name":"polygon","all_points_x":[621,621,590,591],"all_points_y":[169,393,396,167]},"region_attributes":{"pepero":"1"}}],"file_attributes":{}},"20.png1602897":{"filename":"20.png","size":1602897,"regions":[{"shape_attributes":{"name":"polygon","all_points_x":[278,287,312,322,312,316,282],"all_points_y":[162,159,162,167,167,388,388]},"region_attributes":{"pepero":"1"}},{"shape_attributes":{"name":"polygon","all_points_x":[347,350,317,313],"all_points_y":[169,390,389,168]},"region_attributes":{"pepero":"1"}},{"shape_attributes":{"name":"polygon","all_points_x":[381,384,351,348],"all_points_y":[171,390,391,169]},"region_attributes":{"pepero":"1"}},{"shape_attributes":{"name":"polygon","all_points_x":[415,418,385,382],"all_points_y":[172,391,391,172]},"region_attributes":{"pepero":"1"}},{"shape_attributes":{"name":"polygon","all_points_x":[447,453,446,420,416],"all_points_y":[174,390,392,391,172]},"region_attributes":{"pepero":"1"}},{"shape_attributes":{"name":"polygon","all_points_x":[482,487,454,450],"all_points_y":[172,391,391,172]},"region_attributes":{"pepero":"1"}},{"shape_attributes":{"name":"polygon","all_points_x":[500,620,619,618,600,497],"all_points_y":[326,324,82,79,72,92]},"region_attributes":{"pepero":"1"}},{"shape_attributes":{"name":"polygon","all_points_x":[682,693,698,697,589,572,573,622,621],"all_points_y":[77,83,89,331,330,330,326,324,87]},"region_attributes":{"pepero":"1"}},{"shape_attributes":{"name":"polygon","all_points_x":[744,757,771,772,759,698,700],"all_points_y":[68,68,75,327,328,332,87]},"region_attributes":{"pepero":"1"}},{"shape_attributes":{"name":"polygon","all_points_x":[777,797,815,814,812,782,775,773,772],"all_points_y":[61,57,61,237,321,328,328,322,73]},"region_attributes":{"pepero":"1"}},{"shape_attributes":{"name":"polygon","all_points_x":[842,887,878,847,812,817],"all_points_y":[2,5,316,320,320,59]},"region_attributes":{"pepero":"1"}},{"shape_attributes":{"name":"polygon","all_points_x":[934,927,893,862,881,880,890],"all_points_y":[5,316,322,319,317,312,4]},"region_attributes":{"pepero":"1"}},{"shape_attributes":{"name":"polygon","all_points_x":[981,972,937,901,929,937,967],"all_points_y":[7,316,323,323,317,7,7]},"region_attributes":{"pepero":"1"}},{"shape_attributes":{"name":"polygon","all_points_x":[1027,1024,977,946,972,983],"all_points_y":[4,312,325,325,316,4]},"region_attributes":{"pepero":"1"}},{"shape_attributes":{"name":"polygon","all_points_x":[1076,1072,1011,982,1026,1029],"all_points_y":[4,314,324,325,314,3]},"region_attributes":{"pepero":"1"}},{"shape_attributes":{"name":"polygon","all_points_x":[1127,1121,1111,1078,1014,1012,1074,1077,1085],"all_points_y":[32,341,343,340,345,324,314,34,29]},"region_attributes":{"pepero":"1"}},{"shape_attributes":{"name":"polygon","all_points_x":[224,243,261,265,262,230,227],"all_points_y":[662,664,663,398,396,396,400]},"region_attributes":{"pepero":"1"}},{"shape_attributes":{"name":"polygon","all_points_x":[267,263,277,291,300,305,276],"all_points_y":[393,658,661,661,657,393,392]},"region_attributes":{"pepero":"1"}},{"shape_attributes":{"name":"polygon","all_points_x":[307,302,319,337,339,363,372,316],"all_points_y":[394,657,660,661,660,637,392,390]},"region_attributes":{"pepero":"1"}},{"shape_attributes":{"name":"polygon","all_points_x":[370,429,446,377,372,363],"all_points_y":[645,641,393,393,394,637]},"region_attributes":{"pepero":"1"}},{"shape_attributes":{"name":"polygon","all_points_x":[447,487,501,463,447,429,433,437],"all_points_y":[652,647,396,395,393,642,646,648]},"region_attributes":{"pepero":"1"}},{"shape_attributes":{"name":"polygon","all_points_x":[551,542,547,561,562,594,594,512,504,494,488,502,516,524],"all_points_y":[396,632,637,639,640,633,635,657,657,652,647,393,393,392]},"region_attributes":{"pepero":"1"}},{"shape_attributes":{"name":"polygon","all_points_x":[552,557,577,666,665,601,597,566,552,542,553],"all_points_y":[380,378,379,385,393,393,631,639,639,633,381]},"region_attributes":{"pepero":"1"}},{"shape_attributes":{"name":"polygon","all_points_x":[597,602,608,623,709,713,603],"all_points_y":[645,650,652,655,630,396,394]},"region_attributes":{"pepero":"1"}},{"shape_attributes":{"name":"polygon","all_points_x":[720,717,732,746,749,752],"all_points_y":[397,625,627,627,626,397]},"region_attributes":{"pepero":"1"}},{"shape_attributes":{"name":"polygon","all_points_x":[754,752,781,783,784],"all_points_y":[395,625,627,622,396]},"region_attributes":{"pepero":"1"}},{"shape_attributes":{"name":"polygon","all_points_x":[787,785,805,817,819,813],"all_points_y":[394,622,626,624,492,397]},"region_attributes":{"pepero":"1"}},{"shape_attributes":{"name":"polygon","all_points_x":[813,824,847,859,876,884,868],"all_points_y":[392,618,658,660,661,657,388]},"region_attributes":{"pepero":"1"}},{"shape_attributes":{"name":"polygon","all_points_x":[856,897,915,925,915,890,884,869,854],"all_points_y":[380,375,378,642,644,643,642,387,388]},"region_attributes":{"pepero":"1"}},{"shape_attributes":{"name":"polygon","all_points_x":[926,1010,1033,1040,1019,1014,918],"all_points_y":[620,656,653,649,387,385,389]},"region_attributes":{"pepero":"1"}},{"shape_attributes":{"name":"polygon","all_points_x":[1065,1081,1077,1051,1035,1041,1020,1043,1059],"all_points_y":[392,653,658,659,652,648,391,391,392]},"region_attributes":{"pepero":"1"}}],"file_attributes":{}}},"_via_attributes":{"region":{"pepero":{"type":"radio","description":"","options":{"1":"pepero"},"default_options":{"1":true}}},"file":{}},"_via_data_format_version":"2.0.10","_via_image_id_list":["11.png1610826","12.png1357348","13.png1560225","14.png1343997","15.png1520554","16.png1522069","17.png1507611","18.png1607536","19.png1633725","20.png1602897"]}