{"info":{"year":2020,"version":"1.0","description":"VIA project exported to COCO format using VGG Image Annotator (http://www.robots.ox.ac.uk/~vgg/software/via/)","contributor":"","url":"http://www.robots.ox.ac.uk/~vgg/software/via/","date_created":"Wed Dec 02 2020 11:17:27 GMT+0900 (Korean Standard Time)"},"images":[{"id":1,"width":1280,"height":720,"file_name":"1.png","license":0,"date_captured":""},{"id":2,"width":1280,"height":720,"file_name":"2.png","license":0,"date_captured":""},{"id":3,"width":1280,"height":720,"file_name":"3.png","license":0,"date_captured":""},{"id":4,"width":1280,"height":720,"file_name":"4.png","license":0,"date_captured":""},{"id":5,"width":1280,"height":720,"file_name":"5.png","license":0,"date_captured":""},{"id":6,"width":1280,"height":720,"file_name":"6.png","license":0,"date_captured":""},{"id":7,"width":1280,"height":720,"file_name":"7.png","license":0,"date_captured":""},{"id":8,"width":1280,"height":720,"file_name":"8.png","license":0,"date_captured":""},{"id":9,"width":1280,"height":720,"file_name":"9.png","license":0,"date_captured":""},{"id":10,"width":1280,"height":720,"file_name":"10.png","license":0,"date_captured":""}],"annotations":[{"segmentation":[[237,204,235,68,270,67,273,205]],"area":5244,"bbox":[235,67,38,138],"iscrowd":0,"id":1,"image_id":1,"category_id":1},{"segmentation":[[282,67,310,66,313,204,274,205,271,66]],"area":5838,"bbox":[271,66,42,139],"iscrowd":0,"id":2,"image_id":1,"category_id":1},{"segmentation":[[315,66,351,66,351,205,314,205,312,67]],"area":5421,"bbox":[312,66,39,139],"iscrowd":0,"id":3,"image_id":1,"category_id":1},{"segmentation":[[355,67,393,66,389,203,353,204,354,66]],"area":5520,"bbox":[353,66,40,138],"iscrowd":0,"id":4,"image_id":1,"category_id":1},{"segmentation":[[406,64,427,65,427,206,392,205,395,64]],"area":4970,"bbox":[392,64,35,142],"iscrowd":0,"id":5,"image_id":1,"category_id":1},{"segmentation":[[435,66,467,67,466,205,428,206,429,66]],"area":5460,"bbox":[428,66,39,140],"iscrowd":0,"id":6,"image_id":1,"category_id":1},{"segmentation":[[473,66,504,67,504,205,468,206,468,66]],"area":5040,"bbox":[468,66,36,140],"iscrowd":0,"id":7,"image_id":1,"category_id":1},{"segmentation":[[507,67,541,68,539,206,505,205,505,67]],"area":5004,"bbox":[505,67,36,139],"iscrowd":0,"id":8,"image_id":1,"category_id":1},{"segmentation":[[544,67,579,68,577,207,542,207,542,69]],"area":5180,"bbox":[542,67,37,140],"iscrowd":0,"id":9,"image_id":1,"category_id":1},{"segmentation":[[617,68,615,207,579,207,581,66]],"area":5358,"bbox":[579,66,38,141],"iscrowd":0,"id":10,"image_id":1,"category_id":1},{"segmentation":[[624,68,655,68,653,205,616,207,619,66]],"area":5499,"bbox":[616,66,39,141],"iscrowd":0,"id":11,"image_id":1,"category_id":1},{"segmentation":[[656,65,691,65,690,204,655,204]],"area":5004,"bbox":[655,65,36,139],"iscrowd":0,"id":12,"image_id":1,"category_id":1},{"segmentation":[[694,64,729,63,728,203,691,203]],"area":5320,"bbox":[691,63,38,140],"iscrowd":0,"id":13,"image_id":1,"category_id":1},{"segmentation":[[731,63,767,63,766,203,730,202]],"area":5180,"bbox":[730,63,37,140],"iscrowd":0,"id":14,"image_id":1,"category_id":1},{"segmentation":[[770,64,803,65,802,204,767,204,769,63]],"area":5076,"bbox":[767,63,36,141],"iscrowd":0,"id":15,"image_id":1,"category_id":1},{"segmentation":[[806,66,842,67,839,205,803,204,804,66]],"area":5421,"bbox":[803,66,39,139],"iscrowd":0,"id":16,"image_id":1,"category_id":1},{"segmentation":[[849,65,880,65,877,204,840,205,843,65]],"area":5600,"bbox":[840,65,40,140],"iscrowd":0,"id":17,"image_id":1,"category_id":1},{"segmentation":[[885,66,915,66,915,204,879,204,883,67]],"area":4968,"bbox":[879,66,36,138],"iscrowd":0,"id":18,"image_id":1,"category_id":1},{"segmentation":[[922,64,956,64,954,203,917,204,918,65]],"area":5460,"bbox":[917,64,39,140],"iscrowd":0,"id":19,"image_id":1,"category_id":1},{"segmentation":[[963,64,993,65,993,204,956,204,957,65]],"area":5180,"bbox":[956,64,37,140],"iscrowd":0,"id":20,"image_id":1,"category_id":1},{"segmentation":[[996,65,1031,65,1030,202,995,203,994,65]],"area":5106,"bbox":[994,65,37,138],"iscrowd":0,"id":21,"image_id":1,"category_id":1},{"segmentation":[[1034,65,1066,66,1069,203,1031,203,1033,65]],"area":5244,"bbox":[1031,65,38,138],"iscrowd":0,"id":22,"image_id":1,"category_id":1},{"segmentation":[[240,208,240,344,275,344,277,208]],"area":5032,"bbox":[240,208,37,136],"iscrowd":0,"id":23,"image_id":1,"category_id":1},{"segmentation":[[316,207,316,343,276,344,278,207]],"area":5480,"bbox":[276,207,40,137],"iscrowd":0,"id":24,"image_id":1,"category_id":1},{"segmentation":[[318,342,353,343,354,342,354,205,317,206]],"area":5106,"bbox":[317,205,37,138],"iscrowd":0,"id":25,"image_id":1,"category_id":1},{"segmentation":[[393,207,393,343,355,342,356,205,391,205]],"area":5244,"bbox":[355,205,38,138],"iscrowd":0,"id":26,"image_id":1,"category_id":1},{"segmentation":[[431,209,431,343,395,343,394,207,429,207]],"area":5032,"bbox":[394,207,37,136],"iscrowd":0,"id":27,"image_id":1,"category_id":1},{"segmentation":[[467,209,468,341,432,342,432,207,467,206]],"area":4896,"bbox":[432,206,36,136],"iscrowd":0,"id":28,"image_id":1,"category_id":1},{"segmentation":[[506,206,504,343,469,342,468,207]],"area":5206,"bbox":[468,206,38,137],"iscrowd":0,"id":29,"image_id":1,"category_id":1},{"segmentation":[[542,208,541,341,504,342,506,206]],"area":5168,"bbox":[504,206,38,136],"iscrowd":0,"id":30,"image_id":1,"category_id":1},{"segmentation":[[580,208,579,342,542,342,543,207]],"area":5130,"bbox":[542,207,38,135],"iscrowd":0,"id":31,"image_id":1,"category_id":1},{"segmentation":[[616,209,616,209,615,342,580,342,581,207,617,207]],"area":4995,"bbox":[580,207,37,135],"iscrowd":0,"id":32,"image_id":1,"category_id":1},{"segmentation":[[654,207,653,340,651,341,651,343,617,342,618,208]],"area":5032,"bbox":[617,207,37,136],"iscrowd":0,"id":33,"image_id":1,"category_id":1},{"segmentation":[[690,208,689,339,655,339,655,206,691,205]],"area":4824,"bbox":[655,205,36,134],"iscrowd":0,"id":34,"image_id":1,"category_id":1},{"segmentation":[[729,204,726,340,690,339,691,205]],"area":5304,"bbox":[690,204,39,136],"iscrowd":0,"id":35,"image_id":1,"category_id":1},{"segmentation":[[765,205,764,341,727,340,730,204]],"area":5206,"bbox":[727,204,38,137],"iscrowd":0,"id":36,"image_id":1,"category_id":1},{"segmentation":[[802,206,800,342,765,342,767,204]],"area":5106,"bbox":[765,204,37,138],"iscrowd":0,"id":37,"image_id":1,"category_id":1},{"segmentation":[[838,206,838,340,836,342,801,342,803,205]],"area":5069,"bbox":[801,205,37,137],"iscrowd":0,"id":38,"image_id":1,"category_id":1},{"segmentation":[[877,205,875,341,839,341,840,205]],"area":5168,"bbox":[839,205,38,136],"iscrowd":0,"id":39,"image_id":1,"category_id":1},{"segmentation":[[915,205,914,342,875,341,878,205]],"area":5480,"bbox":[875,205,40,137],"iscrowd":0,"id":40,"image_id":1,"category_id":1},{"segmentation":[[953,204,952,342,915,341,916,205]],"area":5244,"bbox":[915,204,38,138],"iscrowd":0,"id":41,"image_id":1,"category_id":1},{"segmentation":[[991,205,991,340,988,343,953,342,954,204]],"area":5282,"bbox":[953,204,38,139],"iscrowd":0,"id":42,"image_id":1,"category_id":1},{"segmentation":[[1030,205,1029,342,993,341,992,206,992,204,1029,204]],"area":5244,"bbox":[992,204,38,138],"iscrowd":0,"id":43,"image_id":1,"category_id":1},{"segmentation":[[1067,206,1068,343,1030,344,1031,205,1067,204]],"area":5320,"bbox":[1030,204,38,140],"iscrowd":0,"id":44,"image_id":1,"category_id":1},{"segmentation":[[238,346,237,485,275,483,275,481,274,346]],"area":5282,"bbox":[237,346,38,139],"iscrowd":0,"id":45,"image_id":1,"category_id":1},{"segmentation":[[313,345,312,481,276,482,276,346]],"area":5069,"bbox":[276,345,37,137],"iscrowd":0,"id":46,"image_id":1,"category_id":1},{"segmentation":[[353,345,349,481,313,482,314,344]],"area":5520,"bbox":[313,344,40,138],"iscrowd":0,"id":47,"image_id":1,"category_id":1},{"segmentation":[[391,345,390,420,388,480,351,480,354,343]],"area":5480,"bbox":[351,343,40,137],"iscrowd":0,"id":48,"image_id":1,"category_id":1},{"segmentation":[[429,345,425,480,390,479,393,345]],"area":5265,"bbox":[390,345,39,135],"iscrowd":0,"id":49,"image_id":1,"category_id":1},{"segmentation":[[468,344,465,477,426,478,431,343]],"area":5670,"bbox":[426,343,42,135],"iscrowd":0,"id":50,"image_id":1,"category_id":1},{"segmentation":[[503,345,501,478,466,478,469,343]],"area":4995,"bbox":[466,343,37,135],"iscrowd":0,"id":51,"image_id":1,"category_id":1},{"segmentation":[[540,344,538,479,502,478,504,344]],"area":5130,"bbox":[502,344,38,135],"iscrowd":0,"id":52,"image_id":1,"category_id":1},{"segmentation":[[578,344,575,478,539,479,542,343]],"area":5304,"bbox":[539,343,39,136],"iscrowd":0,"id":53,"image_id":1,"category_id":1},{"segmentation":[[614,343,613,477,576,477,580,344]],"area":5092,"bbox":[576,343,38,134],"iscrowd":0,"id":54,"image_id":1,"category_id":1},{"segmentation":[[652,345,649,478,614,477,616,343]],"area":5130,"bbox":[614,343,38,135],"iscrowd":0,"id":55,"image_id":1,"category_id":1},{"segmentation":[[689,341,688,476,651,476,653,342]],"area":5130,"bbox":[651,341,38,135],"iscrowd":0,"id":56,"image_id":1,"category_id":1},{"segmentation":[[725,343,723,476,690,475,690,340,725,341]],"area":4760,"bbox":[690,340,35,136],"iscrowd":0,"id":57,"image_id":1,"category_id":1},{"segmentation":[[762,343,761,476,725,476,726,341]],"area":4995,"bbox":[725,341,37,135],"iscrowd":0,"id":58,"image_id":1,"category_id":1},{"segmentation":[[800,344,799,478,762,477,764,343]],"area":5130,"bbox":[762,343,38,135],"iscrowd":0,"id":59,"image_id":1,"category_id":1},{"segmentation":[[835,344,837,479,801,478,801,344]],"area":4860,"bbox":[801,344,36,135],"iscrowd":0,"id":60,"image_id":1,"category_id":1},{"segmentation":[[873,345,875,478,839,478,837,344,873,343]],"area":5130,"bbox":[837,343,38,135],"iscrowd":0,"id":61,"image_id":1,"category_id":1},{"segmentation":[[912,345,912,480,876,479,874,343,912,344]],"area":5206,"bbox":[874,343,38,137],"iscrowd":0,"id":62,"image_id":1,"category_id":1},{"segmentation":[[951,344,950,481,913,480,914,343]],"area":5244,"bbox":[913,343,38,138],"iscrowd":0,"id":63,"image_id":1,"category_id":1},{"segmentation":[[990,344,988,480,951,480,952,344]],"area":5304,"bbox":[951,344,39,136],"iscrowd":0,"id":64,"image_id":1,"category_id":1},{"segmentation":[[1029,344,1028,480,990,480,991,343]],"area":5343,"bbox":[990,343,39,137],"iscrowd":0,"id":65,"image_id":1,"category_id":1},{"segmentation":[[1068,345,1068,483,1033,482,1029,480,1030,345]],"area":5382,"bbox":[1029,345,39,138],"iscrowd":0,"id":66,"image_id":1,"category_id":1},{"segmentation":[[275,485,276,625,236,625,237,488]],"area":5600,"bbox":[236,485,40,140],"iscrowd":0,"id":67,"image_id":1,"category_id":1},{"segmentation":[[315,484,316,621,313,622,278,624,276,485]],"area":5600,"bbox":[276,484,40,140],"iscrowd":0,"id":68,"image_id":1,"category_id":1},{"segmentation":[[354,483,355,619,318,621,316,484]],"area":5382,"bbox":[316,483,39,138],"iscrowd":0,"id":69,"image_id":1,"category_id":1},{"segmentation":[[355,483,356,620,394,618,445,567,446,480,356,481]],"area":12740,"bbox":[355,480,91,140],"iscrowd":0,"id":70,"image_id":1,"category_id":1},{"segmentation":[[234,69,237,203,240,205,275,204,269,66,235,67]],"area":5699,"bbox":[234,66,41,139],"iscrowd":0,"id":71,"image_id":2,"category_id":1},{"segmentation":[[277,66,306,66,313,70,312,204,277,204,272,66]],"area":5658,"bbox":[272,66,41,138],"iscrowd":0,"id":72,"image_id":2,"category_id":1},{"segmentation":[[315,67,349,66,352,68,351,201,354,205,314,205]],"area":5560,"bbox":[314,66,40,139],"iscrowd":0,"id":73,"image_id":2,"category_id":1},{"segmentation":[[354,66,385,65,391,67,389,200,391,204,356,204,353,200]],"area":5282,"bbox":[353,65,38,139],"iscrowd":0,"id":74,"image_id":2,"category_id":1},{"segmentation":[[396,66,427,67,426,205,393,205,390,200,392,66]],"area":5143,"bbox":[390,66,37,139],"iscrowd":0,"id":75,"image_id":2,"category_id":1},{"segmentation":[[432,66,466,68,464,203,465,206,429,205,427,202,428,66]],"area":5460,"bbox":[427,66,39,140],"iscrowd":0,"id":76,"image_id":2,"category_id":1},{"segmentation":[[472,68,497,67,502,69,502,203,504,206,465,207,465,203,467,68]],"area":5460,"bbox":[465,67,39,140],"iscrowd":0,"id":77,"image_id":2,"category_id":1},{"segmentation":[[509,66,540,68,538,204,540,206,506,206,504,203,503,68]],"area":5180,"bbox":[503,66,37,140],"iscrowd":0,"id":78,"image_id":2,"category_id":1},{"segmentation":[[545,68,573,68,578,69,576,204,577,207,542,207,540,204,541,68]],"area":5282,"bbox":[540,68,38,139],"iscrowd":0,"id":79,"image_id":2,"category_id":1},{"segmentation":[[583,68,616,68,614,200,617,206,579,206,577,203,580,69]],"area":5520,"bbox":[577,68,40,138],"iscrowd":0,"id":80,"image_id":2,"category_id":1},{"segmentation":[[619,67,654,67,652,201,653,206,619,206,615,200]],"area":5421,"bbox":[615,67,39,139],"iscrowd":0,"id":81,"image_id":2,"category_id":1},{"segmentation":[[658,64,691,65,691,201,691,204,654,203,656,65]],"area":5180,"bbox":[654,64,37,140],"iscrowd":0,"id":82,"image_id":2,"category_id":1},{"segmentation":[[698,64,728,64,728,202,692,202,694,65]],"area":4968,"bbox":[692,64,36,138],"iscrowd":0,"id":83,"image_id":2,"category_id":1},{"segmentation":[[732,65,766,64,765,203,730,202,730,65]],"area":5004,"bbox":[730,64,36,139],"iscrowd":0,"id":84,"image_id":2,"category_id":1},{"segmentation":[[771,65,802,66,802,204,766,204,767,65]],"area":5004,"bbox":[766,65,36,139],"iscrowd":0,"id":85,"image_id":2,"category_id":1},{"segmentation":[[806,67,812,65,840,66,839,205,804,205,804,68]],"area":5040,"bbox":[804,65,36,140],"iscrowd":0,"id":86,"image_id":2,"category_id":1},{"segmentation":[[844,65,877,66,876,204,840,204,842,66]],"area":5143,"bbox":[840,65,37,139],"iscrowd":0,"id":87,"image_id":2,"category_id":1},{"segmentation":[[886,66,916,66,915,203,878,204,879,68]],"area":5244,"bbox":[878,66,38,138],"iscrowd":0,"id":88,"image_id":2,"category_id":1},{"segmentation":[[928,63,953,64,954,204,918,204,918,66]],"area":5076,"bbox":[918,63,36,141],"iscrowd":0,"id":89,"image_id":2,"category_id":1},{"segmentation":[[960,65,993,66,992,202,956,204,956,67]],"area":5143,"bbox":[956,65,37,139],"iscrowd":0,"id":90,"image_id":2,"category_id":1},{"segmentation":[[996,64,1031,65,1031,201,993,202,995,66]],"area":5244,"bbox":[993,64,38,138],"iscrowd":0,"id":91,"image_id":2,"category_id":1},{"segmentation":[[1040,66,1069,66,1068,204,1031,203,1033,69,1037,66]],"area":5244,"bbox":[1031,66,38,138],"iscrowd":0,"id":92,"image_id":2,"category_id":1},{"segmentation":[[239,206,239,346,273,345,277,343,276,205]],"area":5358,"bbox":[239,205,38,141],"iscrowd":0,"id":93,"image_id":2,"category_id":1},{"segmentation":[[278,205,278,343,316,343,316,207,312,205]],"area":5244,"bbox":[278,205,38,138],"iscrowd":0,"id":94,"image_id":2,"category_id":1},{"segmentation":[[355,206,354,343,318,343,318,206]],"area":5069,"bbox":[318,206,37,137],"iscrowd":0,"id":95,"image_id":2,"category_id":1},{"segmentation":[[392,208,393,341,355,342,356,205,391,206]],"area":5206,"bbox":[355,205,38,137],"iscrowd":0,"id":96,"image_id":2,"category_id":1},{"segmentation":[[431,208,431,342,394,342,393,206,428,206]],"area":5168,"bbox":[393,206,38,136],"iscrowd":0,"id":97,"image_id":2,"category_id":1},{"segmentation":[[467,209,469,342,433,342,432,207,464,207]],"area":4995,"bbox":[432,207,37,135],"iscrowd":0,"id":98,"image_id":2,"category_id":1},{"segmentation":[[504,208,506,342,470,342,468,208]],"area":5092,"bbox":[468,208,38,134],"iscrowd":0,"id":99,"image_id":2,"category_id":1},{"segmentation":[[542,210,542,342,507,341,506,208,539,208]],"area":4824,"bbox":[506,208,36,134],"iscrowd":0,"id":100,"image_id":2,"category_id":1},{"segmentation":[[580,209,579,341,544,342,543,208]],"area":4958,"bbox":[543,208,37,134],"iscrowd":0,"id":101,"image_id":2,"category_id":1},{"segmentation":[[587,346,591,349,620,349,615,340,617,207,581,207,580,341,583,345,585,346]],"area":5680,"bbox":[580,207,40,142],"iscrowd":0,"id":102,"image_id":2,"category_id":1},{"segmentation":[[653,208,653,339,653,342,631,342,624,343,622,349,617,341,619,208]],"area":5076,"bbox":[617,208,36,141],"iscrowd":0,"id":103,"image_id":2,"category_id":1},{"segmentation":[[691,206,690,340,655,341,655,205]],"area":4896,"bbox":[655,205,36,136],"iscrowd":0,"id":104,"image_id":2,"category_id":1},{"segmentation":[[729,205,728,340,692,340,692,204]],"area":5032,"bbox":[692,204,37,136],"iscrowd":0,"id":105,"image_id":2,"category_id":1},{"segmentation":[[766,205,764,340,729,341,730,204]],"area":5069,"bbox":[729,204,37,137],"iscrowd":0,"id":106,"image_id":2,"category_id":1},{"segmentation":[[801,207,801,207,800,342,766,341,767,205]],"area":4795,"bbox":[766,205,35,137],"iscrowd":0,"id":107,"image_id":2,"category_id":1},{"segmentation":[[840,207,837,342,802,342,802,207]],"area":5130,"bbox":[802,207,38,135],"iscrowd":0,"id":108,"image_id":2,"category_id":1},{"segmentation":[[875,207,875,343,839,342,841,206,874,205]],"area":4968,"bbox":[839,205,36,138],"iscrowd":0,"id":109,"image_id":2,"category_id":1},{"segmentation":[[884,206,914,206,913,341,876,343,877,205]],"area":5244,"bbox":[876,205,38,138],"iscrowd":0,"id":110,"image_id":2,"category_id":1},{"segmentation":[[953,206,953,342,914,341,916,205]],"area":5343,"bbox":[914,205,39,137],"iscrowd":0,"id":111,"image_id":2,"category_id":1},{"segmentation":[[991,204,991,342,987,342,954,342,954,205]],"area":5106,"bbox":[954,204,37,138],"iscrowd":0,"id":112,"image_id":2,"category_id":1},{"segmentation":[[1030,205,1029,342,992,341,992,204,1029,204]],"area":5244,"bbox":[992,204,38,138],"iscrowd":0,"id":113,"image_id":2,"category_id":1},{"segmentation":[[1068,206,1066,345,1031,344,1031,204]],"area":5217,"bbox":[1031,204,37,141],"iscrowd":0,"id":114,"image_id":2,"category_id":1},{"segmentation":[[237,352,238,484,272,483,275,481,274,477,275,346,237,346]],"area":5244,"bbox":[237,346,38,138],"iscrowd":0,"id":115,"image_id":2,"category_id":1},{"segmentation":[[314,345,311,483,276,483,276,476,276,345]],"area":5244,"bbox":[276,345,38,138],"iscrowd":0,"id":116,"image_id":2,"category_id":1},{"segmentation":[[354,346,351,480,314,481,315,345]],"area":5440,"bbox":[314,345,40,136],"iscrowd":0,"id":117,"image_id":2,"category_id":1},{"segmentation":[[393,344,390,480,352,480,355,344]],"area":5576,"bbox":[352,344,41,136],"iscrowd":0,"id":118,"image_id":2,"category_id":1},{"segmentation":[[431,344,428,480,392,480,395,343]],"area":5343,"bbox":[392,343,39,137],"iscrowd":0,"id":119,"image_id":2,"category_id":1},{"segmentation":[[469,344,466,479,430,479,432,344]],"area":5265,"bbox":[430,344,39,135],"iscrowd":0,"id":120,"image_id":2,"category_id":1},{"segmentation":[[506,343,504,477,467,479,471,343]],"area":5304,"bbox":[467,343,39,136],"iscrowd":0,"id":121,"image_id":2,"category_id":1},{"segmentation":[[547,345,541,479,506,478,508,342]],"area":5617,"bbox":[506,342,41,137],"iscrowd":0,"id":122,"image_id":2,"category_id":1},{"segmentation":[[549,346,543,479,578,480,588,347,582,347,579,342,550,344]],"area":6210,"bbox":[543,342,45,138],"iscrowd":0,"id":123,"image_id":2,"category_id":1},{"segmentation":[[623,351,624,478,661,478,664,469,664,342,626,344]],"area":5576,"bbox":[623,342,41,136],"iscrowd":0,"id":124,"image_id":2,"category_id":1},{"segmentation":[[701,342,701,476,666,477,665,342]],"area":4860,"bbox":[665,342,36,135],"iscrowd":0,"id":125,"image_id":2,"category_id":1},{"segmentation":[[710,343,710,474,713,476,742,475,746,472,747,343]],"area":4921,"bbox":[710,343,37,133],"iscrowd":0,"id":126,"image_id":2,"category_id":1},{"segmentation":[[786,345,786,478,749,477,749,343,784,344]],"area":4995,"bbox":[749,343,37,135],"iscrowd":0,"id":127,"image_id":2,"category_id":1},{"segmentation":[[831,345,831,481,793,480,789,475,789,342,831,344]],"area":5838,"bbox":[789,342,42,139],"iscrowd":0,"id":128,"image_id":2,"category_id":1},{"segmentation":[[837,464,866,478,868,480,904,479,901,342,876,345,833,344,832,462]],"area":9936,"bbox":[832,342,72,138],"iscrowd":0,"id":129,"image_id":2,"category_id":1},{"segmentation":[[907,480,943,480,945,343,910,343,903,344]],"area":5754,"bbox":[903,343,42,137],"iscrowd":0,"id":130,"image_id":2,"category_id":1},{"segmentation":[[948,480,979,482,984,480,986,343,947,343,945,480]],"area":5699,"bbox":[945,343,41,139],"iscrowd":0,"id":131,"image_id":2,"category_id":1},{"segmentation":[[984,478,990,480,1020,480,1026,478,1027,343,992,342,988,344]],"area":5934,"bbox":[984,342,43,138],"iscrowd":0,"id":132,"image_id":2,"category_id":1},{"segmentation":[[1067,346,1065,484,1029,483,1024,481,1028,479,1029,346]],"area":5934,"bbox":[1024,346,43,138],"iscrowd":0,"id":133,"image_id":2,"category_id":1},{"segmentation":[[237,488,237,488,236,625,267,626,276,625,276,484,237,485]],"area":5680,"bbox":[236,484,40,142],"iscrowd":0,"id":134,"image_id":2,"category_id":1},{"segmentation":[[315,485,315,620,312,623,278,624,277,486]],"area":5282,"bbox":[277,485,38,139],"iscrowd":0,"id":135,"image_id":2,"category_id":1},{"segmentation":[[355,483,355,620,351,620,317,619,316,484]],"area":5343,"bbox":[316,483,39,137],"iscrowd":0,"id":136,"image_id":2,"category_id":1},{"segmentation":[[446,481,445,566,393,619,357,620,357,483]],"area":12371,"bbox":[357,481,89,139],"iscrowd":0,"id":137,"image_id":2,"category_id":1},{"segmentation":[[567,490,567,628,576,628,601,628,603,621,609,482,614,477,583,477]],"area":7097,"bbox":[567,477,47,151],"iscrowd":0,"id":138,"image_id":2,"category_id":1},{"segmentation":[[608,622,640,623,650,590,654,481,621,480,622,472,619,473,611,483,605,621]],"area":7399,"bbox":[605,472,49,151],"iscrowd":0,"id":139,"image_id":2,"category_id":1},{"segmentation":[[794,486,794,574,833,620,869,619,866,482,866,480,832,463,832,483,794,482]],"area":11775,"bbox":[794,463,75,157],"iscrowd":0,"id":140,"image_id":2,"category_id":1},{"segmentation":[[161,16,160,172,173,178,220,179,204,171,205,14]],"area":9900,"bbox":[160,14,60,165],"iscrowd":0,"id":141,"image_id":3,"category_id":1},{"segmentation":[[209,14,250,13,254,16,252,167,253,173,219,174,206,172,208,14]],"area":7728,"bbox":[206,13,48,161],"iscrowd":0,"id":142,"image_id":3,"category_id":1},{"segmentation":[[264,13,299,13,311,27,297,169,302,174,274,174,275,178,255,173,254,167,256,14]],"area":9405,"bbox":[254,13,57,165],"iscrowd":0,"id":143,"image_id":3,"category_id":1},{"segmentation":[[316,12,352,14,448,104,440,106,431,225,431,230,408,227,321,174,306,173,299,168,314,15]],"area":32482,"bbox":[299,12,149,218],"iscrowd":0,"id":144,"image_id":3,"category_id":1},{"segmentation":[[174,180,172,339,218,339,216,334,221,181]],"area":7791,"bbox":[172,180,49,159],"iscrowd":0,"id":145,"image_id":3,"category_id":1},{"segmentation":[[274,180,260,333,269,337,257,340,222,339,219,335,223,176,254,174]],"area":9130,"bbox":[219,174,55,166],"iscrowd":0,"id":146,"image_id":3,"category_id":1},{"segmentation":[[262,332,279,338,348,346,350,334,379,337,393,226,320,177,278,175,276,175]],"area":22401,"bbox":[262,175,131,171],"iscrowd":0,"id":147,"image_id":3,"category_id":1},{"segmentation":[[451,105,554,108,566,115,547,350,529,351,422,337,441,108]],"area":35424,"bbox":[422,105,144,246],"iscrowd":0,"id":148,"image_id":3,"category_id":1},{"segmentation":[[529,96,650,91,657,315,658,321,661,323,551,329,567,114,553,107,528,107]],"area":31654,"bbox":[528,91,133,238],"iscrowd":0,"id":149,"image_id":3,"category_id":1},{"segmentation":[[654,59,654,59,674,57,690,60,695,68,695,318,699,324,666,325,660,320,653,94]],"area":12328,"bbox":[653,57,46,268],"iscrowd":0,"id":150,"image_id":3,"category_id":1},{"segmentation":[[699,65,726,59,786,93,791,324,704,324,702,325,698,317,696,67]],"area":25270,"bbox":[696,59,95,266],"iscrowd":0,"id":151,"image_id":3,"category_id":1},{"segmentation":[[251,356,229,614,231,618,261,621,268,618,304,595,297,590,299,581,339,360,282,355]],"area":29260,"bbox":[229,355,110,266],"iscrowd":0,"id":152,"image_id":3,"category_id":1},{"segmentation":[[349,349,299,588,300,590,316,596,328,597,353,587,392,339,381,337,351,335]],"area":24366,"bbox":[299,335,93,262],"iscrowd":0,"id":153,"image_id":3,"category_id":1},{"segmentation":[[400,335,444,343,404,588,404,593,381,600,359,596,353,590,394,339,394,337]],"area":24115,"bbox":[353,335,91,265],"iscrowd":0,"id":154,"image_id":3,"category_id":1},{"segmentation":[[561,360,561,365,518,358,507,356,492,357,454,597,423,602,406,593,406,590,446,343,448,342,473,344]],"area":40300,"bbox":[406,342,155,260],"iscrowd":0,"id":155,"image_id":3,"category_id":1},{"segmentation":[[455,600,455,605,477,615,571,604,573,600,605,380,605,375,604,372,517,360,507,357,493,358]],"area":38700,"bbox":[455,357,150,258],"iscrowd":0,"id":156,"image_id":3,"category_id":1},{"segmentation":[[622,399,618,623,613,626,611,627,587,625,584,622,588,507,604,397,622,397]],"area":8740,"bbox":[584,397,38,230],"iscrowd":0,"id":157,"image_id":3,"category_id":1},{"segmentation":[[796,62,797,62,802,60,831,58,833,60,835,62,830,319,826,323,818,330,792,329,793,324,792,120]],"area":11696,"bbox":[792,58,43,272],"iscrowd":0,"id":158,"image_id":3,"category_id":1},{"segmentation":[[844,66,877,63,879,68,874,325,857,334,826,333,827,325,832,319,837,76,841,67]],"area":14363,"bbox":[826,63,53,271],"iscrowd":0,"id":159,"image_id":3,"category_id":1},{"segmentation":[[887,58,918,57,923,59,925,60,924,75,921,79,921,319,916,324,875,325,881,67]],"area":13400,"bbox":[875,57,50,268],"iscrowd":0,"id":160,"image_id":3,"category_id":1},{"segmentation":[[935,64,1080,64,1082,337,928,339,923,336,923,321,922,78]],"area":44000,"bbox":[922,64,160,275],"iscrowd":0,"id":161,"image_id":3,"category_id":1},{"segmentation":[[781,396,794,393,825,394,823,623,817,627,788,624,777,595]],"area":11232,"bbox":[777,393,48,234],"iscrowd":0,"id":162,"image_id":3,"category_id":1},{"segmentation":[[856,394,858,399,859,623,851,626,824,625,828,393,831,392]],"area":8190,"bbox":[824,392,35,234],"iscrowd":0,"id":163,"image_id":3,"category_id":1},{"segmentation":[[868,392,893,392,894,623,890,627,861,623,861,398,858,393]],"area":8460,"bbox":[858,392,36,235],"iscrowd":0,"id":164,"image_id":3,"category_id":1},{"segmentation":[[897,392,928,395,932,625,927,628,895,625,895,393]],"area":8732,"bbox":[895,392,37,236],"iscrowd":0,"id":165,"image_id":3,"category_id":1},{"segmentation":[[936,395,965,395,968,623,965,627,960,628,934,626,931,395]],"area":8621,"bbox":[931,395,37,233],"iscrowd":0,"id":166,"image_id":3,"category_id":1},{"segmentation":[[969,395,1000,395,1002,479,1004,624,1000,628,971,626,968,624,967,396]],"area":8621,"bbox":[967,395,37,233],"iscrowd":0,"id":167,"image_id":3,"category_id":1},{"segmentation":[[161,13,160,171,175,181,174,180,211,179,206,172,206,13]],"area":8568,"bbox":[160,13,51,168],"iscrowd":0,"id":168,"image_id":4,"category_id":1},{"segmentation":[[227,12,251,13,258,19,257,171,258,175,209,172,209,17,211,15]],"area":7987,"bbox":[209,12,49,163],"iscrowd":0,"id":169,"image_id":4,"category_id":1},{"segmentation":[[260,13,305,11,312,22,310,170,312,177,276,175,275,178,260,174,259,170]],"area":8851,"bbox":[259,11,53,167],"iscrowd":0,"id":170,"image_id":4,"category_id":1},{"segmentation":[[317,12,353,11,445,105,445,228,412,230,312,171,315,12]],"area":29127,"bbox":[312,11,133,219],"iscrowd":0,"id":171,"image_id":4,"category_id":1},{"segmentation":[[175,187,172,341,215,339,223,181,219,180,176,181]],"area":8211,"bbox":[172,180,51,161],"iscrowd":0,"id":172,"image_id":4,"category_id":1},{"segmentation":[[275,184,259,334,264,337,267,343,224,341,219,338,217,332,225,176,260,178,276,181]],"area":9853,"bbox":[217,176,59,167],"iscrowd":0,"id":173,"image_id":4,"category_id":1},{"segmentation":[[268,338,269,338,304,346,347,347,350,332,379,336,392,229,322,178,282,177,278,182,262,332]],"area":22100,"bbox":[262,177,130,170],"iscrowd":0,"id":174,"image_id":4,"category_id":1},{"segmentation":[[252,357,228,618,260,622,306,597,288,588,337,388,338,358,272,356]],"area":29260,"bbox":[228,356,110,266],"iscrowd":0,"id":175,"image_id":4,"category_id":1},{"segmentation":[[449,173,453,342,459,345,459,339,468,335,486,340,482,169,465,169]],"area":6512,"bbox":[449,169,37,176],"iscrowd":0,"id":176,"image_id":4,"category_id":1},{"segmentation":[[487,169,519,170,522,349,489,341,485,172]],"area":6660,"bbox":[485,169,37,180],"iscrowd":0,"id":177,"image_id":4,"category_id":1},{"segmentation":[[524,169,551,170,556,359,524,349,521,172]],"area":6650,"bbox":[521,169,35,190],"iscrowd":0,"id":178,"image_id":4,"category_id":1},{"segmentation":[[556,167,584,167,597,192,598,386,589,391,574,390,579,366,558,360,554,172]],"area":9856,"bbox":[554,167,44,224],"iscrowd":0,"id":179,"image_id":4,"category_id":1},{"segmentation":[[512,383,452,624,460,633,470,638,577,637,633,409,560,391]],"area":46155,"bbox":[452,383,181,255],"iscrowd":0,"id":180,"image_id":4,"category_id":1},{"segmentation":[[348,587,318,597,306,597,291,588,351,333,383,336,398,341,338,582]],"area":28248,"bbox":[291,333,107,264],"iscrowd":0,"id":181,"image_id":4,"category_id":1},{"segmentation":[[404,332,400,334,341,580,364,592,403,587,399,579,458,344]],"area":30420,"bbox":[341,332,117,260],"iscrowd":0,"id":182,"image_id":4,"category_id":1},{"segmentation":[[456,591,416,592,407,588,401,578,459,346,463,339,468,336,534,353,578,367,571,392,552,389,530,384,512,381,459,590]],"area":45312,"bbox":[401,336,177,256],"iscrowd":0,"id":183,"image_id":4,"category_id":1},{"segmentation":[[588,626,608,629,620,624,624,449,586,607]],"area":6840,"bbox":[586,449,38,180],"iscrowd":0,"id":184,"image_id":4,"category_id":1},{"segmentation":[[750,399,747,413,778,596,792,626,804,628,821,624,822,620,787,393]],"area":17625,"bbox":[747,393,75,235],"iscrowd":0,"id":185,"image_id":4,"category_id":1},{"segmentation":[[811,395,827,393,853,393,856,398,857,622,851,629,823,626,824,619,818,574,814,538]],"area":10856,"bbox":[811,393,46,236],"iscrowd":0,"id":186,"image_id":4,"category_id":1},{"segmentation":[[859,393,893,394,896,625,889,627,861,625,860,624]],"area":8658,"bbox":[859,393,37,234],"iscrowd":0,"id":187,"image_id":4,"category_id":1},{"segmentation":[[909,370,920,597,957,631,993,630,980,364,943,366]],"area":22428,"bbox":[909,364,84,267],"iscrowd":0,"id":188,"image_id":4,"category_id":1},{"segmentation":[[931,615,930,625,925,627,901,626,898,626,896,393,910,393,919,599,931,610]],"area":8190,"bbox":[896,393,35,234],"iscrowd":0,"id":189,"image_id":4,"category_id":1},{"segmentation":[[989,373,992,373,1068,374,1073,379,1079,638,1076,642,1048,643,995,624,983,376]],"area":25920,"bbox":[983,373,96,270],"iscrowd":0,"id":190,"image_id":4,"category_id":1},{"segmentation":[[915,66,1063,60,1074,334,919,341,914,339,906,77]],"area":47208,"bbox":[906,60,168,281],"iscrowd":0,"id":191,"image_id":4,"category_id":1},{"segmentation":[[848,58,887,55,895,316,864,325,840,324,833,99]],"area":16740,"bbox":[833,55,62,270],"iscrowd":0,"id":192,"image_id":4,"category_id":1},{"segmentation":[[240,69,237,69,237,330,381,331,388,328,380,81,376,72]],"area":39562,"bbox":[237,69,151,262],"iscrowd":0,"id":193,"image_id":5,"category_id":1},{"segmentation":[[402,80,402,79,518,75,523,84,533,326,530,333,391,340,382,79]],"area":40015,"bbox":[382,75,151,265],"iscrowd":0,"id":194,"image_id":5,"category_id":1},{"segmentation":[[532,92,650,91,652,329,650,335,532,336,537,327,526,93]],"area":30870,"bbox":[526,91,126,245],"iscrowd":0,"id":195,"image_id":5,"category_id":1},{"segmentation":[[668,95,779,95,777,333,774,335,653,335,655,327,653,97]],"area":30240,"bbox":[653,95,126,240],"iscrowd":0,"id":196,"image_id":5,"category_id":1},{"segmentation":[[790,105,897,103,896,334,778,336,781,328,781,106]],"area":27727,"bbox":[778,103,119,233],"iscrowd":0,"id":197,"image_id":5,"category_id":1},{"segmentation":[[928,69,969,69,970,206,926,206,924,206,898,225,900,111]],"area":11232,"bbox":[898,69,72,156],"iscrowd":0,"id":198,"image_id":5,"category_id":1},{"segmentation":[[978,68,1007,69,1009,207,973,205,972,69]],"area":5143,"bbox":[972,68,37,139],"iscrowd":0,"id":199,"image_id":5,"category_id":1},{"segmentation":[[1032,73,1065,73,1062,212,1024,207,1007,216,1007,211,1013,208,1011,92]],"area":8294,"bbox":[1007,73,58,143],"iscrowd":0,"id":200,"image_id":5,"category_id":1},{"segmentation":[[873,339,874,350,948,350,963,343,963,208,924,210,898,228,898,336,874,336]],"area":12780,"bbox":[873,208,90,142],"iscrowd":0,"id":201,"image_id":5,"category_id":1},{"segmentation":[[1004,239,1004,347,963,348,966,343,966,208,1004,209]],"area":5740,"bbox":[963,208,41,140],"iscrowd":0,"id":202,"image_id":5,"category_id":1},{"segmentation":[[1061,218,1056,347,1007,348,1008,219,1022,210,1063,214]],"area":7728,"bbox":[1007,210,56,138],"iscrowd":0,"id":203,"image_id":5,"category_id":1},{"segmentation":[[225,381,213,647,356,655,366,645,380,383]],"area":45758,"bbox":[213,381,167,274],"iscrowd":0,"id":204,"image_id":5,"category_id":1},{"segmentation":[[389,379,410,568,525,402,520,362,517,360]],"area":28288,"bbox":[389,360,136,208],"iscrowd":0,"id":205,"image_id":5,"category_id":1},{"segmentation":[[548,374,656,448,513,667,398,590,545,374]],"area":75594,"bbox":[398,374,258,293],"iscrowd":0,"id":206,"image_id":5,"category_id":1},{"segmentation":[[650,402,651,443,657,448,651,462,653,624,773,625,771,622,708,593,707,580,766,408,767,399,760,396,650,396]],"area":28167,"bbox":[650,396,123,229],"iscrowd":0,"id":207,"image_id":5,"category_id":1},{"segmentation":[[540,634,651,632,650,460,537,634]],"area":19836,"bbox":[537,460,114,174],"iscrowd":0,"id":208,"image_id":5,"category_id":1},{"segmentation":[[789,355,921,399,839,646,709,592,709,579,768,407,771,395]],"area":61692,"bbox":[709,355,212,291],"iscrowd":0,"id":209,"image_id":5,"category_id":1},{"segmentation":[[1048,399,1068,402,1073,666,932,667,921,651,918,421,925,398]],"area":41695,"bbox":[918,398,155,269],"iscrowd":0,"id":210,"image_id":5,"category_id":1},{"segmentation":[[235,66,234,67,231,69,234,329,244,330,345,330,362,172,370,167,378,167,379,77,371,67]],"area":39072,"bbox":[231,66,148,264],"iscrowd":0,"id":211,"image_id":6,"category_id":1},{"segmentation":[[425,52,417,58,460,343,473,347,480,345,598,320,566,52,432,51]],"area":53576,"bbox":[417,51,181,296],"iscrowd":0,"id":212,"image_id":6,"category_id":1},{"segmentation":[[282,393,275,624,297,627,397,629,405,623,411,437,353,438,335,433,338,392]],"area":32232,"bbox":[275,392,136,237],"iscrowd":0,"id":213,"image_id":6,"category_id":1},{"segmentation":[[396,133,360,394,386,400,495,409,501,357,472,350,456,346,454,339,394,310,382,303,433,170,427,127,402,125]],"area":40044,"bbox":[360,125,141,284],"iscrowd":0,"id":214,"image_id":6,"category_id":1},{"segmentation":[[528,399,526,621,408,620,414,438,472,436,473,409,497,410,500,396]],"area":27000,"bbox":[408,396,120,225],"iscrowd":0,"id":215,"image_id":6,"category_id":1},{"segmentation":[[583,399,623,405,611,426,613,436,644,452,643,627,528,626,531,394]],"area":27028,"bbox":[528,394,116,233],"iscrowd":0,"id":216,"image_id":6,"category_id":1},{"segmentation":[[774,416,780,653,780,655,646,656,645,642,647,453,735,492,766,420]],"area":32400,"bbox":[645,416,135,240],"iscrowd":0,"id":217,"image_id":6,"category_id":1},{"segmentation":[[809,399,885,398,914,403,924,658,789,655,783,641,782,637,777,414]],"area":38220,"bbox":[777,398,147,260],"iscrowd":0,"id":218,"image_id":6,"category_id":1},{"segmentation":[[930,405,1064,402,1084,406,1090,681,941,680,931,663,927,413]],"area":45477,"bbox":[927,402,163,279],"iscrowd":0,"id":219,"image_id":6,"category_id":1},{"segmentation":[[865,205,938,323,712,449,702,454,643,343,643,317]],"area":73455,"bbox":[643,205,295,249],"iscrowd":0,"id":220,"image_id":6,"category_id":1},{"segmentation":[[608,193,616,180,833,69,891,189,670,302,668,303]],"area":66222,"bbox":[608,69,283,234],"iscrowd":0,"id":221,"image_id":6,"category_id":1},{"segmentation":[[972,70,980,83,968,325,960,330,934,330,943,322,868,204,893,190,846,89]],"area":34840,"bbox":[846,70,134,260],"iscrowd":0,"id":222,"image_id":6,"category_id":1},{"segmentation":[[995,105,1034,108,1028,343,911,344,931,333,963,332,972,326,980,104]],"area":29520,"bbox":[911,104,123,240],"iscrowd":0,"id":223,"image_id":6,"category_id":1},{"segmentation":[[235,68,238,202,245,206,275,205,275,200,271,66]],"area":5600,"bbox":[235,66,40,140],"iscrowd":0,"id":224,"image_id":7,"category_id":1},{"segmentation":[[278,65,310,66,313,201,314,205,280,206,277,199,273,67]],"area":5781,"bbox":[273,65,41,141],"iscrowd":0,"id":225,"image_id":7,"category_id":1},{"segmentation":[[314,65,351,66,350,200,358,206,317,205,316,201,312,68]],"area":6486,"bbox":[312,65,46,141],"iscrowd":0,"id":226,"image_id":7,"category_id":1},{"segmentation":[[358,65,390,65,390,201,398,204,360,206,352,199,353,66]],"area":6486,"bbox":[352,65,46,141],"iscrowd":0,"id":227,"image_id":7,"category_id":1},{"segmentation":[[396,66,429,66,427,204,401,204,393,199,392,67]],"area":5106,"bbox":[392,66,37,138],"iscrowd":0,"id":228,"image_id":7,"category_id":1},{"segmentation":[[434,68,466,68,464,205,468,208,436,206,429,206,431,68]],"area":5460,"bbox":[429,68,39,140],"iscrowd":0,"id":229,"image_id":7,"category_id":1},{"segmentation":[[470,68,503,68,502,206,469,207,467,204,468,69]],"area":5004,"bbox":[467,68,36,139],"iscrowd":0,"id":230,"image_id":7,"category_id":1},{"segmentation":[[540,69,539,204,503,206,504,68]],"area":5106,"bbox":[503,68,37,138],"iscrowd":0,"id":231,"image_id":7,"category_id":1},{"segmentation":[[577,70,576,206,538,205,542,68]],"area":5382,"bbox":[538,68,39,138],"iscrowd":0,"id":232,"image_id":7,"category_id":1},{"segmentation":[[616,70,616,146,597,147,595,206,579,206,579,69]],"area":5069,"bbox":[579,69,37,137],"iscrowd":0,"id":233,"image_id":7,"category_id":1},{"segmentation":[[653,68,652,147,618,146,617,67]],"area":2880,"bbox":[617,67,36,80],"iscrowd":0,"id":234,"image_id":7,"category_id":1},{"segmentation":[[690,71,691,145,654,146,655,69]],"area":2849,"bbox":[654,69,37,77],"iscrowd":0,"id":235,"image_id":7,"category_id":1},{"segmentation":[[730,73,729,142,702,143,702,146,693,145,693,73,695,71]],"area":2775,"bbox":[693,71,37,75],"iscrowd":0,"id":236,"image_id":7,"category_id":1},{"segmentation":[[739,71,767,72,765,143,731,143,731,72]],"area":2592,"bbox":[731,71,36,72],"iscrowd":0,"id":237,"image_id":7,"category_id":1},{"segmentation":[[801,71,803,143,767,143,770,70]],"area":2628,"bbox":[767,70,36,73],"iscrowd":0,"id":238,"image_id":7,"category_id":1},{"segmentation":[[841,69,840,144,806,143,804,69]],"area":2775,"bbox":[804,69,37,75],"iscrowd":0,"id":239,"image_id":7,"category_id":1},{"segmentation":[[879,69,877,138,867,138,862,145,843,144,844,144,842,68,845,66,875,66]],"area":2923,"bbox":[842,66,37,79],"iscrowd":0,"id":240,"image_id":7,"category_id":1},{"segmentation":[[915,65,916,138,880,136,882,67,887,64]],"area":2664,"bbox":[880,64,36,74],"iscrowd":0,"id":241,"image_id":7,"category_id":1},{"segmentation":[[953,65,954,139,922,141,917,145,918,66,922,64]],"area":2997,"bbox":[917,64,37,81],"iscrowd":0,"id":242,"image_id":7,"category_id":1},{"segmentation":[[994,65,994,139,956,140,956,67,960,64]],"area":2888,"bbox":[956,64,38,76],"iscrowd":0,"id":243,"image_id":7,"category_id":1},{"segmentation":[[1033,66,1030,141,996,140,996,64]],"area":2849,"bbox":[996,64,37,77],"iscrowd":0,"id":244,"image_id":7,"category_id":1},{"segmentation":[[1068,67,1068,138,1033,140,1035,65]],"area":2625,"bbox":[1033,65,35,75],"iscrowd":0,"id":245,"image_id":7,"category_id":1},{"segmentation":[[242,209,246,345,286,345,282,208,279,207]],"area":6072,"bbox":[242,207,44,138],"iscrowd":0,"id":246,"image_id":7,"category_id":1},{"segmentation":[[322,209,328,343,332,347,311,349,288,346,284,208]],"area":6768,"bbox":[284,208,48,141],"iscrowd":0,"id":247,"image_id":7,"category_id":1},{"segmentation":[[361,209,367,342,373,347,336,347,328,342,325,208]],"area":6672,"bbox":[325,208,48,139],"iscrowd":0,"id":248,"image_id":7,"category_id":1},{"segmentation":[[406,342,401,205,363,208,368,342,376,347,404,347]],"area":6106,"bbox":[363,205,43,142],"iscrowd":0,"id":249,"image_id":7,"category_id":1},{"segmentation":[[445,343,441,208,427,206,403,206,408,342,413,347,441,347]],"area":5922,"bbox":[403,206,42,141],"iscrowd":0,"id":250,"image_id":7,"category_id":1},{"segmentation":[[451,347,483,346,481,337,479,208,464,208,442,209,446,343]],"area":5699,"bbox":[442,208,41,139],"iscrowd":0,"id":251,"image_id":7,"category_id":1},{"segmentation":[[517,208,520,343,527,347,487,345,484,346,483,335,480,208]],"area":6533,"bbox":[480,208,47,139],"iscrowd":0,"id":252,"image_id":7,"category_id":1},{"segmentation":[[556,209,557,342,563,347,529,347,521,342,519,207]],"area":6160,"bbox":[519,207,44,140],"iscrowd":0,"id":253,"image_id":7,"category_id":1},{"segmentation":[[594,210,595,342,598,347,565,347,558,342,558,206,594,208]],"area":5640,"bbox":[558,206,40,141],"iscrowd":0,"id":254,"image_id":7,"category_id":1},{"segmentation":[[607,338,616,345,636,345,653,335,646,148,600,149,597,207,600,335]],"area":11032,"bbox":[597,148,56,197],"iscrowd":0,"id":255,"image_id":7,"category_id":1},{"segmentation":[[651,343,669,343,702,330,698,147,693,147,648,148,654,335]],"area":10584,"bbox":[648,147,54,196],"iscrowd":0,"id":256,"image_id":7,"category_id":1},{"segmentation":[[753,149,752,330,725,339,686,338,705,330,701,149,705,145,753,145]],"area":12998,"bbox":[686,145,67,194],"iscrowd":0,"id":257,"image_id":7,"category_id":1},{"segmentation":[[757,147,757,331,733,340,767,338,803,333,807,328,807,146,764,145]],"area":14430,"bbox":[733,145,74,195],"iscrowd":0,"id":258,"image_id":7,"category_id":1},{"segmentation":[[815,146,809,153,810,328,803,336,801,337,848,338,859,331,864,147]],"area":12096,"bbox":[801,146,63,192],"iscrowd":0,"id":259,"image_id":7,"category_id":1},{"segmentation":[[915,325,886,338,853,338,863,328,866,144,868,140,882,138,917,141]],"area":12800,"bbox":[853,138,64,200],"iscrowd":0,"id":260,"image_id":7,"category_id":1},{"segmentation":[[971,142,970,331,927,340,892,339,919,328,919,147,923,143]],"area":15642,"bbox":[892,142,79,198],"iscrowd":0,"id":261,"image_id":7,"category_id":1},{"segmentation":[[1026,145,1026,330,979,339,938,341,972,333,974,143,987,142,1024,142]],"area":17512,"bbox":[938,142,88,199],"iscrowd":0,"id":262,"image_id":7,"category_id":1},{"segmentation":[[996,339,1038,338,1083,329,1085,325,1086,324,1082,142,1074,139,1029,143,1027,146,1029,330,986,341]],"area":20200,"bbox":[986,139,100,202],"iscrowd":0,"id":263,"image_id":7,"category_id":1},{"segmentation":[[1086,138,1134,138,1140,329,1087,331,1083,141]],"area":11001,"bbox":[1083,138,57,193],"iscrowd":0,"id":264,"image_id":7,"category_id":1},{"segmentation":[[349,356,349,459,486,473,506,472,508,349,350,349]],"area":19716,"bbox":[349,349,159,124],"iscrowd":0,"id":265,"image_id":7,"category_id":1},{"segmentation":[[520,472,537,474,560,472,564,349,510,348,508,470]],"area":7056,"bbox":[508,348,56,126],"iscrowd":0,"id":266,"image_id":7,"category_id":1},{"segmentation":[[587,474,612,472,614,349,566,349,563,471]],"area":6375,"bbox":[563,349,51,125],"iscrowd":0,"id":267,"image_id":7,"category_id":1},{"segmentation":[[624,475,639,476,660,474,664,349,616,348,615,472]],"area":6272,"bbox":[615,348,49,128],"iscrowd":0,"id":268,"image_id":7,"category_id":1},{"segmentation":[[678,351,712,352,708,488,675,488,662,476,666,349]],"area":6950,"bbox":[662,349,50,139],"iscrowd":0,"id":269,"image_id":7,"category_id":1},{"segmentation":[[749,349,748,483,709,483,714,349]],"area":5360,"bbox":[709,349,40,134],"iscrowd":0,"id":270,"image_id":7,"category_id":1},{"segmentation":[[787,346,786,481,749,481,750,347]],"area":5130,"bbox":[749,346,38,135],"iscrowd":0,"id":271,"image_id":7,"category_id":1},{"segmentation":[[825,345,826,481,787,481,789,345]],"area":5304,"bbox":[787,345,39,136],"iscrowd":0,"id":272,"image_id":7,"category_id":1},{"segmentation":[[861,345,863,479,828,479,827,345]],"area":4824,"bbox":[827,345,36,134],"iscrowd":0,"id":273,"image_id":7,"category_id":1},{"segmentation":[[901,345,902,480,865,479,863,344]],"area":5304,"bbox":[863,344,39,136],"iscrowd":0,"id":274,"image_id":7,"category_id":1},{"segmentation":[[942,345,941,481,904,480,903,345]],"area":5304,"bbox":[903,345,39,136],"iscrowd":0,"id":275,"image_id":7,"category_id":1},{"segmentation":[[981,344,979,482,943,482,944,344]],"area":5244,"bbox":[943,344,38,138],"iscrowd":0,"id":276,"image_id":7,"category_id":1},{"segmentation":[[1021,344,1021,482,982,480,983,343]],"area":5421,"bbox":[982,343,39,139],"iscrowd":0,"id":277,"image_id":7,"category_id":1},{"segmentation":[[1061,346,1066,484,1028,486,1023,483,1023,346]],"area":6020,"bbox":[1023,346,43,140],"iscrowd":0,"id":278,"image_id":7,"category_id":1},{"segmentation":[[396,484,394,598,603,595,602,483,597,478]],"area":25080,"bbox":[394,478,209,120],"iscrowd":0,"id":279,"image_id":7,"category_id":1},{"segmentation":[[635,479,635,577,847,591,846,481,750,483,750,484,710,484,710,490,676,489,660,476,635,478]],"area":24380,"bbox":[635,476,212,115],"iscrowd":0,"id":280,"image_id":7,"category_id":1},{"segmentation":[[990,483,992,588,848,583,848,481]],"area":15408,"bbox":[848,481,144,107],"iscrowd":0,"id":281,"image_id":7,"category_id":1},{"segmentation":[[234,67,238,203,250,207,273,205,271,67]],"area":5460,"bbox":[234,67,39,140],"iscrowd":0,"id":282,"image_id":8,"category_id":1},{"segmentation":[[311,67,313,69,313,205,275,205,273,67]],"area":5520,"bbox":[273,67,40,138],"iscrowd":0,"id":283,"image_id":8,"category_id":1},{"segmentation":[[320,65,350,65,353,69,351,202,356,207,318,208,315,205,315,69]],"area":5863,"bbox":[315,65,41,143],"iscrowd":0,"id":284,"image_id":8,"category_id":1},{"segmentation":[[379,66,391,67,389,203,392,205,358,205,353,202,357,67]],"area":5421,"bbox":[353,66,39,139],"iscrowd":0,"id":285,"image_id":8,"category_id":1},{"segmentation":[[397,65,429,67,427,203,429,205,394,205,391,200,393,67]],"area":5320,"bbox":[391,65,38,140],"iscrowd":0,"id":286,"image_id":8,"category_id":1},{"segmentation":[[437,67,465,67,466,205,432,205,429,202,430,68]],"area":5106,"bbox":[429,67,37,138],"iscrowd":0,"id":287,"image_id":8,"category_id":1},{"segmentation":[[502,70,502,206,470,205,468,205,467,69]],"area":4795,"bbox":[467,69,35,137],"iscrowd":0,"id":288,"image_id":8,"category_id":1},{"segmentation":[[539,70,539,206,506,205,504,206,504,67]],"area":4865,"bbox":[504,67,35,139],"iscrowd":0,"id":289,"image_id":8,"category_id":1},{"segmentation":[[546,67,577,68,576,205,542,206,541,205,542,67]],"area":5004,"bbox":[541,67,36,139],"iscrowd":0,"id":290,"image_id":8,"category_id":1},{"segmentation":[[582,68,615,69,613,206,577,206,579,69]],"area":5244,"bbox":[577,68,38,138],"iscrowd":0,"id":291,"image_id":8,"category_id":1},{"segmentation":[[617,67,653,68,652,206,614,206]],"area":5421,"bbox":[614,67,39,139],"iscrowd":0,"id":292,"image_id":8,"category_id":1},{"segmentation":[[658,68,691,68,689,183,660,194,661,206,654,206,655,68]],"area":5106,"bbox":[654,68,37,138],"iscrowd":0,"id":293,"image_id":8,"category_id":1},{"segmentation":[[695,71,729,72,727,167,690,183,692,71]],"area":4368,"bbox":[690,71,39,112],"iscrowd":0,"id":294,"image_id":8,"category_id":1},{"segmentation":[[766,71,765,153,728,167,730,73,733,71]],"area":3648,"bbox":[728,71,38,96],"iscrowd":0,"id":295,"image_id":8,"category_id":1},{"segmentation":[[774,69,803,69,802,137,766,153,768,72]],"area":3108,"bbox":[766,69,37,84],"iscrowd":0,"id":296,"image_id":8,"category_id":1},{"segmentation":[[811,69,840,69,839,134,815,131,804,136,804,70]],"area":2412,"bbox":[804,69,36,67],"iscrowd":0,"id":297,"image_id":8,"category_id":1},{"segmentation":[[842,66,878,67,876,138,864,139,856,147,856,136,841,134]],"area":2997,"bbox":[841,66,37,81],"iscrowd":0,"id":298,"image_id":8,"category_id":1},{"segmentation":[[885,66,915,67,915,140,877,139,879,67]],"area":2812,"bbox":[877,66,38,74],"iscrowd":0,"id":299,"image_id":8,"category_id":1},{"segmentation":[[922,62,956,64,954,141,917,141,917,66]],"area":3081,"bbox":[917,62,39,79],"iscrowd":0,"id":300,"image_id":8,"category_id":1},{"segmentation":[[960,64,993,66,993,136,971,135,963,140,955,140,958,66]],"area":2888,"bbox":[955,64,38,76],"iscrowd":0,"id":301,"image_id":8,"category_id":1},{"segmentation":[[998,65,1031,66,1030,135,1023,139,995,135,995,67]],"area":2664,"bbox":[995,65,36,74],"iscrowd":0,"id":302,"image_id":8,"category_id":1},{"segmentation":[[1035,67,1068,67,1068,132,1031,133,1033,68]],"area":2442,"bbox":[1031,67,37,66],"iscrowd":0,"id":303,"image_id":8,"category_id":1},{"segmentation":[[242,210,245,344,284,345,284,265,282,208,245,208]],"area":5754,"bbox":[242,208,42,137],"iscrowd":0,"id":304,"image_id":8,"category_id":1},{"segmentation":[[321,212,327,345,286,345,285,266,284,208,316,208,322,209]],"area":5891,"bbox":[284,208,43,137],"iscrowd":0,"id":305,"image_id":8,"category_id":1},{"segmentation":[[364,210,367,344,327,346,323,226,323,212,325,209,362,207]],"area":6116,"bbox":[323,207,44,139],"iscrowd":0,"id":306,"image_id":8,"category_id":1},{"segmentation":[[402,207,406,343,408,346,368,345,365,208,366,205]],"area":6063,"bbox":[365,205,43,141],"iscrowd":0,"id":307,"image_id":8,"category_id":1},{"segmentation":[[441,208,444,343,448,345,410,345,406,342,403,209]],"area":6165,"bbox":[403,208,45,137],"iscrowd":0,"id":308,"image_id":8,"category_id":1},{"segmentation":[[482,208,483,342,486,346,450,346,445,343,442,208]],"area":6072,"bbox":[442,208,44,138],"iscrowd":0,"id":309,"image_id":8,"category_id":1},{"segmentation":[[521,208,519,342,522,345,488,346,485,342,483,208]],"area":5382,"bbox":[483,208,39,138],"iscrowd":0,"id":310,"image_id":8,"category_id":1},{"segmentation":[[557,208,558,340,562,344,524,344,521,343,523,208]],"area":5576,"bbox":[521,208,41,136],"iscrowd":0,"id":311,"image_id":8,"category_id":1},{"segmentation":[[595,209,594,341,598,345,565,344,559,340,560,209]],"area":5304,"bbox":[559,209,39,136],"iscrowd":0,"id":312,"image_id":8,"category_id":1},{"segmentation":[[634,208,631,341,633,344,599,345,596,340,598,208]],"area":5206,"bbox":[596,208,38,137],"iscrowd":0,"id":313,"image_id":8,"category_id":1},{"segmentation":[[662,208,657,330,669,331,669,345,670,346,635,345,633,341,635,209]],"area":5106,"bbox":[633,208,37,138],"iscrowd":0,"id":314,"image_id":8,"category_id":1},{"segmentation":[[855,154,851,319,693,332,658,329,664,208,663,194,816,132,854,137]],"area":39400,"bbox":[658,132,197,200],"iscrowd":0,"id":315,"image_id":8,"category_id":1},{"segmentation":[[914,144,911,325,844,339,803,339,803,324,853,322,856,149,867,139,913,142]],"area":22200,"bbox":[803,139,111,200],"iscrowd":0,"id":316,"image_id":8,"category_id":1},{"segmentation":[[968,144,963,333,900,337,857,339,914,326,916,142]],"area":21867,"bbox":[857,142,111,197],"iscrowd":0,"id":317,"image_id":8,"category_id":1},{"segmentation":[[1025,325,965,326,971,138,993,138,1026,142]],"area":11468,"bbox":[965,138,61,188],"iscrowd":0,"id":318,"image_id":8,"category_id":1},{"segmentation":[[1074,134,1078,136,1084,324,1025,327,1028,142,1029,138,1034,134]],"area":11387,"bbox":[1025,134,59,193],"iscrowd":0,"id":319,"image_id":8,"category_id":1},{"segmentation":[[1089,137,1131,135,1139,324,1129,328,1075,330,1086,325,1081,137]],"area":12480,"bbox":[1075,135,64,195],"iscrowd":0,"id":320,"image_id":8,"category_id":1},{"segmentation":[[351,350,353,456,488,472,509,469,511,347,377,347,355,346]],"area":20160,"bbox":[351,346,160,126],"iscrowd":0,"id":321,"image_id":8,"category_id":1},{"segmentation":[[564,348,563,469,534,472,511,468,513,347,564,345]],"area":6731,"bbox":[511,345,53,127],"iscrowd":0,"id":322,"image_id":8,"category_id":1},{"segmentation":[[616,349,614,470,590,472,565,468,567,345,617,347]],"area":6604,"bbox":[565,345,52,127],"iscrowd":0,"id":323,"image_id":8,"category_id":1},{"segmentation":[[671,352,665,466,643,472,615,469,619,346,671,349]],"area":7056,"bbox":[615,346,56,126],"iscrowd":0,"id":324,"image_id":8,"category_id":1},{"segmentation":[[714,348,713,482,678,483,667,466,674,349]],"area":6345,"bbox":[667,348,47,135],"iscrowd":0,"id":325,"image_id":8,"category_id":1},{"segmentation":[[750,347,752,483,716,482,717,348]],"area":4896,"bbox":[716,347,36,136],"iscrowd":0,"id":326,"image_id":8,"category_id":1},{"segmentation":[[787,347,789,481,753,481,753,346]],"area":4860,"bbox":[753,346,36,135],"iscrowd":0,"id":327,"image_id":8,"category_id":1},{"segmentation":[[828,345,828,481,791,480,790,347]],"area":5168,"bbox":[790,345,38,136],"iscrowd":0,"id":328,"image_id":8,"category_id":1},{"segmentation":[[864,345,864,481,829,481,829,344]],"area":4795,"bbox":[829,344,35,137],"iscrowd":0,"id":329,"image_id":8,"category_id":1},{"segmentation":[[897,340,892,477,961,518,1014,519,1018,328,966,330,964,336]],"area":24066,"bbox":[892,328,126,191],"iscrowd":0,"id":330,"image_id":8,"category_id":1},{"segmentation":[[1072,330,1067,521,1016,519,1020,327]],"area":10864,"bbox":[1016,327,56,194],"iscrowd":0,"id":331,"image_id":8,"category_id":1},{"segmentation":[[1130,332,1120,523,1069,522,1075,332]],"area":11651,"bbox":[1069,332,61,191],"iscrowd":0,"id":332,"image_id":8,"category_id":1},{"segmentation":[[1184,330,1177,522,1123,518,1132,328]],"area":11834,"bbox":[1123,328,61,194],"iscrowd":0,"id":333,"image_id":8,"category_id":1},{"segmentation":[[987,524,993,631,956,633,857,588,851,484,898,484,962,521,987,520]],"area":21158,"bbox":[851,484,142,149],"iscrowd":0,"id":334,"image_id":8,"category_id":1},{"segmentation":[[1029,523,1032,628,1031,627,995,628,989,522,1012,520,1030,522]],"area":4644,"bbox":[989,520,43,108],"iscrowd":0,"id":335,"image_id":8,"category_id":1},{"segmentation":[[1067,525,1070,624,1036,625,1033,622,1031,522,1036,521,1066,523]],"area":4056,"bbox":[1031,521,39,104],"iscrowd":0,"id":336,"image_id":8,"category_id":1},{"segmentation":[[236,69,238,201,243,207,274,207,271,201,272,67]],"area":5320,"bbox":[236,67,38,140],"iscrowd":0,"id":337,"image_id":9,"category_id":1},{"segmentation":[[311,66,315,207,275,206,274,200,273,67]],"area":5922,"bbox":[273,66,42,141],"iscrowd":0,"id":338,"image_id":9,"category_id":1},{"segmentation":[[351,66,353,201,361,206,320,205,317,203,312,69,316,66]],"area":6860,"bbox":[312,66,49,140],"iscrowd":0,"id":339,"image_id":9,"category_id":1},{"segmentation":[[393,66,391,201,397,204,364,206,354,200,353,67,359,64]],"area":6248,"bbox":[353,64,44,142],"iscrowd":0,"id":340,"image_id":9,"category_id":1},{"segmentation":[[430,66,430,203,433,207,400,205,394,200,395,65]],"area":5538,"bbox":[394,65,39,142],"iscrowd":0,"id":341,"image_id":9,"category_id":1},{"segmentation":[[434,67,466,68,468,205,470,207,434,207,432,203,431,67]],"area":5460,"bbox":[431,67,39,140],"iscrowd":0,"id":342,"image_id":9,"category_id":1},{"segmentation":[[500,69,501,68,505,69,507,206,472,207,470,203,468,69]],"area":5421,"bbox":[468,68,39,139],"iscrowd":0,"id":343,"image_id":9,"category_id":1},{"segmentation":[[542,68,545,207,509,207,508,67]],"area":5180,"bbox":[508,67,37,140],"iscrowd":0,"id":344,"image_id":9,"category_id":1},{"segmentation":[[581,70,582,206,548,207,545,72,550,69]],"area":5106,"bbox":[545,69,37,138],"iscrowd":0,"id":345,"image_id":9,"category_id":1},{"segmentation":[[619,71,623,206,584,207,583,69]],"area":5520,"bbox":[583,69,40,138],"iscrowd":0,"id":346,"image_id":9,"category_id":1},{"segmentation":[[625,68,662,67,659,207,625,207]],"area":5180,"bbox":[625,67,37,140],"iscrowd":0,"id":347,"image_id":9,"category_id":1},{"segmentation":[[673,68,660,193,660,207,694,207,710,72,706,70]],"area":6950,"bbox":[660,68,50,139],"iscrowd":0,"id":348,"image_id":9,"category_id":1},{"segmentation":[[243,212,245,347,283,344,286,343,286,210,279,207,243,208]],"area":6020,"bbox":[243,207,43,140],"iscrowd":0,"id":349,"image_id":9,"category_id":1},{"segmentation":[[328,211,328,345,287,343,287,208,324,208]],"area":5617,"bbox":[287,208,41,137],"iscrowd":0,"id":350,"image_id":9,"category_id":1},{"segmentation":[[371,209,370,345,330,344,330,210,332,207]],"area":5658,"bbox":[330,207,41,138],"iscrowd":0,"id":351,"image_id":9,"category_id":1},{"segmentation":[[411,209,411,345,371,344,372,207]],"area":5520,"bbox":[371,207,40,138],"iscrowd":0,"id":352,"image_id":9,"category_id":1},{"segmentation":[[451,210,449,344,413,345,412,209,418,207,449,208]],"area":5382,"bbox":[412,207,39,138],"iscrowd":0,"id":353,"image_id":9,"category_id":1},{"segmentation":[[489,209,489,343,451,344,453,209]],"area":5130,"bbox":[451,209,38,135],"iscrowd":0,"id":354,"image_id":9,"category_id":1},{"segmentation":[[529,209,527,343,491,343,491,208]],"area":5130,"bbox":[491,208,38,135],"iscrowd":0,"id":355,"image_id":9,"category_id":1},{"segmentation":[[569,209,564,343,529,343,530,209]],"area":5360,"bbox":[529,209,40,134],"iscrowd":0,"id":356,"image_id":9,"category_id":1},{"segmentation":[[607,209,600,345,566,343,572,208]],"area":5617,"bbox":[566,208,41,137],"iscrowd":0,"id":357,"image_id":9,"category_id":1},{"segmentation":[[644,211,638,343,601,342,608,209,643,209]],"area":5762,"bbox":[601,209,43,134],"iscrowd":0,"id":358,"image_id":9,"category_id":1},{"segmentation":[[681,210,676,344,640,342,645,209]],"area":5535,"bbox":[640,209,41,135],"iscrowd":0,"id":359,"image_id":9,"category_id":1},{"segmentation":[[717,210,716,342,714,343,682,342,680,341,682,209,715,208]],"area":4995,"bbox":[680,208,37,135],"iscrowd":0,"id":360,"image_id":9,"category_id":1},{"segmentation":[[755,208,755,343,717,342,718,208]],"area":5130,"bbox":[717,208,38,135],"iscrowd":0,"id":361,"image_id":9,"category_id":1},{"segmentation":[[792,206,791,343,758,343,757,208]],"area":4795,"bbox":[757,206,35,137],"iscrowd":0,"id":362,"image_id":9,"category_id":1},{"segmentation":[[828,207,831,344,793,342,794,205]],"area":5282,"bbox":[793,205,38,139],"iscrowd":0,"id":363,"image_id":9,"category_id":1},{"segmentation":[[868,205,868,342,833,341,830,207]],"area":5206,"bbox":[830,205,38,137],"iscrowd":0,"id":364,"image_id":9,"category_id":1},{"segmentation":[[904,206,908,343,869,343,870,206]],"area":5343,"bbox":[869,206,39,137],"iscrowd":0,"id":365,"image_id":9,"category_id":1},{"segmentation":[[945,205,948,341,909,343,906,206]],"area":5796,"bbox":[906,205,42,138],"iscrowd":0,"id":366,"image_id":9,"category_id":1},{"segmentation":[[986,204,987,342,949,342,946,204]],"area":5658,"bbox":[946,204,41,138],"iscrowd":0,"id":367,"image_id":9,"category_id":1},{"segmentation":[[1027,202,1028,340,990,343,988,203]],"area":5640,"bbox":[988,202,40,141],"iscrowd":0,"id":368,"image_id":9,"category_id":1},{"segmentation":[[1065,203,1066,340,1056,342,1030,342,1030,203]],"area":5004,"bbox":[1030,203,36,139],"iscrowd":0,"id":369,"image_id":9,"category_id":1},{"segmentation":[[284,347,281,491,323,490,337,482,341,345,324,346,285,344]],"area":8820,"bbox":[281,344,60,147],"iscrowd":0,"id":370,"image_id":9,"category_id":1},{"segmentation":[[384,347,382,492,339,494,343,347]],"area":6615,"bbox":[339,347,45,147],"iscrowd":0,"id":371,"image_id":9,"category_id":1},{"segmentation":[[511,346,508,490,472,492,384,471,384,470,383,470,386,346,412,347]],"area":18688,"bbox":[383,346,128,146],"iscrowd":0,"id":372,"image_id":9,"category_id":1},{"segmentation":[[639,354,635,495,608,502,510,486,513,349,578,347,639,353]],"area":19995,"bbox":[510,347,129,155],"iscrowd":0,"id":373,"image_id":9,"category_id":1},{"segmentation":[[685,349,686,490,683,494,657,496,636,493,641,353,607,347]],"area":11771,"bbox":[607,347,79,149],"iscrowd":0,"id":374,"image_id":9,"category_id":1},{"segmentation":[[730,347,732,481,730,486,704,489,688,487,688,347,688,344,728,344]],"area":6380,"bbox":[688,344,44,145],"iscrowd":0,"id":375,"image_id":9,"category_id":1},{"segmentation":[[755,347,757,478,733,479,731,345]],"area":3484,"bbox":[731,345,26,134],"iscrowd":0,"id":376,"image_id":9,"category_id":1},{"segmentation":[[792,346,795,477,759,477,757,343,792,344]],"area":5092,"bbox":[757,343,38,134],"iscrowd":0,"id":377,"image_id":9,"category_id":1},{"segmentation":[[829,347,833,479,797,478,794,344,829,345]],"area":5265,"bbox":[794,344,39,135],"iscrowd":0,"id":378,"image_id":9,"category_id":1},{"segmentation":[[869,350,871,478,835,478,831,346,831,344,870,345]],"area":5360,"bbox":[831,344,40,134],"iscrowd":0,"id":379,"image_id":9,"category_id":1},{"segmentation":[[906,346,909,480,872,482,871,350,874,345]],"area":5206,"bbox":[871,345,38,137],"iscrowd":0,"id":380,"image_id":9,"category_id":1},{"segmentation":[[945,344,948,481,912,480,908,345]],"area":5480,"bbox":[908,344,40,137],"iscrowd":0,"id":381,"image_id":9,"category_id":1},{"segmentation":[[986,344,986,481,950,481,947,342]],"area":5421,"bbox":[947,342,39,139],"iscrowd":0,"id":382,"image_id":9,"category_id":1},{"segmentation":[[1027,343,1025,480,989,479,988,343]],"area":5343,"bbox":[988,343,39,137],"iscrowd":0,"id":383,"image_id":9,"category_id":1},{"segmentation":[[1065,345,1066,483,1030,482,1027,480,1027,480,1027,479,1029,344]],"area":5421,"bbox":[1027,344,39,139],"iscrowd":0,"id":384,"image_id":9,"category_id":1},{"segmentation":[[618,505,619,597,623,600,829,600,825,486,733,483,729,488,704,490,687,489,685,495,657,498,637,495,619,501]],"area":24687,"bbox":[618,483,211,117],"iscrowd":0,"id":385,"image_id":9,"category_id":1},{"segmentation":[[238,497,236,634,271,633,284,625,272,623,276,489,276,485]],"area":7152,"bbox":[236,485,48,149],"iscrowd":0,"id":386,"image_id":9,"category_id":1},{"segmentation":[[315,515,314,622,310,623,286,623,274,622,278,485,280,483,280,493,318,493,325,492,337,485,336,495,358,495]],"area":11760,"bbox":[274,483,84,140],"iscrowd":0,"id":387,"image_id":9,"category_id":1},{"segmentation":[[399,492,357,514,350,652,315,652,317,516,360,495]],"area":13440,"bbox":[315,492,84,160],"iscrowd":0,"id":388,"image_id":9,"category_id":1},{"segmentation":[[403,495,398,630,415,631,390,653,351,653,358,514,400,494]],"area":10176,"bbox":[351,494,64,159],"iscrowd":0,"id":389,"image_id":9,"category_id":1},{"segmentation":[[436,629,421,631,416,631,400,629,404,491,424,483,449,489,459,490,446,498,443,576]],"area":8732,"bbox":[400,483,59,148],"iscrowd":0,"id":390,"image_id":9,"category_id":1},{"segmentation":[[503,494,500,575,479,635,473,636,443,634,448,500,458,492,472,496]],"area":8640,"bbox":[443,492,60,144],"iscrowd":0,"id":391,"image_id":9,"category_id":1},{"segmentation":[[319,85,319,84,297,91,306,221,375,230,493,225,499,226,493,125]],"area":29492,"bbox":[297,84,202,146],"iscrowd":0,"id":392,"image_id":10,"category_id":1},{"segmentation":[[274,80,257,89,260,218,303,223,306,214,297,90,303,88]],"area":7007,"bbox":[257,80,49,143],"iscrowd":0,"id":393,"image_id":10,"category_id":1},{"segmentation":[[508,69,498,131,510,225,548,222,557,204,543,67]],"area":9322,"bbox":[498,67,59,158],"iscrowd":0,"id":394,"image_id":10,"category_id":1},{"segmentation":[[557,69,592,67,604,204,600,208,566,209,564,224,551,222,559,201,552,125]],"area":8321,"bbox":[551,67,53,157],"iscrowd":0,"id":395,"image_id":10,"category_id":1},{"segmentation":[[616,71,596,97,606,206,639,208,664,203,653,67]],"area":9588,"bbox":[596,67,68,141],"iscrowd":0,"id":396,"image_id":10,"category_id":1},{"segmentation":[[676,71,657,86,667,203,678,205,681,222,700,222,718,205,709,70]],"area":9272,"bbox":[657,70,61,152],"iscrowd":0,"id":397,"image_id":10,"category_id":1},{"segmentation":[[718,75,730,69,756,71,766,205,763,209,759,210,714,212,722,205,712,79]],"area":7722,"bbox":[712,69,54,143],"iscrowd":0,"id":398,"image_id":10,"category_id":1},{"segmentation":[[772,74,800,77,805,205,804,210,765,210,769,206,759,82]],"area":6256,"bbox":[759,74,46,136],"iscrowd":0,"id":399,"image_id":10,"category_id":1},{"segmentation":[[814,71,847,72,846,208,807,210,808,203,803,89]],"area":6116,"bbox":[803,71,44,139],"iscrowd":0,"id":400,"image_id":10,"category_id":1},{"segmentation":[[860,69,889,69,883,207,849,210,850,74,850,69]],"area":5640,"bbox":[849,69,40,141],"iscrowd":0,"id":401,"image_id":10,"category_id":1},{"segmentation":[[894,68,928,65,926,206,885,206,892,69]],"area":6063,"bbox":[885,65,43,141],"iscrowd":0,"id":402,"image_id":10,"category_id":1},{"segmentation":[[964,67,964,66,965,205,928,205,931,67]],"area":5143,"bbox":[928,66,37,139],"iscrowd":0,"id":403,"image_id":10,"category_id":1},{"segmentation":[[986,64,1009,64,1007,203,967,205,966,72,973,65]],"area":6063,"bbox":[966,64,43,141],"iscrowd":0,"id":404,"image_id":10,"category_id":1},{"segmentation":[[1030,67,1010,86,1010,203,1062,204,1065,200,1064,66]],"area":7590,"bbox":[1010,66,55,138],"iscrowd":0,"id":405,"image_id":10,"category_id":1},{"segmentation":[[340,344,486,351,507,352,515,231,491,228,344,233]],"area":21700,"bbox":[340,228,175,124],"iscrowd":0,"id":406,"image_id":10,"category_id":1},{"segmentation":[[563,229,561,341,568,346,566,348,510,350,517,231,507,229,547,224]],"area":7686,"bbox":[507,224,61,126],"iscrowd":0,"id":407,"image_id":10,"category_id":1},{"segmentation":[[599,210,599,346,604,350,571,348,564,340,564,226,568,211]],"area":5600,"bbox":[564,210,40,140],"iscrowd":0,"id":408,"image_id":10,"category_id":1},{"segmentation":[[639,215,639,343,643,347,606,348,602,342,604,210,637,211]],"area":5658,"bbox":[602,210,41,138],"iscrowd":0,"id":409,"image_id":10,"category_id":1},{"segmentation":[[678,227,676,343,678,347,644,348,642,343,641,214,643,211,664,205,676,207]],"area":5291,"bbox":[641,205,37,143],"iscrowd":0,"id":410,"image_id":10,"category_id":1},{"segmentation":[[717,224,713,358,679,359,681,226]],"area":5130,"bbox":[679,224,38,135],"iscrowd":0,"id":411,"image_id":10,"category_id":1},{"segmentation":[[754,244,754,348,719,346,719,221,719,213,753,212]],"area":4760,"bbox":[719,212,35,136],"iscrowd":0,"id":412,"image_id":10,"category_id":1},{"segmentation":[[790,212,790,347,755,346,755,212]],"area":4725,"bbox":[755,212,35,135],"iscrowd":0,"id":413,"image_id":10,"category_id":1},{"segmentation":[[829,212,829,347,792,347,792,212]],"area":4995,"bbox":[792,212,37,135],"iscrowd":0,"id":414,"image_id":10,"category_id":1},{"segmentation":[[868,211,868,345,830,346,831,210]],"area":5168,"bbox":[830,210,38,136],"iscrowd":0,"id":415,"image_id":10,"category_id":1},{"segmentation":[[907,208,907,346,869,346,869,210]],"area":5244,"bbox":[869,208,38,138],"iscrowd":0,"id":416,"image_id":10,"category_id":1},{"segmentation":[[947,208,947,344,909,344,909,207]],"area":5206,"bbox":[909,207,38,137],"iscrowd":0,"id":417,"image_id":10,"category_id":1},{"segmentation":[[988,206,987,346,950,346,949,207]],"area":5460,"bbox":[949,206,39,140],"iscrowd":0,"id":418,"image_id":10,"category_id":1},{"segmentation":[[1028,206,1027,344,988,343,989,205]],"area":5560,"bbox":[988,205,40,139],"iscrowd":0,"id":419,"image_id":10,"category_id":1},{"segmentation":[[1066,204,1065,343,1028,343,1030,205]],"area":5282,"bbox":[1028,204,38,139],"iscrowd":0,"id":420,"image_id":10,"category_id":1},{"segmentation":[[388,352,377,453,383,458,564,481,577,478,587,363,425,350,392,347]],"area":28140,"bbox":[377,347,210,134],"iscrowd":0,"id":421,"image_id":10,"category_id":1},{"segmentation":[[556,358,557,358,670,362,673,366,670,472,664,476,657,478,579,473,588,362]],"area":14040,"bbox":[556,358,117,120],"iscrowd":0,"id":422,"image_id":10,"category_id":1},{"segmentation":[[679,369,718,368,713,505,677,503,671,473,674,371]],"area":6439,"bbox":[671,368,47,137],"iscrowd":0,"id":423,"image_id":10,"category_id":1},{"segmentation":[[754,350,754,484,718,484,720,350]],"area":4824,"bbox":[718,350,36,134],"iscrowd":0,"id":424,"image_id":10,"category_id":1},{"segmentation":[[791,350,791,481,788,484,756,483,756,349,758,348,790,349]],"area":4760,"bbox":[756,348,35,136],"iscrowd":0,"id":425,"image_id":10,"category_id":1},{"segmentation":[[830,350,829,481,828,485,794,485,793,482,793,350,795,349]],"area":5032,"bbox":[793,349,37,136],"iscrowd":0,"id":426,"image_id":10,"category_id":1},{"segmentation":[[868,350,868,485,832,484,830,481,831,350,835,347,868,347]],"area":5244,"bbox":[830,347,38,138],"iscrowd":0,"id":427,"image_id":10,"category_id":1},{"segmentation":[[907,349,908,484,872,483,871,480,870,349,873,347,906,348]],"area":5206,"bbox":[870,347,38,137],"iscrowd":0,"id":428,"image_id":10,"category_id":1},{"segmentation":[[946,346,946,474,944,482,911,482,909,347]],"area":5032,"bbox":[909,346,37,136],"iscrowd":0,"id":429,"image_id":10,"category_id":1},{"segmentation":[[987,346,987,481,973,483,949,483,948,345]],"area":5382,"bbox":[948,345,39,138],"iscrowd":0,"id":430,"image_id":10,"category_id":1},{"segmentation":[[1028,348,1026,482,988,481,988,344,1028,345]],"area":5520,"bbox":[988,344,40,138],"iscrowd":0,"id":431,"image_id":10,"category_id":1},{"segmentation":[[1066,345,1066,482,1028,483,1030,345]],"area":5244,"bbox":[1028,345,38,138],"iscrowd":0,"id":432,"image_id":10,"category_id":1},{"segmentation":[[709,509,714,600,795,649,828,644,822,503,754,489,715,490,715,506,709,507]],"area":19040,"bbox":[709,489,119,160],"iscrowd":0,"id":433,"image_id":10,"category_id":1},{"segmentation":[[874,639,881,643,913,639,914,635,904,499,825,487,794,488,867,501]],"area":18720,"bbox":[794,487,120,156],"iscrowd":0,"id":434,"image_id":10,"category_id":1},{"segmentation":[[761,488,789,489,864,503,872,642,837,645,829,641,823,501]],"area":17427,"bbox":[761,488,111,157],"iscrowd":0,"id":435,"image_id":10,"category_id":1},{"segmentation":[[945,497,955,634,954,636,920,639,915,636,906,498,835,487,882,487]],"area":18240,"bbox":[835,487,120,152],"iscrowd":0,"id":436,"image_id":10,"category_id":1},{"segmentation":[[994,629,994,630,991,633,962,636,956,633,947,497,887,486,948,486,987,493]],"area":16050,"bbox":[887,486,107,150],"iscrowd":0,"id":437,"image_id":10,"category_id":1},{"segmentation":[[1028,501,1035,638,1032,640,1002,642,991,637,990,636,996,630,989,500,988,492,956,486,990,487]],"area":12324,"bbox":[956,486,79,156],"iscrowd":0,"id":438,"image_id":10,"category_id":1},{"segmentation":[[1068,486,1074,621,1074,624,1039,627,1036,623,1029,499,988,485]],"area":12212,"bbox":[988,485,86,142],"iscrowd":0,"id":439,"image_id":10,"category_id":1}],"licenses":[{"id":0,"name":"Unknown License","url":""}],"categories":[{"supercategory":"pepero","id":1,"name":"pepero"}]}