{"_via_settings":{"ui":{"annotation_editor_height":25,"annotation_editor_fontsize":0.8,"leftsidebar_width":18,"image_grid":{"img_height":80,"rshape_fill":"none","rshape_fill_opacity":0.3,"rshape_stroke":"yellow","rshape_stroke_width":2,"show_region_shape":true,"show_image_policy":"all"},"image":{"region_label":"pepero","region_color":"__via_default_region_color__","region_label_font":"10px Sans","on_image_annotation_editor_placement":"NEAR_REGION"}},"core":{"buffer_size":18,"filepath":{},"default_filepath":""},"project":{"name":"201202_pepero_"}},"_via_img_metadata":{"1.png1290220":{"filename":"1.png","size":1290220,"regions":[{"shape_attributes":{"name":"polygon","all_points_x":[237,235,270,273],"all_points_y":[204,68,67,205]},"region_attributes":{"pepero":"1"}},{"shape_attributes":{"name":"polygon","all_points_x":[282,310,313,274,271],"all_points_y":[67,66,204,205,66]},"region_attributes":{"pepero":"1"}},{"shape_attributes":{"name":"polygon","all_points_x":[315,351,351,314,312],"all_points_y":[66,66,205,205,67]},"region_attributes":{"pepero":"1"}},{"shape_attributes":{"name":"polygon","all_points_x":[355,393,389,353,354],"all_points_y":[67,66,203,204,66]},"region_attributes":{"pepero":"1"}},{"shape_attributes":{"name":"polygon","all_points_x":[406,427,427,392,395],"all_points_y":[64,65,206,205,64]},"region_attributes":{"pepero":"1"}},{"shape_attributes":{"name":"polygon","all_points_x":[435,467,466,428,429],"all_points_y":[66,67,205,206,66]},"region_attributes":{"pepero":"1"}},{"shape_attributes":{"name":"polygon","all_points_x":[473,504,504,468,468],"all_points_y":[66,67,205,206,66]},"region_attributes":{"pepero":"1"}},{"shape_attributes":{"name":"polygon","all_points_x":[507,541,539,505,505],"all_points_y":[67,68,206,205,67]},"region_attributes":{"pepero":"1"}},{"shape_attributes":{"name":"polygon","all_points_x":[544,579,577,542,542],"all_points_y":[67,68,207,207,69]},"region_attributes":{"pepero":"1"}},{"shape_attributes":{"name":"polygon","all_points_x":[617,615,579,581],"all_points_y":[68,207,207,66]},"region_attributes":{"pepero":"1"}},{"shape_attributes":{"name":"polygon","all_points_x":[624,655,653,616,619],"all_points_y":[68,68,205,207,66]},"region_attributes":{"pepero":"1"}},{"shape_attributes":{"name":"polygon","all_points_x":[656,691,690,655],"all_points_y":[65,65,204,204]},"region_attributes":{"pepero":"1"}},{"shape_attributes":{"name":"polygon","all_points_x":[694,729,728,691],"all_points_y":[64,63,203,203]},"region_attributes":{"pepero":"1"}},{"shape_attributes":{"name":"polygon","all_points_x":[731,767,766,730],"all_points_y":[63,63,203,202]},"region_attributes":{"pepero":"1"}},{"shape_attributes":{"name":"polygon","all_points_x":[770,803,802,767,769],"all_points_y":[64,65,204,204,63]},"region_attributes":{"pepero":"1"}},{"shape_attributes":{"name":"polygon","all_points_x":[806,842,839,803,804],"all_points_y":[66,67,205,204,66]},"region_attributes":{"pepero":"1"}},{"shape_attributes":{"name":"polygon","all_points_x":[849,880,877,840,843],"all_points_y":[65,65,204,205,65]},"region_attributes":{"pepero":"1"}},{"shape_attributes":{"name":"polygon","all_points_x":[885,915,915,879,883],"all_points_y":[66,66,204,204,67]},"region_attributes":{"pepero":"1"}},{"shape_attributes":{"name":"polygon","all_points_x":[922,956,954,917,918],"all_points_y":[64,64,203,204,65]},"region_attributes":{"pepero":"1"}},{"shape_attributes":{"name":"polygon","all_points_x":[963,993,993,956,957],"all_points_y":[64,65,204,204,65]},"region_attributes":{"pepero":"1"}},{"shape_attributes":{"name":"polygon","all_points_x":[996,1031,1030,995,994],"all_points_y":[65,65,202,203,65]},"region_attributes":{"pepero":"1"}},{"shape_attributes":{"name":"polygon","all_points_x":[1034,1066,1069,1031,1033],"all_points_y":[65,66,203,203,65]},"region_attributes":{"pepero":"1"}},{"shape_attributes":{"name":"polygon","all_points_x":[240,240,275,277],"all_points_y":[208,344,344,208]},"region_attributes":{"pepero":"1"}},{"shape_attributes":{"name":"polygon","all_points_x":[316,316,276,278],"all_points_y":[207,343,344,207]},"region_attributes":{"pepero":"1"}},{"shape_attributes":{"name":"polygon","all_points_x":[318,353,354,354,317],"all_points_y":[342,343,342,205,206]},"region_attributes":{"pepero":"1"}},{"shape_attributes":{"name":"polygon","all_points_x":[393,393,355,356,391],"all_points_y":[207,343,342,205,205]},"region_attributes":{"pepero":"1"}},{"shape_attributes":{"name":"polygon","all_points_x":[431,431,395,394,429],"all_points_y":[209,343,343,207,207]},"region_attributes":{"pepero":"1"}},{"shape_attributes":{"name":"polygon","all_points_x":[467,468,432,432,467],"all_points_y":[209,341,342,207,206]},"region_attributes":{"pepero":"1"}},{"shape_attributes":{"name":"polygon","all_points_x":[506,504,469,468],"all_points_y":[206,343,342,207]},"region_attributes":{"pepero":"1"}},{"shape_attributes":{"name":"polygon","all_points_x":[542,541,504,506],"all_points_y":[208,341,342,206]},"region_attributes":{"pepero":"1"}},{"shape_attributes":{"name":"polygon","all_points_x":[580,579,542,543],"all_points_y":[208,342,342,207]},"region_attributes":{"pepero":"1"}},{"shape_attributes":{"name":"polygon","all_points_x":[616,616,615,580,581,617],"all_points_y":[209,209,342,342,207,207]},"region_attributes":{"pepero":"1"}},{"shape_attributes":{"name":"polygon","all_points_x":[654,653,651,651,617,618],"all_points_y":[207,340,341,343,342,208]},"region_attributes":{"pepero":"1"}},{"shape_attributes":{"name":"polygon","all_points_x":[690,689,655,655,691],"all_points_y":[208,339,339,206,205]},"region_attributes":{"pepero":"1"}},{"shape_attributes":{"name":"polygon","all_points_x":[729,726,690,691],"all_points_y":[204,340,339,205]},"region_attributes":{"pepero":"1"}},{"shape_attributes":{"name":"polygon","all_points_x":[765,764,727,730],"all_points_y":[205,341,340,204]},"region_attributes":{"pepero":"1"}},{"shape_attributes":{"name":"polygon","all_points_x":[802,800,765,767],"all_points_y":[206,342,342,204]},"region_attributes":{"pepero":"1"}},{"shape_attributes":{"name":"polygon","all_points_x":[838,838,836,801,803],"all_points_y":[206,340,342,342,205]},"region_attributes":{"pepero":"1"}},{"shape_attributes":{"name":"polygon","all_points_x":[877,875,839,840],"all_points_y":[205,341,341,205]},"region_attributes":{"pepero":"1"}},{"shape_attributes":{"name":"polygon","all_points_x":[915,914,875,878],"all_points_y":[205,342,341,205]},"region_attributes":{"pepero":"1"}},{"shape_attributes":{"name":"polygon","all_points_x":[953,952,915,916],"all_points_y":[204,342,341,205]},"region_attributes":{"pepero":"1"}},{"shape_attributes":{"name":"polygon","all_points_x":[991,991,988,953,954],"all_points_y":[205,340,343,342,204]},"region_attributes":{"pepero":"1"}},{"shape_attributes":{"name":"polygon","all_points_x":[1030,1029,993,992,992,1029],"all_points_y":[205,342,341,206,204,204]},"region_attributes":{"pepero":"1"}},{"shape_attributes":{"name":"polygon","all_points_x":[1067,1068,1030,1031,1067],"all_points_y":[206,343,344,205,204]},"region_attributes":{"pepero":"1"}},{"shape_attributes":{"name":"polygon","all_points_x":[238,237,275,275,274],"all_points_y":[346,485,483,481,346]},"region_attributes":{"pepero":"1"}},{"shape_attributes":{"name":"polygon","all_points_x":[313,312,276,276],"all_points_y":[345,481,482,346]},"region_attributes":{"pepero":"1"}},{"shape_attributes":{"name":"polygon","all_points_x":[353,349,313,314],"all_points_y":[345,481,482,344]},"region_attributes":{"pepero":"1"}},{"shape_attributes":{"name":"polygon","all_points_x":[391,390,388,351,354],"all_points_y":[345,420,480,480,343]},"region_attributes":{"pepero":"1"}},{"shape_attributes":{"name":"polygon","all_points_x":[429,425,390,393],"all_points_y":[345,480,479,345]},"region_attributes":{"pepero":"1"}},{"shape_attributes":{"name":"polygon","all_points_x":[468,465,426,431],"all_points_y":[344,477,478,343]},"region_attributes":{"pepero":"1"}},{"shape_attributes":{"name":"polygon","all_points_x":[503,501,466,469],"all_points_y":[345,478,478,343]},"region_attributes":{"pepero":"1"}},{"shape_attributes":{"name":"polygon","all_points_x":[540,538,502,504],"all_points_y":[344,479,478,344]},"region_attributes":{"pepero":"1"}},{"shape_attributes":{"name":"polygon","all_points_x":[578,575,539,542],"all_points_y":[344,478,479,343]},"region_attributes":{"pepero":"1"}},{"shape_attributes":{"name":"polygon","all_points_x":[614,613,576,580],"all_points_y":[343,477,477,344]},"region_attributes":{"pepero":"1"}},{"shape_attributes":{"name":"polygon","all_points_x":[652,649,614,616],"all_points_y":[345,478,477,343]},"region_attributes":{"pepero":"1"}},{"shape_attributes":{"name":"polygon","all_points_x":[689,688,651,653],"all_points_y":[341,476,476,342]},"region_attributes":{"pepero":"1"}},{"shape_attributes":{"name":"polygon","all_points_x":[725,723,690,690,725],"all_points_y":[343,476,475,340,341]},"region_attributes":{"pepero":"1"}},{"shape_attributes":{"name":"polygon","all_points_x":[762,761,725,726],"all_points_y":[343,476,476,341]},"region_attributes":{"pepero":"1"}},{"shape_attributes":{"name":"polygon","all_points_x":[800,799,762,764],"all_points_y":[344,478,477,343]},"region_attributes":{"pepero":"1"}},{"shape_attributes":{"name":"polygon","all_points_x":[835,837,801,801],"all_points_y":[344,479,478,344]},"region_attributes":{"pepero":"1"}},{"shape_attributes":{"name":"polygon","all_points_x":[873,875,839,837,873],"all_points_y":[345,478,478,344,343]},"region_attributes":{"pepero":"1"}},{"shape_attributes":{"name":"polygon","all_points_x":[912,912,876,874,912],"all_points_y":[345,480,479,343,344]},"region_attributes":{"pepero":"1"}},{"shape_attributes":{"name":"polygon","all_points_x":[951,950,913,914],"all_points_y":[344,481,480,343]},"region_attributes":{"pepero":"1"}},{"shape_attributes":{"name":"polygon","all_points_x":[990,988,951,952],"all_points_y":[344,480,480,344]},"region_attributes":{"pepero":"1"}},{"shape_attributes":{"name":"polygon","all_points_x":[1029,1028,990,991],"all_points_y":[344,480,480,343]},"region_attributes":{"pepero":"1"}},{"shape_attributes":{"name":"polygon","all_points_x":[1068,1068,1033,1029,1030],"all_points_y":[345,483,482,480,345]},"region_attributes":{"pepero":"1"}},{"shape_attributes":{"name":"polygon","all_points_x":[275,276,236,237],"all_points_y":[485,625,625,488]},"region_attributes":{"pepero":"1"}},{"shape_attributes":{"name":"polygon","all_points_x":[315,316,313,278,276],"all_points_y":[484,621,622,624,485]},"region_attributes":{"pepero":"1"}},{"shape_attributes":{"name":"polygon","all_points_x":[354,355,318,316],"all_points_y":[483,619,621,484]},"region_attributes":{"pepero":"1"}},{"shape_attributes":{"name":"polygon","all_points_x":[355,356,394,445,446,356],"all_points_y":[483,620,618,567,480,481]},"region_attributes":{"pepero":"1"}}],"file_attributes":{}},"2.png1327498":{"filename":"2.png","size":1327498,"regions":[{"shape_attributes":{"name":"polygon","all_points_x":[234,237,240,275,269,235],"all_points_y":[69,203,205,204,66,67]},"region_attributes":{"pepero":"1"}},{"shape_attributes":{"name":"polygon","all_points_x":[277,306,313,312,277,272],"all_points_y":[66,66,70,204,204,66]},"region_attributes":{"pepero":"1"}},{"shape_attributes":{"name":"polygon","all_points_x":[315,349,352,351,354,314],"all_points_y":[67,66,68,201,205,205]},"region_attributes":{"pepero":"1"}},{"shape_attributes":{"name":"polygon","all_points_x":[354,385,391,389,391,356,353],"all_points_y":[66,65,67,200,204,204,200]},"region_attributes":{"pepero":"1"}},{"shape_attributes":{"name":"polygon","all_points_x":[396,427,426,393,390,392],"all_points_y":[66,67,205,205,200,66]},"region_attributes":{"pepero":"1"}},{"shape_attributes":{"name":"polygon","all_points_x":[432,466,464,465,429,427,428],"all_points_y":[66,68,203,206,205,202,66]},"region_attributes":{"pepero":"1"}},{"shape_attributes":{"name":"polygon","all_points_x":[472,497,502,502,504,465,465,467],"all_points_y":[68,67,69,203,206,207,203,68]},"region_attributes":{"pepero":"1"}},{"shape_attributes":{"name":"polygon","all_points_x":[509,540,538,540,506,504,503],"all_points_y":[66,68,204,206,206,203,68]},"region_attributes":{"pepero":"1"}},{"shape_attributes":{"name":"polygon","all_points_x":[545,573,578,576,577,542,540,541],"all_points_y":[68,68,69,204,207,207,204,68]},"region_attributes":{"pepero":"1"}},{"shape_attributes":{"name":"polygon","all_points_x":[583,616,614,617,579,577,580],"all_points_y":[68,68,200,206,206,203,69]},"region_attributes":{"pepero":"1"}},{"shape_attributes":{"name":"polygon","all_points_x":[619,654,652,653,619,615],"all_points_y":[67,67,201,206,206,200]},"region_attributes":{"pepero":"1"}},{"shape_attributes":{"name":"polygon","all_points_x":[658,691,691,691,654,656],"all_points_y":[64,65,201,204,203,65]},"region_attributes":{"pepero":"1"}},{"shape_attributes":{"name":"polygon","all_points_x":[698,728,728,692,694],"all_points_y":[64,64,202,202,65]},"region_attributes":{"pepero":"1"}},{"shape_attributes":{"name":"polygon","all_points_x":[732,766,765,730,730],"all_points_y":[65,64,203,202,65]},"region_attributes":{"pepero":"1"}},{"shape_attributes":{"name":"polygon","all_points_x":[771,802,802,766,767],"all_points_y":[65,66,204,204,65]},"region_attributes":{"pepero":"1"}},{"shape_attributes":{"name":"polygon","all_points_x":[806,812,840,839,804,804],"all_points_y":[67,65,66,205,205,68]},"region_attributes":{"pepero":"1"}},{"shape_attributes":{"name":"polygon","all_points_x":[844,877,876,840,842],"all_points_y":[65,66,204,204,66]},"region_attributes":{"pepero":"1"}},{"shape_attributes":{"name":"polygon","all_points_x":[886,916,915,878,879],"all_points_y":[66,66,203,204,68]},"region_attributes":{"pepero":"1"}},{"shape_attributes":{"name":"polygon","all_points_x":[928,953,954,918,918],"all_points_y":[63,64,204,204,66]},"region_attributes":{"pepero":"1"}},{"shape_attributes":{"name":"polygon","all_points_x":[960,993,992,956,956],"all_points_y":[65,66,202,204,67]},"region_attributes":{"pepero":"1"}},{"shape_attributes":{"name":"polygon","all_points_x":[996,1031,1031,993,995],"all_points_y":[64,65,201,202,66]},"region_attributes":{"pepero":"1"}},{"shape_attributes":{"name":"polygon","all_points_x":[1040,1069,1068,1031,1033,1037],"all_points_y":[66,66,204,203,69,66]},"region_attributes":{"pepero":"1"}},{"shape_attributes":{"name":"polygon","all_points_x":[239,239,273,277,276],"all_points_y":[206,346,345,343,205]},"region_attributes":{"pepero":"1"}},{"shape_attributes":{"name":"polygon","all_points_x":[278,278,316,316,312],"all_points_y":[205,343,343,207,205]},"region_attributes":{"pepero":"1"}},{"shape_attributes":{"name":"polygon","all_points_x":[355,354,318,318],"all_points_y":[206,343,343,206]},"region_attributes":{"pepero":"1"}},{"shape_attributes":{"name":"polygon","all_points_x":[392,393,355,356,391],"all_points_y":[208,341,342,205,206]},"region_attributes":{"pepero":"1"}},{"shape_attributes":{"name":"polygon","all_points_x":[431,431,394,393,428],"all_points_y":[208,342,342,206,206]},"region_attributes":{"pepero":"1"}},{"shape_attributes":{"name":"polygon","all_points_x":[467,469,433,432,464],"all_points_y":[209,342,342,207,207]},"region_attributes":{"pepero":"1"}},{"shape_attributes":{"name":"polygon","all_points_x":[504,506,470,468],"all_points_y":[208,342,342,208]},"region_attributes":{"pepero":"1"}},{"shape_attributes":{"name":"polygon","all_points_x":[542,542,507,506,539],"all_points_y":[210,342,341,208,208]},"region_attributes":{"pepero":"1"}},{"shape_attributes":{"name":"polygon","all_points_x":[580,579,544,543],"all_points_y":[209,341,342,208]},"region_attributes":{"pepero":"1"}},{"shape_attributes":{"name":"polygon","all_points_x":[587,591,620,615,617,581,580,583,585],"all_points_y":[346,349,349,340,207,207,341,345,346]},"region_attributes":{"pepero":"1"}},{"shape_attributes":{"name":"polygon","all_points_x":[653,653,653,631,624,622,617,619],"all_points_y":[208,339,342,342,343,349,341,208]},"region_attributes":{"pepero":"1"}},{"shape_attributes":{"name":"polygon","all_points_x":[691,690,655,655],"all_points_y":[206,340,341,205]},"region_attributes":{"pepero":"1"}},{"shape_attributes":{"name":"polygon","all_points_x":[729,728,692,692],"all_points_y":[205,340,340,204]},"region_attributes":{"pepero":"1"}},{"shape_attributes":{"name":"polygon","all_points_x":[766,764,729,730],"all_points_y":[205,340,341,204]},"region_attributes":{"pepero":"1"}},{"shape_attributes":{"name":"polygon","all_points_x":[801,801,800,766,767],"all_points_y":[207,207,342,341,205]},"region_attributes":{"pepero":"1"}},{"shape_attributes":{"name":"polygon","all_points_x":[840,837,802,802],"all_points_y":[207,342,342,207]},"region_attributes":{"pepero":"1"}},{"shape_attributes":{"name":"polygon","all_points_x":[875,875,839,841,874],"all_points_y":[207,343,342,206,205]},"region_attributes":{"pepero":"1"}},{"shape_attributes":{"name":"polygon","all_points_x":[884,914,913,876,877],"all_points_y":[206,206,341,343,205]},"region_attributes":{"pepero":"1"}},{"shape_attributes":{"name":"polygon","all_points_x":[953,953,914,916],"all_points_y":[206,342,341,205]},"region_attributes":{"pepero":"1"}},{"shape_attributes":{"name":"polygon","all_points_x":[991,991,987,954,954],"all_points_y":[204,342,342,342,205]},"region_attributes":{"pepero":"1"}},{"shape_attributes":{"name":"polygon","all_points_x":[1030,1029,992,992,1029],"all_points_y":[205,342,341,204,204]},"region_attributes":{"pepero":"1"}},{"shape_attributes":{"name":"polygon","all_points_x":[1068,1066,1031,1031],"all_points_y":[206,345,344,204]},"region_attributes":{"pepero":"1"}},{"shape_attributes":{"name":"polygon","all_points_x":[237,238,272,275,274,275,237],"all_points_y":[352,484,483,481,477,346,346]},"region_attributes":{"pepero":"1"}},{"shape_attributes":{"name":"polygon","all_points_x":[314,311,276,276,276],"all_points_y":[345,483,483,476,345]},"region_attributes":{"pepero":"1"}},{"shape_attributes":{"name":"polygon","all_points_x":[354,351,314,315],"all_points_y":[346,480,481,345]},"region_attributes":{"pepero":"1"}},{"shape_attributes":{"name":"polygon","all_points_x":[393,390,352,355],"all_points_y":[344,480,480,344]},"region_attributes":{"pepero":"1"}},{"shape_attributes":{"name":"polygon","all_points_x":[431,428,392,395],"all_points_y":[344,480,480,343]},"region_attributes":{"pepero":"1"}},{"shape_attributes":{"name":"polygon","all_points_x":[469,466,430,432],"all_points_y":[344,479,479,344]},"region_attributes":{"pepero":"1"}},{"shape_attributes":{"name":"polygon","all_points_x":[506,504,467,471],"all_points_y":[343,477,479,343]},"region_attributes":{"pepero":"1"}},{"shape_attributes":{"name":"polygon","all_points_x":[547,541,506,508],"all_points_y":[345,479,478,342]},"region_attributes":{"pepero":"1"}},{"shape_attributes":{"name":"polygon","all_points_x":[549,543,578,588,582,579,550],"all_points_y":[346,479,480,347,347,342,344]},"region_attributes":{"pepero":"1"}},{"shape_attributes":{"name":"polygon","all_points_x":[623,624,661,664,664,626],"all_points_y":[351,478,478,469,342,344]},"region_attributes":{"pepero":"1"}},{"shape_attributes":{"name":"polygon","all_points_x":[701,701,666,665],"all_points_y":[342,476,477,342]},"region_attributes":{"pepero":"1"}},{"shape_attributes":{"name":"polygon","all_points_x":[710,710,713,742,746,747],"all_points_y":[343,474,476,475,472,343]},"region_attributes":{"pepero":"1"}},{"shape_attributes":{"name":"polygon","all_points_x":[786,786,749,749,784],"all_points_y":[345,478,477,343,344]},"region_attributes":{"pepero":"1"}},{"shape_attributes":{"name":"polygon","all_points_x":[831,831,793,789,789,831],"all_points_y":[345,481,480,475,342,344]},"region_attributes":{"pepero":"1"}},{"shape_attributes":{"name":"polygon","all_points_x":[837,866,868,904,901,876,833,832],"all_points_y":[464,478,480,479,342,345,344,462]},"region_attributes":{"pepero":"1"}},{"shape_attributes":{"name":"polygon","all_points_x":[907,943,945,910,903],"all_points_y":[480,480,343,343,344]},"region_attributes":{"pepero":"1"}},{"shape_attributes":{"name":"polygon","all_points_x":[948,979,984,986,947,945],"all_points_y":[480,482,480,343,343,480]},"region_attributes":{"pepero":"1"}},{"shape_attributes":{"name":"polygon","all_points_x":[984,990,1020,1026,1027,992,988],"all_points_y":[478,480,480,478,343,342,344]},"region_attributes":{"pepero":"1"}},{"shape_attributes":{"name":"polygon","all_points_x":[1067,1065,1029,1024,1028,1029],"all_points_y":[346,484,483,481,479,346]},"region_attributes":{"pepero":"1"}},{"shape_attributes":{"name":"polygon","all_points_x":[237,237,236,267,276,276,237],"all_points_y":[488,488,625,626,625,484,485]},"region_attributes":{"pepero":"1"}},{"shape_attributes":{"name":"polygon","all_points_x":[315,315,312,278,277],"all_points_y":[485,620,623,624,486]},"region_attributes":{"pepero":"1"}},{"shape_attributes":{"name":"polygon","all_points_x":[355,355,351,317,316],"all_points_y":[483,620,620,619,484]},"region_attributes":{"pepero":"1"}},{"shape_attributes":{"name":"polygon","all_points_x":[446,445,393,357,357],"all_points_y":[481,566,619,620,483]},"region_attributes":{"pepero":"1"}},{"shape_attributes":{"name":"polygon","all_points_x":[567,567,576,601,603,609,614,583],"all_points_y":[490,628,628,628,621,482,477,477]},"region_attributes":{"pepero":"1"}},{"shape_attributes":{"name":"polygon","all_points_x":[608,640,650,654,621,622,619,611,605],"all_points_y":[622,623,590,481,480,472,473,483,621]},"region_attributes":{"pepero":"1"}},{"shape_attributes":{"name":"polygon","all_points_x":[794,794,833,869,866,866,832,832,794],"all_points_y":[486,574,620,619,482,480,463,483,482]},"region_attributes":{"pepero":"1"}}],"file_attributes":{}},"3.png1545414":{"filename":"3.png","size":1545414,"regions":[{"shape_attributes":{"name":"polygon","all_points_x":[161,160,173,220,204,205],"all_points_y":[16,172,178,179,171,14]},"region_attributes":{"pepero":"1"}},{"shape_attributes":{"name":"polygon","all_points_x":[209,250,254,252,253,219,206,208],"all_points_y":[14,13,16,167,173,174,172,14]},"region_attributes":{"pepero":"1"}},{"shape_attributes":{"name":"polygon","all_points_x":[264,299,311,297,302,274,275,255,254,256],"all_points_y":[13,13,27,169,174,174,178,173,167,14]},"region_attributes":{"pepero":"1"}},{"shape_attributes":{"name":"polygon","all_points_x":[316,352,448,440,431,431,408,321,306,299,314],"all_points_y":[12,14,104,106,225,230,227,174,173,168,15]},"region_attributes":{"pepero":"1"}},{"shape_attributes":{"name":"polygon","all_points_x":[174,172,218,216,221],"all_points_y":[180,339,339,334,181]},"region_attributes":{"pepero":"1"}},{"shape_attributes":{"name":"polygon","all_points_x":[274,260,269,257,222,219,223,254],"all_points_y":[180,333,337,340,339,335,176,174]},"region_attributes":{"pepero":"1"}},{"shape_attributes":{"name":"polygon","all_points_x":[262,279,348,350,379,393,320,278,276],"all_points_y":[332,338,346,334,337,226,177,175,175]},"region_attributes":{"pepero":"1"}},{"shape_attributes":{"name":"polygon","all_points_x":[451,554,566,547,529,422,441],"all_points_y":[105,108,115,350,351,337,108]},"region_attributes":{"pepero":"1"}},{"shape_attributes":{"name":"polygon","all_points_x":[529,650,657,658,661,551,567,553,528],"all_points_y":[96,91,315,321,323,329,114,107,107]},"region_attributes":{"pepero":"1"}},{"shape_attributes":{"name":"polygon","all_points_x":[654,654,674,690,695,695,699,666,660,653],"all_points_y":[59,59,57,60,68,318,324,325,320,94]},"region_attributes":{"pepero":"1"}},{"shape_attributes":{"name":"polygon","all_points_x":[699,726,786,791,704,702,698,696],"all_points_y":[65,59,93,324,324,325,317,67]},"region_attributes":{"pepero":"1"}},{"shape_attributes":{"name":"polygon","all_points_x":[251,229,231,261,268,304,297,299,339,282],"all_points_y":[356,614,618,621,618,595,590,581,360,355]},"region_attributes":{"pepero":"1"}},{"shape_attributes":{"name":"polygon","all_points_x":[349,299,300,316,328,353,392,381,351],"all_points_y":[349,588,590,596,597,587,339,337,335]},"region_attributes":{"pepero":"1"}},{"shape_attributes":{"name":"polygon","all_points_x":[400,444,404,404,381,359,353,394,394],"all_points_y":[335,343,588,593,600,596,590,339,337]},"region_attributes":{"pepero":"1"}},{"shape_attributes":{"name":"polygon","all_points_x":[561,561,518,507,492,454,423,406,406,446,448,473],"all_points_y":[360,365,358,356,357,597,602,593,590,343,342,344]},"region_attributes":{"pepero":"1"}},{"shape_attributes":{"name":"polygon","all_points_x":[455,455,477,571,573,605,605,604,517,507,493],"all_points_y":[600,605,615,604,600,380,375,372,360,357,358]},"region_attributes":{"pepero":"1"}},{"shape_attributes":{"name":"polygon","all_points_x":[622,618,613,611,587,584,588,604,622],"all_points_y":[399,623,626,627,625,622,507,397,397]},"region_attributes":{"pepero":"1"}},{"shape_attributes":{"name":"polygon","all_points_x":[796,797,802,831,833,835,830,826,818,792,793,792],"all_points_y":[62,62,60,58,60,62,319,323,330,329,324,120]},"region_attributes":{"pepero":"1"}},{"shape_attributes":{"name":"polygon","all_points_x":[844,877,879,874,857,826,827,832,837,841],"all_points_y":[66,63,68,325,334,333,325,319,76,67]},"region_attributes":{"pepero":"1"}},{"shape_attributes":{"name":"polygon","all_points_x":[887,918,923,925,924,921,921,916,875,881],"all_points_y":[58,57,59,60,75,79,319,324,325,67]},"region_attributes":{"pepero":"1"}},{"shape_attributes":{"name":"polygon","all_points_x":[935,1080,1082,928,923,923,922],"all_points_y":[64,64,337,339,336,321,78]},"region_attributes":{"pepero":"1"}},{"shape_attributes":{"name":"polygon","all_points_x":[781,794,825,823,817,788,777],"all_points_y":[396,393,394,623,627,624,595]},"region_attributes":{"pepero":"1"}},{"shape_attributes":{"name":"polygon","all_points_x":[856,858,859,851,824,828,831],"all_points_y":[394,399,623,626,625,393,392]},"region_attributes":{"pepero":"1"}},{"shape_attributes":{"name":"polygon","all_points_x":[868,893,894,890,861,861,858],"all_points_y":[392,392,623,627,623,398,393]},"region_attributes":{"pepero":"1"}},{"shape_attributes":{"name":"polygon","all_points_x":[897,928,932,927,895,895],"all_points_y":[392,395,625,628,625,393]},"region_attributes":{"pepero":"1"}},{"shape_attributes":{"name":"polygon","all_points_x":[936,965,968,965,960,934,931],"all_points_y":[395,395,623,627,628,626,395]},"region_attributes":{"pepero":"1"}},{"shape_attributes":{"name":"polygon","all_points_x":[969,1000,1002,1004,1000,971,968,967],"all_points_y":[395,395,479,624,628,626,624,396]},"region_attributes":{"pepero":"1"}}],"file_attributes":{}},"4.png1498114":{"filename":"4.png","size":1498114,"regions":[{"shape_attributes":{"name":"polygon","all_points_x":[161,160,175,174,211,206,206],"all_points_y":[13,171,181,180,179,172,13]},"region_attributes":{"pepero":"1"}},{"shape_attributes":{"name":"polygon","all_points_x":[227,251,258,257,258,209,209,211],"all_points_y":[12,13,19,171,175,172,17,15]},"region_attributes":{"pepero":"1"}},{"shape_attributes":{"name":"polygon","all_points_x":[260,305,312,310,312,276,275,260,259],"all_points_y":[13,11,22,170,177,175,178,174,170]},"region_attributes":{"pepero":"1"}},{"shape_attributes":{"name":"polygon","all_points_x":[317,353,445,445,412,312,315],"all_points_y":[12,11,105,228,230,171,12]},"region_attributes":{"pepero":"1"}},{"shape_attributes":{"name":"polygon","all_points_x":[175,172,215,223,219,176],"all_points_y":[187,341,339,181,180,181]},"region_attributes":{"pepero":"1"}},{"shape_attributes":{"name":"polygon","all_points_x":[275,259,264,267,224,219,217,225,260,276],"all_points_y":[184,334,337,343,341,338,332,176,178,181]},"region_attributes":{"pepero":"1"}},{"shape_attributes":{"name":"polygon","all_points_x":[268,269,304,347,350,379,392,322,282,278,262],"all_points_y":[338,338,346,347,332,336,229,178,177,182,332]},"region_attributes":{"pepero":"1"}},{"shape_attributes":{"name":"polygon","all_points_x":[252,228,260,306,288,337,338,272],"all_points_y":[357,618,622,597,588,388,358,356]},"region_attributes":{"pepero":"1"}},{"shape_attributes":{"name":"polygon","all_points_x":[449,453,459,459,468,486,482,465],"all_points_y":[173,342,345,339,335,340,169,169]},"region_attributes":{"pepero":"1"}},{"shape_attributes":{"name":"polygon","all_points_x":[487,519,522,489,485],"all_points_y":[169,170,349,341,172]},"region_attributes":{"pepero":"1"}},{"shape_attributes":{"name":"polygon","all_points_x":[524,551,556,524,521],"all_points_y":[169,170,359,349,172]},"region_attributes":{"pepero":"1"}},{"shape_attributes":{"name":"polygon","all_points_x":[556,584,597,598,589,574,579,558,554],"all_points_y":[167,167,192,386,391,390,366,360,172]},"region_attributes":{"pepero":"1"}},{"shape_attributes":{"name":"polygon","all_points_x":[512,452,460,470,577,633,560],"all_points_y":[383,624,633,638,637,409,391]},"region_attributes":{"pepero":"1"}},{"shape_attributes":{"name":"polygon","all_points_x":[348,318,306,291,351,383,398,338],"all_points_y":[587,597,597,588,333,336,341,582]},"region_attributes":{"pepero":"1"}},{"shape_attributes":{"name":"polygon","all_points_x":[404,400,341,364,403,399,458],"all_points_y":[332,334,580,592,587,579,344]},"region_attributes":{"pepero":"1"}},{"shape_attributes":{"name":"polygon","all_points_x":[456,416,407,401,459,463,468,534,578,571,552,530,512,459],"all_points_y":[591,592,588,578,346,339,336,353,367,392,389,384,381,590]},"region_attributes":{"pepero":"1"}},{"shape_attributes":{"name":"polygon","all_points_x":[588,608,620,624,586],"all_points_y":[626,629,624,449,607]},"region_attributes":{"pepero":"1"}},{"shape_attributes":{"name":"polygon","all_points_x":[750,747,778,792,804,821,822,787],"all_points_y":[399,413,596,626,628,624,620,393]},"region_attributes":{"pepero":"1"}},{"shape_attributes":{"name":"polygon","all_points_x":[811,827,853,856,857,851,823,824,818,814],"all_points_y":[395,393,393,398,622,629,626,619,574,538]},"region_attributes":{"pepero":"1"}},{"shape_attributes":{"name":"polygon","all_points_x":[859,893,896,889,861,860],"all_points_y":[393,394,625,627,625,624]},"region_attributes":{"pepero":"1"}},{"shape_attributes":{"name":"polygon","all_points_x":[909,920,957,993,980,943],"all_points_y":[370,597,631,630,364,366]},"region_attributes":{"pepero":"1"}},{"shape_attributes":{"name":"polygon","all_points_x":[931,930,925,901,898,896,910,919,931],"all_points_y":[615,625,627,626,626,393,393,599,610]},"region_attributes":{"pepero":"1"}},{"shape_attributes":{"name":"polygon","all_points_x":[989,992,1068,1073,1079,1076,1048,995,983],"all_points_y":[373,373,374,379,638,642,643,624,376]},"region_attributes":{"pepero":"1"}},{"shape_attributes":{"name":"polygon","all_points_x":[915,1063,1074,919,914,906],"all_points_y":[66,60,334,341,339,77]},"region_attributes":{"pepero":"1"}},{"shape_attributes":{"name":"polygon","all_points_x":[848,887,895,864,840,833],"all_points_y":[58,55,316,325,324,99]},"region_attributes":{"pepero":"1"}}],"file_attributes":{}},"5.png1525321":{"filename":"5.png","size":1525321,"regions":[{"shape_attributes":{"name":"polygon","all_points_x":[240,237,237,381,388,380,376],"all_points_y":[69,69,330,331,328,81,72]},"region_attributes":{"pepero":"1"}},{"shape_attributes":{"name":"polygon","all_points_x":[402,402,518,523,533,530,391,382],"all_points_y":[80,79,75,84,326,333,340,79]},"region_attributes":{"pepero":"1"}},{"shape_attributes":{"name":"polygon","all_points_x":[532,650,652,650,532,537,526],"all_points_y":[92,91,329,335,336,327,93]},"region_attributes":{"pepero":"1"}},{"shape_attributes":{"name":"polygon","all_points_x":[668,779,777,774,653,655,653],"all_points_y":[95,95,333,335,335,327,97]},"region_attributes":{"pepero":"1"}},{"shape_attributes":{"name":"polygon","all_points_x":[790,897,896,778,781,781],"all_points_y":[105,103,334,336,328,106]},"region_attributes":{"pepero":"1"}},{"shape_attributes":{"name":"polygon","all_points_x":[928,969,970,926,924,898,900],"all_points_y":[69,69,206,206,206,225,111]},"region_attributes":{"pepero":"1"}},{"shape_attributes":{"name":"polygon","all_points_x":[978,1007,1009,973,972],"all_points_y":[68,69,207,205,69]},"region_attributes":{"pepero":"1"}},{"shape_attributes":{"name":"polygon","all_points_x":[1032,1065,1062,1024,1007,1007,1013,1011],"all_points_y":[73,73,212,207,216,211,208,92]},"region_attributes":{"pepero":"1"}},{"shape_attributes":{"name":"polygon","all_points_x":[873,874,948,963,963,924,898,898,874],"all_points_y":[339,350,350,343,208,210,228,336,336]},"region_attributes":{"pepero":"1"}},{"shape_attributes":{"name":"polygon","all_points_x":[1004,1004,963,966,966,1004],"all_points_y":[239,347,348,343,208,209]},"region_attributes":{"pepero":"1"}},{"shape_attributes":{"name":"polygon","all_points_x":[1061,1056,1007,1008,1022,1063],"all_points_y":[218,347,348,219,210,214]},"region_attributes":{"pepero":"1"}},{"shape_attributes":{"name":"polygon","all_points_x":[225,213,356,366,380],"all_points_y":[381,647,655,645,383]},"region_attributes":{"pepero":"1"}},{"shape_attributes":{"name":"polygon","all_points_x":[389,410,525,520,517],"all_points_y":[379,568,402,362,360]},"region_attributes":{"pepero":"1"}},{"shape_attributes":{"name":"polygon","all_points_x":[548,656,513,398,545],"all_points_y":[374,448,667,590,374]},"region_attributes":{"pepero":"1"}},{"shape_attributes":{"name":"polygon","all_points_x":[650,651,657,651,653,773,771,708,707,766,767,760,650],"all_points_y":[402,443,448,462,624,625,622,593,580,408,399,396,396]},"region_attributes":{"pepero":"1"}},{"shape_attributes":{"name":"polygon","all_points_x":[540,651,650,537],"all_points_y":[634,632,460,634]},"region_attributes":{"pepero":"1"}},{"shape_attributes":{"name":"polygon","all_points_x":[789,921,839,709,709,768,771],"all_points_y":[355,399,646,592,579,407,395]},"region_attributes":{"pepero":"1"}},{"shape_attributes":{"name":"polygon","all_points_x":[1048,1068,1073,932,921,918,925],"all_points_y":[399,402,666,667,651,421,398]},"region_attributes":{"pepero":"1"}}],"file_attributes":{}},"6.png1566810":{"filename":"6.png","size":1566810,"regions":[{"shape_attributes":{"name":"polygon","all_points_x":[235,234,231,234,244,345,362,370,378,379,371],"all_points_y":[66,67,69,329,330,330,172,167,167,77,67]},"region_attributes":{"pepero":"1"}},{"shape_attributes":{"name":"polygon","all_points_x":[425,417,460,473,480,598,566,432],"all_points_y":[52,58,343,347,345,320,52,51]},"region_attributes":{"pepero":"1"}},{"shape_attributes":{"name":"polygon","all_points_x":[282,275,297,397,405,411,353,335,338],"all_points_y":[393,624,627,629,623,437,438,433,392]},"region_attributes":{"pepero":"1"}},{"shape_attributes":{"name":"polygon","all_points_x":[396,360,386,495,501,472,456,454,394,382,433,427,402],"all_points_y":[133,394,400,409,357,350,346,339,310,303,170,127,125]},"region_attributes":{"pepero":"1"}},{"shape_attributes":{"name":"polygon","all_points_x":[528,526,408,414,472,473,497,500],"all_points_y":[399,621,620,438,436,409,410,396]},"region_attributes":{"pepero":"1"}},{"shape_attributes":{"name":"polygon","all_points_x":[583,623,611,613,644,643,528,531],"all_points_y":[399,405,426,436,452,627,626,394]},"region_attributes":{"pepero":"1"}},{"shape_attributes":{"name":"polygon","all_points_x":[774,780,780,646,645,647,735,766],"all_points_y":[416,653,655,656,642,453,492,420]},"region_attributes":{"pepero":"1"}},{"shape_attributes":{"name":"polygon","all_points_x":[809,885,914,924,789,783,782,777],"all_points_y":[399,398,403,658,655,641,637,414]},"region_attributes":{"pepero":"1"}},{"shape_attributes":{"name":"polygon","all_points_x":[930,1064,1084,1090,941,931,927],"all_points_y":[405,402,406,681,680,663,413]},"region_attributes":{"pepero":"1"}},{"shape_attributes":{"name":"polygon","all_points_x":[865,938,712,702,643,643],"all_points_y":[205,323,449,454,343,317]},"region_attributes":{"pepero":"1"}},{"shape_attributes":{"name":"polygon","all_points_x":[608,616,833,891,670,668],"all_points_y":[193,180,69,189,302,303]},"region_attributes":{"pepero":"1"}},{"shape_attributes":{"name":"polygon","all_points_x":[972,980,968,960,934,943,868,893,846],"all_points_y":[70,83,325,330,330,322,204,190,89]},"region_attributes":{"pepero":"1"}},{"shape_attributes":{"name":"polygon","all_points_x":[995,1034,1028,911,931,963,972,980],"all_points_y":[105,108,343,344,333,332,326,104]},"region_attributes":{"pepero":"1"}}],"file_attributes":{}},"7.png1339763":{"filename":"7.png","size":1339763,"regions":[{"shape_attributes":{"name":"polygon","all_points_x":[235,238,245,275,275,271],"all_points_y":[68,202,206,205,200,66]},"region_attributes":{"pepero":"1"}},{"shape_attributes":{"name":"polygon","all_points_x":[278,310,313,314,280,277,273],"all_points_y":[65,66,201,205,206,199,67]},"region_attributes":{"pepero":"1"}},{"shape_attributes":{"name":"polygon","all_points_x":[314,351,350,358,317,316,312],"all_points_y":[65,66,200,206,205,201,68]},"region_attributes":{"pepero":"1"}},{"shape_attributes":{"name":"polygon","all_points_x":[358,390,390,398,360,352,353],"all_points_y":[65,65,201,204,206,199,66]},"region_attributes":{"pepero":"1"}},{"shape_attributes":{"name":"polygon","all_points_x":[396,429,427,401,393,392],"all_points_y":[66,66,204,204,199,67]},"region_attributes":{"pepero":"1"}},{"shape_attributes":{"name":"polygon","all_points_x":[434,466,464,468,436,429,431],"all_points_y":[68,68,205,208,206,206,68]},"region_attributes":{"pepero":"1"}},{"shape_attributes":{"name":"polygon","all_points_x":[470,503,502,469,467,468],"all_points_y":[68,68,206,207,204,69]},"region_attributes":{"pepero":"1"}},{"shape_attributes":{"name":"polygon","all_points_x":[540,539,503,504],"all_points_y":[69,204,206,68]},"region_attributes":{"pepero":"1"}},{"shape_attributes":{"name":"polygon","all_points_x":[577,576,538,542],"all_points_y":[70,206,205,68]},"region_attributes":{"pepero":"1"}},{"shape_attributes":{"name":"polygon","all_points_x":[616,616,597,595,579,579],"all_points_y":[70,146,147,206,206,69]},"region_attributes":{"pepero":"1"}},{"shape_attributes":{"name":"polygon","all_points_x":[653,652,618,617],"all_points_y":[68,147,146,67]},"region_attributes":{"pepero":"1"}},{"shape_attributes":{"name":"polygon","all_points_x":[690,691,654,655],"all_points_y":[71,145,146,69]},"region_attributes":{"pepero":"1"}},{"shape_attributes":{"name":"polygon","all_points_x":[730,729,702,702,693,693,695],"all_points_y":[73,142,143,146,145,73,71]},"region_attributes":{"pepero":"1"}},{"shape_attributes":{"name":"polygon","all_points_x":[739,767,765,731,731],"all_points_y":[71,72,143,143,72]},"region_attributes":{"pepero":"1"}},{"shape_attributes":{"name":"polygon","all_points_x":[801,803,767,770],"all_points_y":[71,143,143,70]},"region_attributes":{"pepero":"1"}},{"shape_attributes":{"name":"polygon","all_points_x":[841,840,806,804],"all_points_y":[69,144,143,69]},"region_attributes":{"pepero":"1"}},{"shape_attributes":{"name":"polygon","all_points_x":[879,877,867,862,843,844,842,845,875],"all_points_y":[69,138,138,145,144,144,68,66,66]},"region_attributes":{"pepero":"1"}},{"shape_attributes":{"name":"polygon","all_points_x":[915,916,880,882,887],"all_points_y":[65,138,136,67,64]},"region_attributes":{"pepero":"1"}},{"shape_attributes":{"name":"polygon","all_points_x":[953,954,922,917,918,922],"all_points_y":[65,139,141,145,66,64]},"region_attributes":{"pepero":"1"}},{"shape_attributes":{"name":"polygon","all_points_x":[994,994,956,956,960],"all_points_y":[65,139,140,67,64]},"region_attributes":{"pepero":"1"}},{"shape_attributes":{"name":"polygon","all_points_x":[1033,1030,996,996],"all_points_y":[66,141,140,64]},"region_attributes":{"pepero":"1"}},{"shape_attributes":{"name":"polygon","all_points_x":[1068,1068,1033,1035],"all_points_y":[67,138,140,65]},"region_attributes":{"pepero":"1"}},{"shape_attributes":{"name":"polygon","all_points_x":[242,246,286,282,279],"all_points_y":[209,345,345,208,207]},"region_attributes":{"pepero":"1"}},{"shape_attributes":{"name":"polygon","all_points_x":[322,328,332,311,288,284],"all_points_y":[209,343,347,349,346,208]},"region_attributes":{"pepero":"1"}},{"shape_attributes":{"name":"polygon","all_points_x":[361,367,373,336,328,325],"all_points_y":[209,342,347,347,342,208]},"region_attributes":{"pepero":"1"}},{"shape_attributes":{"name":"polygon","all_points_x":[406,401,363,368,376,404],"all_points_y":[342,205,208,342,347,347]},"region_attributes":{"pepero":"1"}},{"shape_attributes":{"name":"polygon","all_points_x":[445,441,427,403,408,413,441],"all_points_y":[343,208,206,206,342,347,347]},"region_attributes":{"pepero":"1"}},{"shape_attributes":{"name":"polygon","all_points_x":[451,483,481,479,464,442,446],"all_points_y":[347,346,337,208,208,209,343]},"region_attributes":{"pepero":"1"}},{"shape_attributes":{"name":"polygon","all_points_x":[517,520,527,487,484,483,480],"all_points_y":[208,343,347,345,346,335,208]},"region_attributes":{"pepero":"1"}},{"shape_attributes":{"name":"polygon","all_points_x":[556,557,563,529,521,519],"all_points_y":[209,342,347,347,342,207]},"region_attributes":{"pepero":"1"}},{"shape_attributes":{"name":"polygon","all_points_x":[594,595,598,565,558,558,594],"all_points_y":[210,342,347,347,342,206,208]},"region_attributes":{"pepero":"1"}},{"shape_attributes":{"name":"polygon","all_points_x":[607,616,636,653,646,600,597,600],"all_points_y":[338,345,345,335,148,149,207,335]},"region_attributes":{"pepero":"1"}},{"shape_attributes":{"name":"polygon","all_points_x":[651,669,702,698,693,648,654],"all_points_y":[343,343,330,147,147,148,335]},"region_attributes":{"pepero":"1"}},{"shape_attributes":{"name":"polygon","all_points_x":[753,752,725,686,705,701,705,753],"all_points_y":[149,330,339,338,330,149,145,145]},"region_attributes":{"pepero":"1"}},{"shape_attributes":{"name":"polygon","all_points_x":[757,757,733,767,803,807,807,764],"all_points_y":[147,331,340,338,333,328,146,145]},"region_attributes":{"pepero":"1"}},{"shape_attributes":{"name":"polygon","all_points_x":[815,809,810,803,801,848,859,864],"all_points_y":[146,153,328,336,337,338,331,147]},"region_attributes":{"pepero":"1"}},{"shape_attributes":{"name":"polygon","all_points_x":[915,886,853,863,866,868,882,917],"all_points_y":[325,338,338,328,144,140,138,141]},"region_attributes":{"pepero":"1"}},{"shape_attributes":{"name":"polygon","all_points_x":[971,970,927,892,919,919,923],"all_points_y":[142,331,340,339,328,147,143]},"region_attributes":{"pepero":"1"}},{"shape_attributes":{"name":"polygon","all_points_x":[1026,1026,979,938,972,974,987,1024],"all_points_y":[145,330,339,341,333,143,142,142]},"region_attributes":{"pepero":"1"}},{"shape_attributes":{"name":"polygon","all_points_x":[996,1038,1083,1085,1086,1082,1074,1029,1027,1029,986],"all_points_y":[339,338,329,325,324,142,139,143,146,330,341]},"region_attributes":{"pepero":"1"}},{"shape_attributes":{"name":"polygon","all_points_x":[1086,1134,1140,1087,1083],"all_points_y":[138,138,329,331,141]},"region_attributes":{"pepero":"1"}},{"shape_attributes":{"name":"polygon","all_points_x":[349,349,486,506,508,350],"all_points_y":[356,459,473,472,349,349]},"region_attributes":{"pepero":"1"}},{"shape_attributes":{"name":"polygon","all_points_x":[520,537,560,564,510,508],"all_points_y":[472,474,472,349,348,470]},"region_attributes":{"pepero":"1"}},{"shape_attributes":{"name":"polygon","all_points_x":[587,612,614,566,563],"all_points_y":[474,472,349,349,471]},"region_attributes":{"pepero":"1"}},{"shape_attributes":{"name":"polygon","all_points_x":[624,639,660,664,616,615],"all_points_y":[475,476,474,349,348,472]},"region_attributes":{"pepero":"1"}},{"shape_attributes":{"name":"polygon","all_points_x":[678,712,708,675,662,666],"all_points_y":[351,352,488,488,476,349]},"region_attributes":{"pepero":"1"}},{"shape_attributes":{"name":"polygon","all_points_x":[749,748,709,714],"all_points_y":[349,483,483,349]},"region_attributes":{"pepero":"1"}},{"shape_attributes":{"name":"polygon","all_points_x":[787,786,749,750],"all_points_y":[346,481,481,347]},"region_attributes":{"pepero":"1"}},{"shape_attributes":{"name":"polygon","all_points_x":[825,826,787,789],"all_points_y":[345,481,481,345]},"region_attributes":{"pepero":"1"}},{"shape_attributes":{"name":"polygon","all_points_x":[861,863,828,827],"all_points_y":[345,479,479,345]},"region_attributes":{"pepero":"1"}},{"shape_attributes":{"name":"polygon","all_points_x":[901,902,865,863],"all_points_y":[345,480,479,344]},"region_attributes":{"pepero":"1"}},{"shape_attributes":{"name":"polygon","all_points_x":[942,941,904,903],"all_points_y":[345,481,480,345]},"region_attributes":{"pepero":"1"}},{"shape_attributes":{"name":"polygon","all_points_x":[981,979,943,944],"all_points_y":[344,482,482,344]},"region_attributes":{"pepero":"1"}},{"shape_attributes":{"name":"polygon","all_points_x":[1021,1021,982,983],"all_points_y":[344,482,480,343]},"region_attributes":{"pepero":"1"}},{"shape_attributes":{"name":"polygon","all_points_x":[1061,1066,1028,1023,1023],"all_points_y":[346,484,486,483,346]},"region_attributes":{"pepero":"1"}},{"shape_attributes":{"name":"polygon","all_points_x":[396,394,603,602,597],"all_points_y":[484,598,595,483,478]},"region_attributes":{"pepero":"1"}},{"shape_attributes":{"name":"polygon","all_points_x":[635,635,847,846,750,750,710,710,676,660,635],"all_points_y":[479,577,591,481,483,484,484,490,489,476,478]},"region_attributes":{"pepero":"1"}},{"shape_attributes":{"name":"polygon","all_points_x":[990,992,848,848],"all_points_y":[483,588,583,481]},"region_attributes":{"pepero":"1"}}],"file_attributes":{}},"8.png1302948":{"filename":"8.png","size":1302948,"regions":[{"shape_attributes":{"name":"polygon","all_points_x":[234,238,250,273,271],"all_points_y":[67,203,207,205,67]},"region_attributes":{"pepero":"1"}},{"shape_attributes":{"name":"polygon","all_points_x":[311,313,313,275,273],"all_points_y":[67,69,205,205,67]},"region_attributes":{"pepero":"1"}},{"shape_attributes":{"name":"polygon","all_points_x":[320,350,353,351,356,318,315,315],"all_points_y":[65,65,69,202,207,208,205,69]},"region_attributes":{"pepero":"1"}},{"shape_attributes":{"name":"polygon","all_points_x":[379,391,389,392,358,353,357],"all_points_y":[66,67,203,205,205,202,67]},"region_attributes":{"pepero":"1"}},{"shape_attributes":{"name":"polygon","all_points_x":[397,429,427,429,394,391,393],"all_points_y":[65,67,203,205,205,200,67]},"region_attributes":{"pepero":"1"}},{"shape_attributes":{"name":"polygon","all_points_x":[437,465,466,432,429,430],"all_points_y":[67,67,205,205,202,68]},"region_attributes":{"pepero":"1"}},{"shape_attributes":{"name":"polygon","all_points_x":[502,502,470,468,467],"all_points_y":[70,206,205,205,69]},"region_attributes":{"pepero":"1"}},{"shape_attributes":{"name":"polygon","all_points_x":[539,539,506,504,504],"all_points_y":[70,206,205,206,67]},"region_attributes":{"pepero":"1"}},{"shape_attributes":{"name":"polygon","all_points_x":[546,577,576,542,541,542],"all_points_y":[67,68,205,206,205,67]},"region_attributes":{"pepero":"1"}},{"shape_attributes":{"name":"polygon","all_points_x":[582,615,613,577,579],"all_points_y":[68,69,206,206,69]},"region_attributes":{"pepero":"1"}},{"shape_attributes":{"name":"polygon","all_points_x":[617,653,652,614],"all_points_y":[67,68,206,206]},"region_attributes":{"pepero":"1"}},{"shape_attributes":{"name":"polygon","all_points_x":[658,691,689,660,661,654,655],"all_points_y":[68,68,183,194,206,206,68]},"region_attributes":{"pepero":"1"}},{"shape_attributes":{"name":"polygon","all_points_x":[695,729,727,690,692],"all_points_y":[71,72,167,183,71]},"region_attributes":{"pepero":"1"}},{"shape_attributes":{"name":"polygon","all_points_x":[766,765,728,730,733],"all_points_y":[71,153,167,73,71]},"region_attributes":{"pepero":"1"}},{"shape_attributes":{"name":"polygon","all_points_x":[774,803,802,766,768],"all_points_y":[69,69,137,153,72]},"region_attributes":{"pepero":"1"}},{"shape_attributes":{"name":"polygon","all_points_x":[811,840,839,815,804,804],"all_points_y":[69,69,134,131,136,70]},"region_attributes":{"pepero":"1"}},{"shape_attributes":{"name":"polygon","all_points_x":[842,878,876,864,856,856,841],"all_points_y":[66,67,138,139,147,136,134]},"region_attributes":{"pepero":"1"}},{"shape_attributes":{"name":"polygon","all_points_x":[885,915,915,877,879],"all_points_y":[66,67,140,139,67]},"region_attributes":{"pepero":"1"}},{"shape_attributes":{"name":"polygon","all_points_x":[922,956,954,917,917],"all_points_y":[62,64,141,141,66]},"region_attributes":{"pepero":"1"}},{"shape_attributes":{"name":"polygon","all_points_x":[960,993,993,971,963,955,958],"all_points_y":[64,66,136,135,140,140,66]},"region_attributes":{"pepero":"1"}},{"shape_attributes":{"name":"polygon","all_points_x":[998,1031,1030,1023,995,995],"all_points_y":[65,66,135,139,135,67]},"region_attributes":{"pepero":"1"}},{"shape_attributes":{"name":"polygon","all_points_x":[1035,1068,1068,1031,1033],"all_points_y":[67,67,132,133,68]},"region_attributes":{"pepero":"1"}},{"shape_attributes":{"name":"polygon","all_points_x":[242,245,284,284,282,245],"all_points_y":[210,344,345,265,208,208]},"region_attributes":{"pepero":"1"}},{"shape_attributes":{"name":"polygon","all_points_x":[321,327,286,285,284,316,322],"all_points_y":[212,345,345,266,208,208,209]},"region_attributes":{"pepero":"1"}},{"shape_attributes":{"name":"polygon","all_points_x":[364,367,327,323,323,325,362],"all_points_y":[210,344,346,226,212,209,207]},"region_attributes":{"pepero":"1"}},{"shape_attributes":{"name":"polygon","all_points_x":[402,406,408,368,365,366],"all_points_y":[207,343,346,345,208,205]},"region_attributes":{"pepero":"1"}},{"shape_attributes":{"name":"polygon","all_points_x":[441,444,448,410,406,403],"all_points_y":[208,343,345,345,342,209]},"region_attributes":{"pepero":"1"}},{"shape_attributes":{"name":"polygon","all_points_x":[482,483,486,450,445,442],"all_points_y":[208,342,346,346,343,208]},"region_attributes":{"pepero":"1"}},{"shape_attributes":{"name":"polygon","all_points_x":[521,519,522,488,485,483],"all_points_y":[208,342,345,346,342,208]},"region_attributes":{"pepero":"1"}},{"shape_attributes":{"name":"polygon","all_points_x":[557,558,562,524,521,523],"all_points_y":[208,340,344,344,343,208]},"region_attributes":{"pepero":"1"}},{"shape_attributes":{"name":"polygon","all_points_x":[595,594,598,565,559,560],"all_points_y":[209,341,345,344,340,209]},"region_attributes":{"pepero":"1"}},{"shape_attributes":{"name":"polygon","all_points_x":[634,631,633,599,596,598],"all_points_y":[208,341,344,345,340,208]},"region_attributes":{"pepero":"1"}},{"shape_attributes":{"name":"polygon","all_points_x":[662,657,669,669,670,635,633,635],"all_points_y":[208,330,331,345,346,345,341,209]},"region_attributes":{"pepero":"1"}},{"shape_attributes":{"name":"polygon","all_points_x":[855,851,693,658,664,663,816,854],"all_points_y":[154,319,332,329,208,194,132,137]},"region_attributes":{"pepero":"1"}},{"shape_attributes":{"name":"polygon","all_points_x":[914,911,844,803,803,853,856,867,913],"all_points_y":[144,325,339,339,324,322,149,139,142]},"region_attributes":{"pepero":"1"}},{"shape_attributes":{"name":"polygon","all_points_x":[968,963,900,857,914,916],"all_points_y":[144,333,337,339,326,142]},"region_attributes":{"pepero":"1"}},{"shape_attributes":{"name":"polygon","all_points_x":[1025,965,971,993,1026],"all_points_y":[325,326,138,138,142]},"region_attributes":{"pepero":"1"}},{"shape_attributes":{"name":"polygon","all_points_x":[1074,1078,1084,1025,1028,1029,1034],"all_points_y":[134,136,324,327,142,138,134]},"region_attributes":{"pepero":"1"}},{"shape_attributes":{"name":"polygon","all_points_x":[1089,1131,1139,1129,1075,1086,1081],"all_points_y":[137,135,324,328,330,325,137]},"region_attributes":{"pepero":"1"}},{"shape_attributes":{"name":"polygon","all_points_x":[351,353,488,509,511,377,355],"all_points_y":[350,456,472,469,347,347,346]},"region_attributes":{"pepero":"1"}},{"shape_attributes":{"name":"polygon","all_points_x":[564,563,534,511,513,564],"all_points_y":[348,469,472,468,347,345]},"region_attributes":{"pepero":"1"}},{"shape_attributes":{"name":"polygon","all_points_x":[616,614,590,565,567,617],"all_points_y":[349,470,472,468,345,347]},"region_attributes":{"pepero":"1"}},{"shape_attributes":{"name":"polygon","all_points_x":[671,665,643,615,619,671],"all_points_y":[352,466,472,469,346,349]},"region_attributes":{"pepero":"1"}},{"shape_attributes":{"name":"polygon","all_points_x":[714,713,678,667,674],"all_points_y":[348,482,483,466,349]},"region_attributes":{"pepero":"1"}},{"shape_attributes":{"name":"polygon","all_points_x":[750,752,716,717],"all_points_y":[347,483,482,348]},"region_attributes":{"pepero":"1"}},{"shape_attributes":{"name":"polygon","all_points_x":[787,789,753,753],"all_points_y":[347,481,481,346]},"region_attributes":{"pepero":"1"}},{"shape_attributes":{"name":"polygon","all_points_x":[828,828,791,790],"all_points_y":[345,481,480,347]},"region_attributes":{"pepero":"1"}},{"shape_attributes":{"name":"polygon","all_points_x":[864,864,829,829],"all_points_y":[345,481,481,344]},"region_attributes":{"pepero":"1"}},{"shape_attributes":{"name":"polygon","all_points_x":[897,892,961,1014,1018,966,964],"all_points_y":[340,477,518,519,328,330,336]},"region_attributes":{"pepero":"1"}},{"shape_attributes":{"name":"polygon","all_points_x":[1072,1067,1016,1020],"all_points_y":[330,521,519,327]},"region_attributes":{"pepero":"1"}},{"shape_attributes":{"name":"polygon","all_points_x":[1130,1120,1069,1075],"all_points_y":[332,523,522,332]},"region_attributes":{"pepero":"1"}},{"shape_attributes":{"name":"polygon","all_points_x":[1184,1177,1123,1132],"all_points_y":[330,522,518,328]},"region_attributes":{"pepero":"1"}},{"shape_attributes":{"name":"polygon","all_points_x":[987,993,956,857,851,898,962,987],"all_points_y":[524,631,633,588,484,484,521,520]},"region_attributes":{"pepero":"1"}},{"shape_attributes":{"name":"polygon","all_points_x":[1029,1032,1031,995,989,1012,1030],"all_points_y":[523,628,627,628,522,520,522]},"region_attributes":{"pepero":"1"}},{"shape_attributes":{"name":"polygon","all_points_x":[1067,1070,1036,1033,1031,1036,1066],"all_points_y":[525,624,625,622,522,521,523]},"region_attributes":{"pepero":"1"}}],"file_attributes":{}},"9.png1300758":{"filename":"9.png","size":1300758,"regions":[{"shape_attributes":{"name":"polygon","all_points_x":[236,238,243,274,271,272],"all_points_y":[69,201,207,207,201,67]},"region_attributes":{"pepero":"1"}},{"shape_attributes":{"name":"polygon","all_points_x":[311,315,275,274,273],"all_points_y":[66,207,206,200,67]},"region_attributes":{"pepero":"1"}},{"shape_attributes":{"name":"polygon","all_points_x":[351,353,361,320,317,312,316],"all_points_y":[66,201,206,205,203,69,66]},"region_attributes":{"pepero":"1"}},{"shape_attributes":{"name":"polygon","all_points_x":[393,391,397,364,354,353,359],"all_points_y":[66,201,204,206,200,67,64]},"region_attributes":{"pepero":"1"}},{"shape_attributes":{"name":"polygon","all_points_x":[430,430,433,400,394,395],"all_points_y":[66,203,207,205,200,65]},"region_attributes":{"pepero":"1"}},{"shape_attributes":{"name":"polygon","all_points_x":[434,466,468,470,434,432,431],"all_points_y":[67,68,205,207,207,203,67]},"region_attributes":{"pepero":"1"}},{"shape_attributes":{"name":"polygon","all_points_x":[500,501,505,507,472,470,468],"all_points_y":[69,68,69,206,207,203,69]},"region_attributes":{"pepero":"1"}},{"shape_attributes":{"name":"polygon","all_points_x":[542,545,509,508],"all_points_y":[68,207,207,67]},"region_attributes":{"pepero":"1"}},{"shape_attributes":{"name":"polygon","all_points_x":[581,582,548,545,550],"all_points_y":[70,206,207,72,69]},"region_attributes":{"pepero":"1"}},{"shape_attributes":{"name":"polygon","all_points_x":[619,623,584,583],"all_points_y":[71,206,207,69]},"region_attributes":{"pepero":"1"}},{"shape_attributes":{"name":"polygon","all_points_x":[625,662,659,625],"all_points_y":[68,67,207,207]},"region_attributes":{"pepero":"1"}},{"shape_attributes":{"name":"polygon","all_points_x":[673,660,660,694,710,706],"all_points_y":[68,193,207,207,72,70]},"region_attributes":{"pepero":"1"}},{"shape_attributes":{"name":"polygon","all_points_x":[243,245,283,286,286,279,243],"all_points_y":[212,347,344,343,210,207,208]},"region_attributes":{"pepero":"1"}},{"shape_attributes":{"name":"polygon","all_points_x":[328,328,287,287,324],"all_points_y":[211,345,343,208,208]},"region_attributes":{"pepero":"1"}},{"shape_attributes":{"name":"polygon","all_points_x":[371,370,330,330,332],"all_points_y":[209,345,344,210,207]},"region_attributes":{"pepero":"1"}},{"shape_attributes":{"name":"polygon","all_points_x":[411,411,371,372],"all_points_y":[209,345,344,207]},"region_attributes":{"pepero":"1"}},{"shape_attributes":{"name":"polygon","all_points_x":[451,449,413,412,418,449],"all_points_y":[210,344,345,209,207,208]},"region_attributes":{"pepero":"1"}},{"shape_attributes":{"name":"polygon","all_points_x":[489,489,451,453],"all_points_y":[209,343,344,209]},"region_attributes":{"pepero":"1"}},{"shape_attributes":{"name":"polygon","all_points_x":[529,527,491,491],"all_points_y":[209,343,343,208]},"region_attributes":{"pepero":"1"}},{"shape_attributes":{"name":"polygon","all_points_x":[569,564,529,530],"all_points_y":[209,343,343,209]},"region_attributes":{"pepero":"1"}},{"shape_attributes":{"name":"polygon","all_points_x":[607,600,566,572],"all_points_y":[209,345,343,208]},"region_attributes":{"pepero":"1"}},{"shape_attributes":{"name":"polygon","all_points_x":[644,638,601,608,643],"all_points_y":[211,343,342,209,209]},"region_attributes":{"pepero":"1"}},{"shape_attributes":{"name":"polygon","all_points_x":[681,676,640,645],"all_points_y":[210,344,342,209]},"region_attributes":{"pepero":"1"}},{"shape_attributes":{"name":"polygon","all_points_x":[717,716,714,682,680,682,715],"all_points_y":[210,342,343,342,341,209,208]},"region_attributes":{"pepero":"1"}},{"shape_attributes":{"name":"polygon","all_points_x":[755,755,717,718],"all_points_y":[208,343,342,208]},"region_attributes":{"pepero":"1"}},{"shape_attributes":{"name":"polygon","all_points_x":[792,791,758,757],"all_points_y":[206,343,343,208]},"region_attributes":{"pepero":"1"}},{"shape_attributes":{"name":"polygon","all_points_x":[828,831,793,794],"all_points_y":[207,344,342,205]},"region_attributes":{"pepero":"1"}},{"shape_attributes":{"name":"polygon","all_points_x":[868,868,833,830],"all_points_y":[205,342,341,207]},"region_attributes":{"pepero":"1"}},{"shape_attributes":{"name":"polygon","all_points_x":[904,908,869,870],"all_points_y":[206,343,343,206]},"region_attributes":{"pepero":"1"}},{"shape_attributes":{"name":"polygon","all_points_x":[945,948,909,906],"all_points_y":[205,341,343,206]},"region_attributes":{"pepero":"1"}},{"shape_attributes":{"name":"polygon","all_points_x":[986,987,949,946],"all_points_y":[204,342,342,204]},"region_attributes":{"pepero":"1"}},{"shape_attributes":{"name":"polygon","all_points_x":[1027,1028,990,988],"all_points_y":[202,340,343,203]},"region_attributes":{"pepero":"1"}},{"shape_attributes":{"name":"polygon","all_points_x":[1065,1066,1056,1030,1030],"all_points_y":[203,340,342,342,203]},"region_attributes":{"pepero":"1"}},{"shape_attributes":{"name":"polygon","all_points_x":[284,281,323,337,341,324,285],"all_points_y":[347,491,490,482,345,346,344]},"region_attributes":{"pepero":"1"}},{"shape_attributes":{"name":"polygon","all_points_x":[384,382,339,343],"all_points_y":[347,492,494,347]},"region_attributes":{"pepero":"1"}},{"shape_attributes":{"name":"polygon","all_points_x":[511,508,472,384,384,383,386,412],"all_points_y":[346,490,492,471,470,470,346,347]},"region_attributes":{"pepero":"1"}},{"shape_attributes":{"name":"polygon","all_points_x":[639,635,608,510,513,578,639],"all_points_y":[354,495,502,486,349,347,353]},"region_attributes":{"pepero":"1"}},{"shape_attributes":{"name":"polygon","all_points_x":[685,686,683,657,636,641,607],"all_points_y":[349,490,494,496,493,353,347]},"region_attributes":{"pepero":"1"}},{"shape_attributes":{"name":"polygon","all_points_x":[730,732,730,704,688,688,688,728],"all_points_y":[347,481,486,489,487,347,344,344]},"region_attributes":{"pepero":"1"}},{"shape_attributes":{"name":"polygon","all_points_x":[755,757,733,731],"all_points_y":[347,478,479,345]},"region_attributes":{"pepero":"1"}},{"shape_attributes":{"name":"polygon","all_points_x":[792,795,759,757,792],"all_points_y":[346,477,477,343,344]},"region_attributes":{"pepero":"1"}},{"shape_attributes":{"name":"polygon","all_points_x":[829,833,797,794,829],"all_points_y":[347,479,478,344,345]},"region_attributes":{"pepero":"1"}},{"shape_attributes":{"name":"polygon","all_points_x":[869,871,835,831,831,870],"all_points_y":[350,478,478,346,344,345]},"region_attributes":{"pepero":"1"}},{"shape_attributes":{"name":"polygon","all_points_x":[906,909,872,871,874],"all_points_y":[346,480,482,350,345]},"region_attributes":{"pepero":"1"}},{"shape_attributes":{"name":"polygon","all_points_x":[945,948,912,908],"all_points_y":[344,481,480,345]},"region_attributes":{"pepero":"1"}},{"shape_attributes":{"name":"polygon","all_points_x":[986,986,950,947],"all_points_y":[344,481,481,342]},"region_attributes":{"pepero":"1"}},{"shape_attributes":{"name":"polygon","all_points_x":[1027,1025,989,988],"all_points_y":[343,480,479,343]},"region_attributes":{"pepero":"1"}},{"shape_attributes":{"name":"polygon","all_points_x":[1065,1066,1030,1027,1027,1027,1029],"all_points_y":[345,483,482,480,480,479,344]},"region_attributes":{"pepero":"1"}},{"shape_attributes":{"name":"polygon","all_points_x":[618,619,623,829,825,733,729,704,687,685,657,637,619],"all_points_y":[505,597,600,600,486,483,488,490,489,495,498,495,501]},"region_attributes":{"pepero":"1"}},{"shape_attributes":{"name":"polygon","all_points_x":[238,236,271,284,272,276,276],"all_points_y":[497,634,633,625,623,489,485]},"region_attributes":{"pepero":"1"}},{"shape_attributes":{"name":"polygon","all_points_x":[315,314,310,286,274,278,280,280,318,325,337,336,358],"all_points_y":[515,622,623,623,622,485,483,493,493,492,485,495,495]},"region_attributes":{"pepero":"1"}},{"shape_attributes":{"name":"polygon","all_points_x":[399,357,350,315,317,360],"all_points_y":[492,514,652,652,516,495]},"region_attributes":{"pepero":"1"}},{"shape_attributes":{"name":"polygon","all_points_x":[403,398,415,390,351,358,400],"all_points_y":[495,630,631,653,653,514,494]},"region_attributes":{"pepero":"1"}},{"shape_attributes":{"name":"polygon","all_points_x":[436,421,416,400,404,424,449,459,446,443],"all_points_y":[629,631,631,629,491,483,489,490,498,576]},"region_attributes":{"pepero":"1"}},{"shape_attributes":{"name":"polygon","all_points_x":[503,500,479,473,443,448,458,472],"all_points_y":[494,575,635,636,634,500,492,496]},"region_attributes":{"pepero":"1"}}],"file_attributes":{}},"10.png1328729":{"filename":"10.png","size":1328729,"regions":[{"shape_attributes":{"name":"polygon","all_points_x":[319,319,297,306,375,493,499,493],"all_points_y":[85,84,91,221,230,225,226,125]},"region_attributes":{"pepero":"1"}},{"shape_attributes":{"name":"polygon","all_points_x":[274,257,260,303,306,297,303],"all_points_y":[80,89,218,223,214,90,88]},"region_attributes":{"pepero":"1"}},{"shape_attributes":{"name":"polygon","all_points_x":[508,498,510,548,557,543],"all_points_y":[69,131,225,222,204,67]},"region_attributes":{"pepero":"1"}},{"shape_attributes":{"name":"polygon","all_points_x":[557,592,604,600,566,564,551,559,552],"all_points_y":[69,67,204,208,209,224,222,201,125]},"region_attributes":{"pepero":"1"}},{"shape_attributes":{"name":"polygon","all_points_x":[616,596,606,639,664,653],"all_points_y":[71,97,206,208,203,67]},"region_attributes":{"pepero":"1"}},{"shape_attributes":{"name":"polygon","all_points_x":[676,657,667,678,681,700,718,709],"all_points_y":[71,86,203,205,222,222,205,70]},"region_attributes":{"pepero":"1"}},{"shape_attributes":{"name":"polygon","all_points_x":[718,730,756,766,763,759,714,722,712],"all_points_y":[75,69,71,205,209,210,212,205,79]},"region_attributes":{"pepero":"1"}},{"shape_attributes":{"name":"polygon","all_points_x":[772,800,805,804,765,769,759],"all_points_y":[74,77,205,210,210,206,82]},"region_attributes":{"pepero":"1"}},{"shape_attributes":{"name":"polygon","all_points_x":[814,847,846,807,808,803],"all_points_y":[71,72,208,210,203,89]},"region_attributes":{"pepero":"1"}},{"shape_attributes":{"name":"polygon","all_points_x":[860,889,883,849,850,850],"all_points_y":[69,69,207,210,74,69]},"region_attributes":{"pepero":"1"}},{"shape_attributes":{"name":"polygon","all_points_x":[894,928,926,885,892],"all_points_y":[68,65,206,206,69]},"region_attributes":{"pepero":"1"}},{"shape_attributes":{"name":"polygon","all_points_x":[964,964,965,928,931],"all_points_y":[67,66,205,205,67]},"region_attributes":{"pepero":"1"}},{"shape_attributes":{"name":"polygon","all_points_x":[986,1009,1007,967,966,973],"all_points_y":[64,64,203,205,72,65]},"region_attributes":{"pepero":"1"}},{"shape_attributes":{"name":"polygon","all_points_x":[1030,1010,1010,1062,1065,1064],"all_points_y":[67,86,203,204,200,66]},"region_attributes":{"pepero":"1"}},{"shape_attributes":{"name":"polygon","all_points_x":[340,486,507,515,491,344],"all_points_y":[344,351,352,231,228,233]},"region_attributes":{"pepero":"1"}},{"shape_attributes":{"name":"polygon","all_points_x":[563,561,568,566,510,517,507,547],"all_points_y":[229,341,346,348,350,231,229,224]},"region_attributes":{"pepero":"1"}},{"shape_attributes":{"name":"polygon","all_points_x":[599,599,604,571,564,564,568],"all_points_y":[210,346,350,348,340,226,211]},"region_attributes":{"pepero":"1"}},{"shape_attributes":{"name":"polygon","all_points_x":[639,639,643,606,602,604,637],"all_points_y":[215,343,347,348,342,210,211]},"region_attributes":{"pepero":"1"}},{"shape_attributes":{"name":"polygon","all_points_x":[678,676,678,644,642,641,643,664,676],"all_points_y":[227,343,347,348,343,214,211,205,207]},"region_attributes":{"pepero":"1"}},{"shape_attributes":{"name":"polygon","all_points_x":[717,713,679,681],"all_points_y":[224,358,359,226]},"region_attributes":{"pepero":"1"}},{"shape_attributes":{"name":"polygon","all_points_x":[754,754,719,719,719,753],"all_points_y":[244,348,346,221,213,212]},"region_attributes":{"pepero":"1"}},{"shape_attributes":{"name":"polygon","all_points_x":[790,790,755,755],"all_points_y":[212,347,346,212]},"region_attributes":{"pepero":"1"}},{"shape_attributes":{"name":"polygon","all_points_x":[829,829,792,792],"all_points_y":[212,347,347,212]},"region_attributes":{"pepero":"1"}},{"shape_attributes":{"name":"polygon","all_points_x":[868,868,830,831],"all_points_y":[211,345,346,210]},"region_attributes":{"pepero":"1"}},{"shape_attributes":{"name":"polygon","all_points_x":[907,907,869,869],"all_points_y":[208,346,346,210]},"region_attributes":{"pepero":"1"}},{"shape_attributes":{"name":"polygon","all_points_x":[947,947,909,909],"all_points_y":[208,344,344,207]},"region_attributes":{"pepero":"1"}},{"shape_attributes":{"name":"polygon","all_points_x":[988,987,950,949],"all_points_y":[206,346,346,207]},"region_attributes":{"pepero":"1"}},{"shape_attributes":{"name":"polygon","all_points_x":[1028,1027,988,989],"all_points_y":[206,344,343,205]},"region_attributes":{"pepero":"1"}},{"shape_attributes":{"name":"polygon","all_points_x":[1066,1065,1028,1030],"all_points_y":[204,343,343,205]},"region_attributes":{"pepero":"1"}},{"shape_attributes":{"name":"polygon","all_points_x":[388,377,383,564,577,587,425,392],"all_points_y":[352,453,458,481,478,363,350,347]},"region_attributes":{"pepero":"1"}},{"shape_attributes":{"name":"polygon","all_points_x":[556,557,670,673,670,664,657,579,588],"all_points_y":[358,358,362,366,472,476,478,473,362]},"region_attributes":{"pepero":"1"}},{"shape_attributes":{"name":"polygon","all_points_x":[679,718,713,677,671,674],"all_points_y":[369,368,505,503,473,371]},"region_attributes":{"pepero":"1"}},{"shape_attributes":{"name":"polygon","all_points_x":[754,754,718,720],"all_points_y":[350,484,484,350]},"region_attributes":{"pepero":"1"}},{"shape_attributes":{"name":"polygon","all_points_x":[791,791,788,756,756,758,790],"all_points_y":[350,481,484,483,349,348,349]},"region_attributes":{"pepero":"1"}},{"shape_attributes":{"name":"polygon","all_points_x":[830,829,828,794,793,793,795],"all_points_y":[350,481,485,485,482,350,349]},"region_attributes":{"pepero":"1"}},{"shape_attributes":{"name":"polygon","all_points_x":[868,868,832,830,831,835,868],"all_points_y":[350,485,484,481,350,347,347]},"region_attributes":{"pepero":"1"}},{"shape_attributes":{"name":"polygon","all_points_x":[907,908,872,871,870,873,906],"all_points_y":[349,484,483,480,349,347,348]},"region_attributes":{"pepero":"1"}},{"shape_attributes":{"name":"polygon","all_points_x":[946,946,944,911,909],"all_points_y":[346,474,482,482,347]},"region_attributes":{"pepero":"1"}},{"shape_attributes":{"name":"polygon","all_points_x":[987,987,973,949,948],"all_points_y":[346,481,483,483,345]},"region_attributes":{"pepero":"1"}},{"shape_attributes":{"name":"polygon","all_points_x":[1028,1026,988,988,1028],"all_points_y":[348,482,481,344,345]},"region_attributes":{"pepero":"1"}},{"shape_attributes":{"name":"polygon","all_points_x":[1066,1066,1028,1030],"all_points_y":[345,482,483,345]},"region_attributes":{"pepero":"1"}},{"shape_attributes":{"name":"polygon","all_points_x":[709,714,795,828,822,754,715,715,709],"all_points_y":[509,600,649,644,503,489,490,506,507]},"region_attributes":{"pepero":"1"}},{"shape_attributes":{"name":"polygon","all_points_x":[874,881,913,914,904,825,794,867],"all_points_y":[639,643,639,635,499,487,488,501]},"region_attributes":{"pepero":"1"}},{"shape_attributes":{"name":"polygon","all_points_x":[761,789,864,872,837,829,823],"all_points_y":[488,489,503,642,645,641,501]},"region_attributes":{"pepero":"1"}},{"shape_attributes":{"name":"polygon","all_points_x":[945,955,954,920,915,906,835,882],"all_points_y":[497,634,636,639,636,498,487,487]},"region_attributes":{"pepero":"1"}},{"shape_attributes":{"name":"polygon","all_points_x":[994,994,991,962,956,947,887,948,987],"all_points_y":[629,630,633,636,633,497,486,486,493]},"region_attributes":{"pepero":"1"}},{"shape_attributes":{"name":"polygon","all_points_x":[1028,1035,1032,1002,991,990,996,989,988,956,990],"all_points_y":[501,638,640,642,637,636,630,500,492,486,487]},"region_attributes":{"pepero":"1"}},{"shape_attributes":{"name":"polygon","all_points_x":[1068,1074,1074,1039,1036,1029,988],"all_points_y":[486,621,624,627,623,499,485]},"region_attributes":{"pepero":"1"}}],"file_attributes":{}}},"_via_attributes":{"region":{"pepero":{"type":"radio","description":"","options":{"1":"pepero"},"default_options":{"1":true}}},"file":{}},"_via_data_format_version":"2.0.10","_via_image_id_list":["1.png1290220","2.png1327498","3.png1545414","4.png1498114","5.png1525321","6.png1566810","7.png1339763","8.png1302948","9.png1300758","10.png1328729"]}