{"info":{"year":2020,"version":"1.0","description":"VIA project exported to COCO format using VGG Image Annotator (http://www.robots.ox.ac.uk/~vgg/software/via/)","contributor":"","url":"http://www.robots.ox.ac.uk/~vgg/software/via/","date_created":"Wed Dec 02 2020 12:39:54 GMT+0900 (Korean Standard Time)"},"images":[{"id":11,"width":1280,"height":720,"file_name":"11.png","license":0,"date_captured":""},{"id":12,"width":1280,"height":720,"file_name":"12.png","license":0,"date_captured":""},{"id":13,"width":1280,"height":720,"file_name":"13.png","license":0,"date_captured":""},{"id":14,"width":1280,"height":720,"file_name":"14.png","license":0,"date_captured":""},{"id":15,"width":1280,"height":720,"file_name":"15.png","license":0,"date_captured":""},{"id":16,"width":1280,"height":720,"file_name":"16.png","license":0,"date_captured":""},{"id":17,"width":1280,"height":720,"file_name":"17.png","license":0,"date_captured":""},{"id":18,"width":1280,"height":720,"file_name":"18.png","license":0,"date_captured":""},{"id":19,"width":1280,"height":720,"file_name":"19.png","license":0,"date_captured":""},{"id":20,"width":1280,"height":720,"file_name":"20.png","license":0,"date_captured":""}],"annotations":[{"segmentation":[[131,335,151,338,177,337,248,342,248,330,182,322,179,9,174,7,156,6,141,5,136,8,130,11]],"area":39766,"bbox":[130,5,118,337],"iscrowd":0,"id":1,"image_id":11,"category_id":1},{"segmentation":[[233,2,232,322,247,331,182,322,182,4,183,3,180,2]],"area":22043,"bbox":[180,2,67,329],"iscrowd":0,"id":2,"image_id":11,"category_id":1},{"segmentation":[[282,3,282,317,292,331,249,331,234,319,236,2]],"area":19082,"bbox":[234,2,58,329],"iscrowd":0,"id":3,"image_id":11,"category_id":1},{"segmentation":[[332,2,339,2,377,46,377,324,330,328,286,319,286,3]],"area":29666,"bbox":[286,2,91,326],"iscrowd":0,"id":4,"image_id":11,"category_id":1},{"segmentation":[[382,351,391,354,405,355,422,352,447,352,446,342,420,338,415,80,400,77,386,76,377,76,380,265]],"area":19530,"bbox":[377,76,70,279],"iscrowd":0,"id":5,"image_id":11,"category_id":1},{"segmentation":[[414,63,420,62,452,63,454,65,460,338,460,343,447,344,421,338]],"area":12972,"bbox":[414,62,46,282],"iscrowd":0,"id":6,"image_id":11,"category_id":1},{"segmentation":[[477,33,482,33,484,31,488,30,503,29,522,32,524,34,521,320,546,327,546,345,521,348,478,345]],"area":22011,"bbox":[477,29,69,319],"iscrowd":0,"id":7,"image_id":11,"category_id":1},{"segmentation":[[531,9,535,8,539,7,557,6,578,9,567,319,586,327,549,327,524,321]],"area":19902,"bbox":[524,6,62,321],"iscrowd":0,"id":8,"image_id":11,"category_id":1},{"segmentation":[[583,5,587,6,591,4,612,4,631,7,635,64,625,324,600,328,577,318]],"area":18792,"bbox":[577,4,58,324],"iscrowd":0,"id":9,"image_id":11,"category_id":1},{"segmentation":[[647,67,652,67,655,66,677,66,685,67,687,329,673,332,667,331,651,331]],"area":10640,"bbox":[647,66,40,266],"iscrowd":0,"id":10,"image_id":11,"category_id":1},{"segmentation":[[687,62,691,59,695,58,720,58,727,61,728,324,715,324,688,324]],"area":10906,"bbox":[687,58,41,266],"iscrowd":0,"id":11,"image_id":11,"category_id":1},{"segmentation":[[767,67,778,330,771,332,754,334,739,332,729,68]],"area":13083,"bbox":[729,67,49,267],"iscrowd":0,"id":12,"image_id":11,"category_id":1},{"segmentation":[[867,122,869,331,778,329,773,126]],"area":20064,"bbox":[773,122,96,209],"iscrowd":0,"id":13,"image_id":11,"category_id":1},{"segmentation":[[916,101,924,98,939,98,949,102,931,330,902,335,873,333,884,131,892,121]],"area":18012,"bbox":[873,98,76,237],"iscrowd":0,"id":14,"image_id":11,"category_id":1},{"segmentation":[[980,130,975,357,961,361,949,360,940,357,911,357,911,335,932,329,949,128]],"area":16077,"bbox":[911,128,69,233],"iscrowd":0,"id":15,"image_id":11,"category_id":1},{"segmentation":[[982,117,1012,116,1015,119,1014,344,1003,347,979,346]],"area":8316,"bbox":[979,116,36,231],"iscrowd":0,"id":16,"image_id":11,"category_id":1},{"segmentation":[[927,406,935,405,1077,403,1086,409,1091,677,943,679,933,667]],"area":45264,"bbox":[927,403,164,276],"iscrowd":0,"id":17,"image_id":11,"category_id":1},{"segmentation":[[776,409,778,405,782,406,912,403,925,654,789,655]],"area":37548,"bbox":[776,403,149,252],"iscrowd":0,"id":18,"image_id":11,"category_id":1},{"segmentation":[[636,396,765,389,785,637,650,644]],"area":37995,"bbox":[636,389,149,255],"iscrowd":0,"id":19,"image_id":11,"category_id":1},{"segmentation":[[540,389,642,387,642,394,636,397,647,593,542,595]],"area":22256,"bbox":[540,387,107,208],"iscrowd":0,"id":20,"image_id":11,"category_id":1},{"segmentation":[[468,574,497,575,517,557,543,360,527,355,496,352]],"area":16725,"bbox":[468,352,75,223],"iscrowd":0,"id":21,"image_id":11,"category_id":1},{"segmentation":[[425,577,458,581,467,570,495,357,479,357,462,352,451,352,447,353]],"area":16030,"bbox":[425,352,70,229],"iscrowd":0,"id":22,"image_id":11,"category_id":1},{"segmentation":[[367,630,402,630,432,608,429,578,422,578,435,399,418,397,398,397,369,401]],"area":15844,"bbox":[367,397,68,233],"iscrowd":0,"id":23,"image_id":11,"category_id":1},{"segmentation":[[263,647,301,649,359,613,362,383,287,382,272,382,267,384]],"area":26433,"bbox":[263,382,99,267],"iscrowd":0,"id":24,"image_id":11,"category_id":1},{"segmentation":[[227,397,222,659,258,661,282,648,261,646,265,397,245,397]],"area":15840,"bbox":[222,397,60,264],"iscrowd":0,"id":25,"image_id":11,"category_id":1},{"segmentation":[[305,222,379,233,479,228,454,211,448,114,316,83,297,92]],"area":27300,"bbox":[297,83,182,150],"iscrowd":0,"id":26,"image_id":12,"category_id":1},{"segmentation":[[256,86,262,218,304,222,297,93,308,87,275,82]],"area":7280,"bbox":[256,82,52,140],"iscrowd":0,"id":27,"image_id":12,"category_id":1},{"segmentation":[[447,74,455,208,481,227,489,226,524,227,530,226,527,132,482,71]],"area":12948,"bbox":[447,71,83,156],"iscrowd":0,"id":28,"image_id":12,"category_id":1},{"segmentation":[[615,74,528,132,529,226,553,225,564,228,563,206,602,207,602,211,652,207,646,76,616,71]],"area":19468,"bbox":[528,71,124,157],"iscrowd":0,"id":29,"image_id":12,"category_id":1},{"segmentation":[[660,74,692,78,695,210,667,207,654,207,648,80]],"area":6392,"bbox":[648,74,47,136],"iscrowd":0,"id":30,"image_id":12,"category_id":1},{"segmentation":[[737,78,739,211,695,211,694,82,711,73]],"area":6210,"bbox":[694,73,45,138],"iscrowd":0,"id":31,"image_id":12,"category_id":1},{"segmentation":[[755,75,785,79,786,209,741,212,740,82]],"area":6302,"bbox":[740,75,46,137],"iscrowd":0,"id":32,"image_id":12,"category_id":1},{"segmentation":[[798,78,828,82,830,211,787,212,786,83]],"area":5896,"bbox":[786,78,44,134],"iscrowd":0,"id":33,"image_id":12,"category_id":1},{"segmentation":[[839,72,875,72,876,209,831,212,829,82]],"area":6580,"bbox":[829,72,47,140],"iscrowd":0,"id":34,"image_id":12,"category_id":1},{"segmentation":[[878,67,914,68,912,204,877,205]],"area":5106,"bbox":[877,67,37,138],"iscrowd":0,"id":35,"image_id":12,"category_id":1},{"segmentation":[[918,65,955,67,952,205,916,205]],"area":5460,"bbox":[916,65,39,140],"iscrowd":0,"id":36,"image_id":12,"category_id":1},{"segmentation":[[992,67,991,205,955,207,957,67]],"area":5180,"bbox":[955,67,37,140],"iscrowd":0,"id":37,"image_id":12,"category_id":1},{"segmentation":[[1032,67,1029,203,994,202,997,67]],"area":5168,"bbox":[994,67,38,136],"iscrowd":0,"id":38,"image_id":12,"category_id":1},{"segmentation":[[1067,67,1067,203,1033,203,1035,67]],"area":4624,"bbox":[1033,67,34,136],"iscrowd":0,"id":39,"image_id":12,"category_id":1},{"segmentation":[[507,352,512,232,492,227,334,236,330,343]],"area":22750,"bbox":[330,227,182,125],"iscrowd":0,"id":40,"image_id":12,"category_id":1},{"segmentation":[[562,341,600,342,601,208,563,207]],"area":5265,"bbox":[562,207,39,135],"iscrowd":0,"id":41,"image_id":12,"category_id":1},{"segmentation":[[637,342,639,209,602,211,602,343]],"area":4958,"bbox":[602,209,37,134],"iscrowd":0,"id":42,"image_id":12,"category_id":1},{"segmentation":[[641,344,675,342,677,211,640,208]],"area":5032,"bbox":[640,208,37,136],"iscrowd":0,"id":43,"image_id":12,"category_id":1},{"segmentation":[[679,362,714,361,717,227,681,228]],"area":5130,"bbox":[679,227,38,135],"iscrowd":0,"id":44,"image_id":12,"category_id":1},{"segmentation":[[718,347,754,349,756,214,718,213]],"area":5168,"bbox":[718,213,38,136],"iscrowd":0,"id":45,"image_id":12,"category_id":1},{"segmentation":[[790,346,793,213,758,213,755,347]],"area":5092,"bbox":[755,213,38,134],"iscrowd":0,"id":46,"image_id":12,"category_id":1},{"segmentation":[[829,346,830,212,794,213,792,346]],"area":5092,"bbox":[792,212,38,134],"iscrowd":0,"id":47,"image_id":12,"category_id":1},{"segmentation":[[866,349,868,212,829,212,830,347]],"area":5343,"bbox":[829,212,39,137],"iscrowd":0,"id":48,"image_id":12,"category_id":1},{"segmentation":[[906,345,907,209,867,211,869,347]],"area":5520,"bbox":[867,209,40,138],"iscrowd":0,"id":49,"image_id":12,"category_id":1},{"segmentation":[[947,345,947,207,907,207,907,346]],"area":5560,"bbox":[907,207,40,139],"iscrowd":0,"id":50,"image_id":12,"category_id":1},{"segmentation":[[987,345,986,207,947,207,948,346]],"area":5560,"bbox":[947,207,40,139],"iscrowd":0,"id":51,"image_id":12,"category_id":1},{"segmentation":[[1027,342,1027,207,987,207,989,344]],"area":5480,"bbox":[987,207,40,137],"iscrowd":0,"id":52,"image_id":12,"category_id":1},{"segmentation":[[1067,344,1066,205,1027,205,1030,342,1043,342]],"area":5560,"bbox":[1027,205,40,139],"iscrowd":0,"id":53,"image_id":12,"category_id":1},{"segmentation":[[582,362,597,497,634,492,620,356]],"area":7332,"bbox":[582,356,52,141],"iscrowd":0,"id":54,"image_id":12,"category_id":1},{"segmentation":[[628,356,635,487,667,489,665,354]],"area":5265,"bbox":[628,354,39,135],"iscrowd":0,"id":55,"image_id":12,"category_id":1},{"segmentation":[[675,366,685,500,718,497,712,365]],"area":5805,"bbox":[675,365,43,135],"iscrowd":0,"id":56,"image_id":12,"category_id":1},{"segmentation":[[717,353,720,487,756,487,752,352]],"area":5265,"bbox":[717,352,39,135],"iscrowd":0,"id":57,"image_id":12,"category_id":1},{"segmentation":[[769,384,792,521,801,525,1067,487,1042,345,1022,344]],"area":53938,"bbox":[769,344,298,181],"iscrowd":0,"id":58,"image_id":12,"category_id":1},{"segmentation":[[337,549,522,511,526,501,540,491,523,397,317,440]],"area":33896,"bbox":[317,397,223,152],"iscrowd":0,"id":59,"image_id":12,"category_id":1},{"segmentation":[[576,598,717,615,736,590,677,487,669,491,635,492,595,498,595,490,540,492,525,504,523,512]],"area":27264,"bbox":[523,487,213,128],"iscrowd":0,"id":60,"image_id":12,"category_id":1},{"segmentation":[[797,647,831,644,825,524,800,525,791,520,788,507,719,494,718,498,708,501,709,541,737,591,724,608]],"area":18819,"bbox":[708,494,123,153],"iscrowd":0,"id":61,"image_id":12,"category_id":1},{"segmentation":[[837,647,874,642,864,517,824,522,832,643]],"area":6500,"bbox":[824,517,50,130],"iscrowd":0,"id":62,"image_id":12,"category_id":1},{"segmentation":[[882,642,913,638,905,512,864,517,875,637]],"area":6370,"bbox":[864,512,49,130],"iscrowd":0,"id":63,"image_id":12,"category_id":1},{"segmentation":[[920,638,955,633,946,506,905,511,915,634]],"area":6600,"bbox":[905,506,50,132],"iscrowd":0,"id":64,"image_id":12,"category_id":1},{"segmentation":[[962,635,995,633,987,501,947,507,957,634]],"area":6432,"bbox":[947,501,48,134],"iscrowd":0,"id":65,"image_id":12,"category_id":1},{"segmentation":[[1002,642,1037,637,1027,502,990,502,997,633,989,635]],"area":6720,"bbox":[989,502,48,140],"iscrowd":0,"id":66,"image_id":12,"category_id":1},{"segmentation":[[1039,627,1077,626,1067,487,1032,494,1002,501,1029,502]],"area":10500,"bbox":[1002,487,75,140],"iscrowd":0,"id":67,"image_id":12,"category_id":1},{"segmentation":[[221,231,443,342,466,312,488,327,536,242,533,233,293,98]],"area":76860,"bbox":[221,98,315,244],"iscrowd":0,"id":68,"image_id":13,"category_id":1},{"segmentation":[[551,188,682,260,736,138,633,60,610,57]],"area":37555,"bbox":[551,57,185,203],"iscrowd":0,"id":69,"image_id":13,"category_id":1},{"segmentation":[[762,83,772,82,785,82,862,142,792,292,777,279,664,297]],"area":42570,"bbox":[664,82,198,215],"iscrowd":0,"id":70,"image_id":13,"category_id":1},{"segmentation":[[1051,106,1060,110,1063,113,1059,244,1059,248,817,257,817,242,865,141,851,132]],"area":37146,"bbox":[817,106,246,151],"iscrowd":0,"id":71,"image_id":13,"category_id":1},{"segmentation":[[872,357,861,392,737,395,696,336,647,372,627,332,615,307,777,280]],"area":29555,"bbox":[615,280,257,115],"iscrowd":0,"id":72,"image_id":13,"category_id":1},{"segmentation":[[882,263,982,367,985,397,848,442,815,395,862,392,873,357,797,296]],"area":33652,"bbox":[797,263,188,179],"iscrowd":0,"id":73,"image_id":13,"category_id":1},{"segmentation":[[1082,408,1093,682,987,685,947,637,932,622,927,498,941,491,930,457,919,444,919,419,941,412]],"area":48198,"bbox":[919,408,174,277],"iscrowd":0,"id":74,"image_id":13,"category_id":1},{"segmentation":[[797,547,940,490,928,457,898,427,848,443,814,394,739,397,786,462,761,482,753,487]],"area":30753,"bbox":[739,394,201,153],"iscrowd":0,"id":75,"image_id":13,"category_id":1},{"segmentation":[[702,490,752,487,786,462,696,337,648,373]],"area":21114,"bbox":[648,337,138,153],"iscrowd":0,"id":76,"image_id":13,"category_id":1},{"segmentation":[[564,277,616,307,708,503,633,482,551,322,553,298,534,293]],"area":39324,"bbox":[534,277,174,226],"iscrowd":0,"id":77,"image_id":13,"category_id":1},{"segmentation":[[432,575,467,585,550,386,552,299,517,291,423,508]],"area":37926,"bbox":[423,291,129,294],"iscrowd":0,"id":78,"image_id":13,"category_id":1},{"segmentation":[[348,597,426,502,499,332,466,314,403,399,305,578]],"area":54902,"bbox":[305,314,194,283],"iscrowd":0,"id":79,"image_id":13,"category_id":1},{"segmentation":[[227,397,236,396,265,399,264,473,257,482,263,497,260,662,222,660]],"area":11438,"bbox":[222,396,43,266],"iscrowd":0,"id":80,"image_id":13,"category_id":1},{"segmentation":[[505,672,523,652,472,578,466,587,431,575,422,509,350,597,316,585,404,718,419,718]],"area":43263,"bbox":[316,509,207,209],"iscrowd":0,"id":81,"image_id":13,"category_id":1},{"segmentation":[[578,507,649,559,658,718,616,720,564,657,564,525,566,518,550,517,547,515]],"area":23643,"bbox":[547,507,111,213],"iscrowd":0,"id":82,"image_id":13,"category_id":1},{"segmentation":[[704,533,723,702,687,712,682,712,658,693,649,560,584,510,617,502]],"area":29190,"bbox":[584,502,139,210],"iscrowd":0,"id":83,"image_id":13,"category_id":1},{"segmentation":[[722,687,728,691,771,681,749,511,656,490,625,496,627,506,704,535]],"area":29346,"bbox":[625,490,146,201],"iscrowd":0,"id":84,"image_id":13,"category_id":1},{"segmentation":[[883,514,924,582,923,618,764,621,749,512,729,505,727,490,754,489,798,547]],"area":26004,"bbox":[727,489,197,132],"iscrowd":0,"id":85,"image_id":13,"category_id":1},{"segmentation":[[780,700,947,685,946,638,924,611,925,619,764,624,772,690]],"area":16287,"bbox":[764,611,183,89],"iscrowd":0,"id":86,"image_id":13,"category_id":1},{"segmentation":[[994,693,993,718,819,719,805,700,947,686,947,639]],"area":15120,"bbox":[805,639,189,80],"iscrowd":0,"id":87,"image_id":13,"category_id":1},{"segmentation":[[312,135,416,130,433,139,437,331,342,301,321,324,336,340,317,342]],"area":26500,"bbox":[312,130,125,212],"iscrowd":0,"id":88,"image_id":14,"category_id":1},{"segmentation":[[495,73,530,78,533,207,501,209,472,204,468,244,437,242,435,139,427,133]],"area":18126,"bbox":[427,73,106,171],"iscrowd":0,"id":89,"image_id":14,"category_id":1},{"segmentation":[[539,72,572,78,577,205,534,207,532,78]],"area":6075,"bbox":[532,72,45,135],"iscrowd":0,"id":90,"image_id":14,"category_id":1},{"segmentation":[[582,73,615,77,618,206,579,205,574,78]],"area":5852,"bbox":[574,73,44,133],"iscrowd":0,"id":91,"image_id":14,"category_id":1},{"segmentation":[[625,72,656,77,661,207,619,207,617,78]],"area":5940,"bbox":[617,72,44,135],"iscrowd":0,"id":92,"image_id":14,"category_id":1},{"segmentation":[[669,75,700,79,702,210,673,232,665,232,665,208,663,207,658,81]],"area":6908,"bbox":[658,75,44,157],"iscrowd":0,"id":93,"image_id":14,"category_id":1},{"segmentation":[[712,76,743,79,746,211,745,214,700,217,705,207,702,79]],"area":6486,"bbox":[700,76,46,141],"iscrowd":0,"id":94,"image_id":14,"category_id":1},{"segmentation":[[757,74,787,80,789,212,747,213,745,80]],"area":6116,"bbox":[745,74,44,139],"iscrowd":0,"id":95,"image_id":14,"category_id":1},{"segmentation":[[800,74,828,81,831,210,791,212,787,82]],"area":6072,"bbox":[787,74,44,138],"iscrowd":0,"id":96,"image_id":14,"category_id":1},{"segmentation":[[839,70,877,71,878,207,833,211,829,80]],"area":6909,"bbox":[829,70,49,141],"iscrowd":0,"id":97,"image_id":14,"category_id":1},{"segmentation":[[880,67,915,67,916,193,881,207]],"area":5040,"bbox":[880,67,36,140],"iscrowd":0,"id":98,"image_id":14,"category_id":1},{"segmentation":[[919,67,953,67,954,177,917,192]],"area":4625,"bbox":[917,67,37,125],"iscrowd":0,"id":99,"image_id":14,"category_id":1},{"segmentation":[[957,67,992,68,991,162,958,175]],"area":3780,"bbox":[957,67,35,108],"iscrowd":0,"id":100,"image_id":14,"category_id":1},{"segmentation":[[995,67,1030,67,1031,147,993,163]],"area":3648,"bbox":[993,67,38,96],"iscrowd":0,"id":101,"image_id":14,"category_id":1},{"segmentation":[[1072,134,1077,142,1082,150,1087,163,1087,172,1022,207,824,276,803,291,782,296,768,265,787,247]],"area":51678,"bbox":[768,134,319,162],"iscrowd":0,"id":102,"image_id":14,"category_id":1},{"segmentation":[[462,340,500,345,510,210,472,207]],"area":6624,"bbox":[462,207,48,138],"iscrowd":0,"id":103,"image_id":14,"category_id":1},{"segmentation":[[502,340,538,341,547,210,512,210]],"area":5895,"bbox":[502,210,45,131],"iscrowd":0,"id":104,"image_id":14,"category_id":1},{"segmentation":[[542,340,577,341,586,208,548,207]],"area":5896,"bbox":[542,207,44,134],"iscrowd":0,"id":105,"image_id":14,"category_id":1},{"segmentation":[[580,341,614,341,625,207,587,207]],"area":6030,"bbox":[580,207,45,134],"iscrowd":0,"id":106,"image_id":14,"category_id":1},{"segmentation":[[621,342,657,342,665,209,626,208]],"area":5896,"bbox":[621,208,44,134],"iscrowd":0,"id":107,"image_id":14,"category_id":1},{"segmentation":[[672,373,709,372,700,237,664,239]],"area":6120,"bbox":[664,237,45,136],"iscrowd":0,"id":108,"image_id":14,"category_id":1},{"segmentation":[[712,354,748,349,736,216,699,221]],"area":6762,"bbox":[699,216,49,138],"iscrowd":0,"id":109,"image_id":14,"category_id":1},{"segmentation":[[785,346,780,297,767,264,776,255,772,214,737,217,750,347]],"area":6384,"bbox":[737,214,48,133],"iscrowd":0,"id":110,"image_id":14,"category_id":1},{"segmentation":[[506,352,552,431,535,452,477,432,422,398,412,402,379,394,323,325,342,301]],"area":34579,"bbox":[323,301,229,151],"iscrowd":0,"id":111,"image_id":14,"category_id":1},{"segmentation":[[638,349,633,470,612,475,528,464,485,437,537,454,553,431,507,350,480,344,507,345]],"area":20698,"bbox":[480,344,158,131],"iscrowd":0,"id":112,"image_id":14,"category_id":1},{"segmentation":[[681,507,710,504,707,373,677,373,637,377,633,471,613,475,568,472,568,485]],"area":19028,"bbox":[568,373,142,134],"iscrowd":0,"id":113,"image_id":14,"category_id":1},{"segmentation":[[722,374,747,374,752,504,723,506,712,503,708,372]],"area":5896,"bbox":[708,372,44,134],"iscrowd":0,"id":114,"image_id":14,"category_id":1},{"segmentation":[[752,360,791,360,797,493,761,496,753,496,747,373,712,371]],"area":11560,"bbox":[712,360,85,136],"iscrowd":0,"id":115,"image_id":14,"category_id":1},{"segmentation":[[826,351,835,484,799,487,790,353]],"area":6120,"bbox":[790,351,45,136],"iscrowd":0,"id":116,"image_id":14,"category_id":1},{"segmentation":[[863,349,871,482,837,485,829,350]],"area":5712,"bbox":[829,349,42,136],"iscrowd":0,"id":117,"image_id":14,"category_id":1},{"segmentation":[[902,347,912,482,876,484,867,347]],"area":6165,"bbox":[867,347,45,137],"iscrowd":0,"id":118,"image_id":14,"category_id":1},{"segmentation":[[941,346,949,481,916,482,903,343]],"area":6394,"bbox":[903,343,46,139],"iscrowd":0,"id":119,"image_id":14,"category_id":1},{"segmentation":[[982,346,988,481,955,484,945,349]],"area":5934,"bbox":[945,346,43,138],"iscrowd":0,"id":120,"image_id":14,"category_id":1},{"segmentation":[[1023,345,1029,482,991,483,984,344]],"area":6255,"bbox":[984,344,45,139],"iscrowd":0,"id":121,"image_id":14,"category_id":1},{"segmentation":[[1066,346,1067,482,1031,482,1028,347]],"area":5304,"bbox":[1028,346,39,136],"iscrowd":0,"id":122,"image_id":14,"category_id":1},{"segmentation":[[1067,487,1075,626,1039,627,1027,497,987,490,988,485]],"area":12496,"bbox":[987,485,88,142],"iscrowd":0,"id":123,"image_id":14,"category_id":1},{"segmentation":[[1036,639,1027,500,987,499,997,632,979,635,1002,642]],"area":8151,"bbox":[979,499,57,143],"iscrowd":0,"id":124,"image_id":14,"category_id":1},{"segmentation":[[905,497,917,637,921,639,956,634,944,492,869,485,832,487]],"area":19096,"bbox":[832,485,124,154],"iscrowd":0,"id":125,"image_id":14,"category_id":1},{"segmentation":[[985,493,934,482,880,485,945,492,958,633,967,636,996,632]],"area":17864,"bbox":[880,482,116,154],"iscrowd":0,"id":126,"image_id":14,"category_id":1},{"segmentation":[[882,642,915,635,903,497,828,487,799,489,866,501,877,639]],"area":17980,"bbox":[799,487,116,155],"iscrowd":0,"id":127,"image_id":14,"category_id":1},{"segmentation":[[841,644,875,637,864,501,797,489,798,493,824,497,835,639]],"area":12090,"bbox":[797,489,78,155],"iscrowd":0,"id":128,"image_id":14,"category_id":1},{"segmentation":[[802,642,835,637,822,497,795,494,752,497,753,506,722,507,703,506,712,571,721,597,718,602]],"area":19536,"bbox":[703,494,132,148],"iscrowd":0,"id":129,"image_id":14,"category_id":1},{"segmentation":[[702,631,721,597,705,551,608,504,582,568]],"area":17653,"bbox":[582,504,139,127],"iscrowd":0,"id":130,"image_id":14,"category_id":1},{"segmentation":[[557,584,592,534,605,512,422,398,411,405,403,418,383,477]],"area":41292,"bbox":[383,398,222,186],"iscrowd":0,"id":131,"image_id":14,"category_id":1},{"segmentation":[[1132,229,1137,245,1140,264,1139,272,1068,291,813,327,811,326,806,312,804,292,826,277]],"area":32928,"bbox":[804,229,336,98],"iscrowd":0,"id":132,"image_id":14,"category_id":1},{"segmentation":[[266,292,272,300,387,310,353,167,274,159]],"area":18271,"bbox":[266,159,121,151],"iscrowd":0,"id":133,"image_id":15,"category_id":1},{"segmentation":[[342,120,403,372,535,340,531,322,485,310,474,98]],"area":52882,"bbox":[342,98,193,274],"iscrowd":0,"id":134,"image_id":15,"category_id":1},{"segmentation":[[475,70,485,310,573,332,592,325,590,250,563,212,586,194,578,106,497,58]],"area":32058,"bbox":[475,58,117,274],"iscrowd":0,"id":135,"image_id":15,"category_id":1},{"segmentation":[[616,284,648,255,635,205,672,192,649,148,745,60,565,212]],"area":40320,"bbox":[565,60,180,224],"iscrowd":0,"id":136,"image_id":15,"category_id":1},{"segmentation":[[762,42,792,69,799,125,777,160,774,157,672,192,649,148]],"area":22500,"bbox":[649,42,150,150],"iscrowd":0,"id":137,"image_id":15,"category_id":1},{"segmentation":[[233,389,240,388,255,386,272,391,267,627,297,630,266,653,228,652]],"area":18423,"bbox":[228,386,69,267],"iscrowd":0,"id":138,"image_id":15,"category_id":1},{"segmentation":[[272,366,279,360,313,366,356,367,354,480,332,492,323,616,303,628,268,625]],"area":23584,"bbox":[268,360,88,268],"iscrowd":0,"id":139,"image_id":15,"category_id":1},{"segmentation":[[370,384,497,396,489,492,355,486,366,387]],"area":15336,"bbox":[355,384,142,108],"iscrowd":0,"id":140,"image_id":15,"category_id":1},{"segmentation":[[326,623,488,632,490,616,557,612,562,497,344,485,333,492]],"area":34692,"bbox":[326,485,236,147],"iscrowd":0,"id":141,"image_id":15,"category_id":1},{"segmentation":[[515,706,656,691,660,602,612,607,596,626,555,623,557,612,492,617,489,653]],"area":17784,"bbox":[489,602,171,104],"iscrowd":0,"id":142,"image_id":15,"category_id":1},{"segmentation":[[656,700,824,719,831,683,826,660,669,647,674,492,662,481]],"area":41650,"bbox":[656,481,175,238],"iscrowd":0,"id":143,"image_id":15,"category_id":1},{"segmentation":[[563,472,557,623,596,625,637,578,642,467,624,455]],"area":14450,"bbox":[557,455,85,170],"iscrowd":0,"id":144,"image_id":15,"category_id":1},{"segmentation":[[836,661,667,647,674,492,742,550,757,551,776,544,781,504,815,531,843,622,838,660]],"area":29744,"bbox":[667,492,176,169],"iscrowd":0,"id":145,"image_id":15,"category_id":1},{"segmentation":[[791,401,777,545,758,552,741,549,655,474,617,450,614,433,678,434,684,435,687,397,627,359,634,335,661,336]],"area":38409,"bbox":[614,335,177,217],"iscrowd":0,"id":146,"image_id":15,"category_id":1},{"segmentation":[[548,432,684,434,685,397,582,329,573,335,532,323,536,341,485,354,485,362]],"area":22200,"bbox":[485,323,200,111],"iscrowd":0,"id":147,"image_id":15,"category_id":1},{"segmentation":[[791,190,792,212,756,237,768,275,682,346,678,342,673,337,636,207,775,158]],"area":29328,"bbox":[636,158,156,188],"iscrowd":0,"id":148,"image_id":15,"category_id":1},{"segmentation":[[810,272,842,414,787,440,792,397,682,347,778,270]],"area":27200,"bbox":[682,270,160,170],"iscrowd":0,"id":149,"image_id":15,"category_id":1},{"segmentation":[[904,399,850,539,813,530,782,504,788,439,844,415,832,363]],"area":21472,"bbox":[782,363,122,176],"iscrowd":0,"id":150,"image_id":15,"category_id":1},{"segmentation":[[844,54,948,87,948,104,948,150,919,149,922,135,899,110,778,163,777,159]],"area":18639,"bbox":[777,54,171,109],"iscrowd":0,"id":151,"image_id":15,"category_id":1},{"segmentation":[[947,37,1113,10,1119,306,1074,313,1077,138,948,148]],"area":52116,"bbox":[947,10,172,303],"iscrowd":0,"id":152,"image_id":15,"category_id":1},{"segmentation":[[896,438,1069,450,1076,140,904,155,897,396,906,398,897,425]],"area":55800,"bbox":[896,140,180,310],"iscrowd":0,"id":153,"image_id":15,"category_id":1},{"segmentation":[[1080,460,1092,468,1108,489,894,682,882,674,870,663,864,654,859,602,867,603,956,559,958,504,1017,452,1067,453]],"area":57270,"bbox":[859,452,249,230],"iscrowd":0,"id":154,"image_id":15,"category_id":1},{"segmentation":[[962,449,952,561,865,603,861,600,903,442]],"area":16261,"bbox":[861,442,101,161],"iscrowd":0,"id":155,"image_id":15,"category_id":1},{"segmentation":[[920,136,917,152,902,156,902,174,877,155,792,211,792,188,779,166,899,110]],"area":14241,"bbox":[779,110,141,101],"iscrowd":0,"id":156,"image_id":15,"category_id":1},{"segmentation":[[758,238,768,276,778,268,799,271,815,224,901,210,902,177,878,156]],"area":17280,"bbox":[758,156,144,120],"iscrowd":0,"id":157,"image_id":15,"category_id":1},{"segmentation":[[895,361,882,358,832,361,812,273,801,271,817,226,901,211]],"area":15000,"bbox":[801,211,100,150],"iscrowd":0,"id":158,"image_id":15,"category_id":1},{"segmentation":[[231,220,232,485,269,482,317,467,317,462,305,465,272,463,270,218,247,217]],"area":23048,"bbox":[231,217,86,268],"iscrowd":0,"id":159,"image_id":16,"category_id":1},{"segmentation":[[271,201,273,462,310,462,332,457,312,454,309,199]],"area":16043,"bbox":[271,199,61,263],"iscrowd":0,"id":160,"image_id":16,"category_id":1},{"segmentation":[[349,192,386,216,386,228,379,232,380,440,344,456,311,452,310,190]],"area":20216,"bbox":[310,190,76,266],"iscrowd":0,"id":161,"image_id":16,"category_id":1},{"segmentation":[[463,217,472,217,490,223,492,468,481,470,463,471,379,462,380,232]],"area":28702,"bbox":[379,217,113,254],"iscrowd":0,"id":162,"image_id":16,"category_id":1},{"segmentation":[[281,626,309,630,313,624,318,469,285,479]],"area":5957,"bbox":[281,469,37,161],"iscrowd":0,"id":163,"image_id":16,"category_id":1},{"segmentation":[[313,627,318,630,344,628,346,627,352,453,317,462]],"area":6903,"bbox":[313,453,39,177],"iscrowd":0,"id":164,"image_id":16,"category_id":1},{"segmentation":[[375,630,380,627,386,466,385,462,379,462,377,441,353,452,347,627]],"area":7371,"bbox":[347,441,39,189],"iscrowd":0,"id":165,"image_id":16,"category_id":1},{"segmentation":[[382,629,403,630,416,628,421,466,387,464]],"area":6474,"bbox":[382,464,39,166],"iscrowd":0,"id":166,"image_id":16,"category_id":1},{"segmentation":[[418,629,429,632,445,632,449,627,452,514,431,512,434,468,421,468]],"area":5576,"bbox":[418,468,34,164],"iscrowd":0,"id":167,"image_id":16,"category_id":1},{"segmentation":[[452,627,465,629,479,630,485,627,491,521,456,516]],"area":4446,"bbox":[452,516,39,114],"iscrowd":0,"id":168,"image_id":16,"category_id":1},{"segmentation":[[487,627,504,629,520,627,540,603,542,522,522,526,490,522]],"area":5885,"bbox":[487,522,55,107],"iscrowd":0,"id":169,"image_id":16,"category_id":1},{"segmentation":[[527,272,536,272,547,277,547,519,521,526,431,512,434,471,464,472,493,469,492,274]],"area":29464,"bbox":[431,272,116,254],"iscrowd":0,"id":170,"image_id":16,"category_id":1},{"segmentation":[[594,132,711,74,739,80,743,213,692,224,664,219,640,223,640,236,601,235]],"area":24138,"bbox":[594,74,149,162],"iscrowd":0,"id":171,"image_id":16,"category_id":1},{"segmentation":[[754,77,783,79,786,211,785,215,764,217,762,219,727,228,696,224,745,212,742,82]],"area":13590,"bbox":[696,77,90,151],"iscrowd":0,"id":172,"image_id":16,"category_id":1},{"segmentation":[[800,79,827,82,829,212,817,219,800,212,785,214,785,82]],"area":6160,"bbox":[785,79,44,140],"iscrowd":0,"id":173,"image_id":16,"category_id":1},{"segmentation":[[840,72,877,71,876,207,857,212,842,230,818,222,832,210,827,80]],"area":9381,"bbox":[818,71,59,159],"iscrowd":0,"id":174,"image_id":16,"category_id":1},{"segmentation":[[879,68,914,67,914,207,877,207]],"area":5180,"bbox":[877,67,37,140],"iscrowd":0,"id":175,"image_id":16,"category_id":1},{"segmentation":[[927,108,1047,74,1074,80,1072,376,1062,377,1043,377,922,369]],"area":46056,"bbox":[922,74,152,303],"iscrowd":0,"id":176,"image_id":16,"category_id":1},{"segmentation":[[1096,35,1107,34,1132,39,1132,339,1122,342,1097,342,1073,342,1076,82,1047,77,993,89,994,82]],"area":42812,"bbox":[993,34,139,308],"iscrowd":0,"id":177,"image_id":16,"category_id":1},{"segmentation":[[590,361,609,361,657,358,695,357,698,352,744,357,744,349,638,347,639,237,600,237,584,242]],"area":19840,"bbox":[584,237,160,124],"iscrowd":0,"id":178,"image_id":16,"category_id":1},{"segmentation":[[764,235,765,350,638,346,642,222,662,221]],"area":16383,"bbox":[638,221,127,129],"iscrowd":0,"id":179,"image_id":16,"category_id":1},{"segmentation":[[769,351,800,349,859,348,856,235,803,215,764,218]],"area":12920,"bbox":[764,215,95,136],"iscrowd":0,"id":180,"image_id":16,"category_id":1},{"segmentation":[[898,345,897,211,858,212,862,347]],"area":5440,"bbox":[858,211,40,136],"iscrowd":0,"id":181,"image_id":16,"category_id":1},{"segmentation":[[581,496,607,497,667,491,652,489,630,483,648,368,607,369,584,368]],"area":11094,"bbox":[581,368,86,129],"iscrowd":0,"id":182,"image_id":16,"category_id":1},{"segmentation":[[652,359,632,483,659,490,782,492,784,486,707,483,682,477,696,363]],"area":20216,"bbox":[632,359,152,133],"iscrowd":0,"id":183,"image_id":16,"category_id":1},{"segmentation":[[700,352,682,475,706,483,807,482,752,480,727,474,742,357]],"area":16375,"bbox":[682,352,125,131],"iscrowd":0,"id":184,"image_id":16,"category_id":1},{"segmentation":[[867,482,752,481,727,472,746,352,775,352,884,376]],"area":20410,"bbox":[727,352,157,130],"iscrowd":0,"id":185,"image_id":16,"category_id":1},{"segmentation":[[910,485,948,484,944,373,921,371,920,350,900,350,882,351,887,461]],"area":8910,"bbox":[882,350,66,135],"iscrowd":0,"id":186,"image_id":16,"category_id":1},{"segmentation":[[982,484,1018,482,1013,376,946,372,948,470]],"area":8064,"bbox":[946,372,72,112],"iscrowd":0,"id":187,"image_id":16,"category_id":1},{"segmentation":[[1027,486,1063,485,1062,379,1015,377,1020,482]],"area":5232,"bbox":[1015,377,48,109],"iscrowd":0,"id":188,"image_id":16,"category_id":1},{"segmentation":[[709,600,799,650,829,647,824,507,782,493,707,492]],"area":19276,"bbox":[707,492,122,158],"iscrowd":0,"id":189,"image_id":16,"category_id":1},{"segmentation":[[837,649,872,647,862,506,799,489,782,491,825,507,831,645]],"area":14400,"bbox":[782,489,90,160],"iscrowd":0,"id":190,"image_id":16,"category_id":1},{"segmentation":[[879,648,912,645,904,507,805,487,800,488,864,507,872,642]],"area":18032,"bbox":[800,487,112,161],"iscrowd":0,"id":191,"image_id":16,"category_id":1},{"segmentation":[[921,641,955,636,944,498,842,484,811,484,906,507,915,636]],"area":22608,"bbox":[811,484,144,157],"iscrowd":0,"id":192,"image_id":16,"category_id":1},{"segmentation":[[962,637,993,633,986,493,924,487,910,487,885,481,867,482,945,497,957,634]],"area":19656,"bbox":[867,481,126,156],"iscrowd":0,"id":193,"image_id":16,"category_id":1},{"segmentation":[[1002,642,1035,641,1027,501,990,492,987,492,995,634,977,636]],"area":8700,"bbox":[977,492,58,150],"iscrowd":0,"id":194,"image_id":16,"category_id":1},{"segmentation":[[1041,631,1075,627,1067,488,1030,489,1017,484,982,485,948,472,949,485,922,487,985,492,1029,502,1037,627]],"area":24327,"bbox":[922,472,153,159],"iscrowd":0,"id":195,"image_id":16,"category_id":1},{"segmentation":[[230,482,266,483,317,466,313,462,304,465,267,464,267,221,230,220]],"area":22881,"bbox":[230,220,87,263],"iscrowd":0,"id":196,"image_id":17,"category_id":1},{"segmentation":[[268,202,268,462,307,463,329,457,307,453,307,199]],"area":16104,"bbox":[268,199,61,264],"iscrowd":0,"id":197,"image_id":17,"category_id":1},{"segmentation":[[309,192,309,452,347,452,347,209,376,210,346,193]],"area":17420,"bbox":[309,192,67,260],"iscrowd":0,"id":198,"image_id":17,"category_id":1},{"segmentation":[[350,471,387,471,389,256,397,249,422,252,420,230,384,212,347,211]],"area":19500,"bbox":[347,211,75,260],"iscrowd":0,"id":199,"image_id":17,"category_id":1},{"segmentation":[[391,512,407,516,428,516,457,494,457,405,431,404,427,252,400,250,388,257]],"area":18354,"bbox":[388,250,69,266],"iscrowd":0,"id":200,"image_id":17,"category_id":1},{"segmentation":[[422,143,439,142,460,143,468,382,492,383,492,396,464,402,432,403]],"area":18270,"bbox":[422,142,70,261],"iscrowd":0,"id":201,"image_id":17,"category_id":1},{"segmentation":[[465,122,471,381,506,382,527,377,527,364,507,363,503,120]],"area":16244,"bbox":[465,120,62,262],"iscrowd":0,"id":202,"image_id":17,"category_id":1},{"segmentation":[[503,104,509,362,546,362,543,120,546,117,540,103,537,102,530,101]],"area":11223,"bbox":[503,101,43,261],"iscrowd":0,"id":203,"image_id":17,"category_id":1},{"segmentation":[[580,119,599,371,586,377,550,377,543,119,549,117,576,117]],"area":14560,"bbox":[543,117,56,260],"iscrowd":0,"id":204,"image_id":17,"category_id":1},{"segmentation":[[596,119,617,117,630,122,626,347,598,346,594,289]],"area":8280,"bbox":[594,117,36,230],"iscrowd":0,"id":205,"image_id":17,"category_id":1},{"segmentation":[[637,208,647,208,668,212,651,437,639,437,619,431]],"area":11221,"bbox":[619,208,49,229],"iscrowd":0,"id":206,"image_id":17,"category_id":1},{"segmentation":[[278,625,298,627,312,626,315,467,282,480]],"area":5920,"bbox":[278,467,37,160],"iscrowd":0,"id":207,"image_id":17,"category_id":1},{"segmentation":[[347,627,351,473,349,470,347,453,319,454,329,457,316,462,315,626]],"area":6264,"bbox":[315,453,36,174],"iscrowd":0,"id":208,"image_id":17,"category_id":1},{"segmentation":[[381,627,384,472,352,473,347,627]],"area":5735,"bbox":[347,472,37,155],"iscrowd":0,"id":209,"image_id":17,"category_id":1},{"segmentation":[[415,628,418,517,400,516,391,511,387,471,384,474,382,627]],"area":5652,"bbox":[382,471,36,157],"iscrowd":0,"id":210,"image_id":17,"category_id":1},{"segmentation":[[450,625,456,498,430,517,420,518,417,627,445,630]],"area":5148,"bbox":[417,498,39,132],"iscrowd":0,"id":211,"image_id":17,"category_id":1},{"segmentation":[[453,627,482,631,485,627,486,590,471,587,477,455,492,456,492,400,477,401,458,404]],"area":9009,"bbox":[453,400,39,231],"iscrowd":0,"id":212,"image_id":17,"category_id":1},{"segmentation":[[492,589,636,566,637,559,548,567,526,560,541,454,478,457,472,587]],"area":22275,"bbox":[472,454,165,135],"iscrowd":0,"id":213,"image_id":17,"category_id":1},{"segmentation":[[544,432,527,558,547,567,638,557,653,442]],"area":17010,"bbox":[527,432,126,135],"iscrowd":0,"id":214,"image_id":17,"category_id":1},{"segmentation":[[660,384,631,602,645,610,653,610,715,599,741,396,683,386]],"area":24860,"bbox":[631,384,110,226],"iscrowd":0,"id":215,"image_id":17,"category_id":1},{"segmentation":[[722,641,757,645,774,506,757,486,731,485,719,599]],"area":8800,"bbox":[719,485,55,160],"iscrowd":0,"id":216,"image_id":17,"category_id":1},{"segmentation":[[775,332,808,333,802,560,792,560,769,560,775,504,759,487,763,340]],"area":11172,"bbox":[759,332,49,228],"iscrowd":0,"id":217,"image_id":17,"category_id":1},{"segmentation":[[858,464,854,601,817,598,789,562,805,561,807,450,829,452]],"area":10419,"bbox":[789,450,69,151],"iscrowd":0,"id":218,"image_id":17,"category_id":1},{"segmentation":[[845,359,875,358,878,362,869,592,854,592,859,466,824,448,827,363]],"area":12636,"bbox":[824,358,54,234],"iscrowd":0,"id":219,"image_id":17,"category_id":1},{"segmentation":[[661,328,675,332,692,332,709,178,703,102,697,102,682,105]],"area":11040,"bbox":[661,102,48,230],"iscrowd":0,"id":220,"image_id":17,"category_id":1},{"segmentation":[[707,68,727,64,746,64,761,323,749,327,741,329,727,326,724,326,702,98]],"area":15635,"bbox":[702,64,59,265],"iscrowd":0,"id":221,"image_id":17,"category_id":1},{"segmentation":[[760,64,776,60,798,62,808,324,797,327,784,327,771,325,764,325,749,82]],"area":15753,"bbox":[749,60,59,267],"iscrowd":0,"id":222,"image_id":17,"category_id":1},{"segmentation":[[811,64,843,62,849,64,848,325,839,327,817,327,810,327,801,83]],"area":12720,"bbox":[801,62,48,265],"iscrowd":0,"id":223,"image_id":17,"category_id":1},{"segmentation":[[880,62,887,60,909,62,919,64,891,327,882,327,858,324,851,322,852,98,850,92]],"area":18423,"bbox":[850,60,69,267],"iscrowd":0,"id":224,"image_id":17,"category_id":1},{"segmentation":[[973,67,1013,67,1009,204,972,206,963,205,961,202,922,206,907,215,932,102]],"area":15688,"bbox":[907,67,106,148],"iscrowd":0,"id":225,"image_id":17,"category_id":1},{"segmentation":[[1027,67,1063,70,1063,207,1026,206,1008,213,1008,207,1012,203,1016,73]],"area":8030,"bbox":[1008,67,55,146],"iscrowd":0,"id":226,"image_id":17,"category_id":1},{"segmentation":[[884,346,934,342,968,338,960,201,922,207,904,217,895,327,886,329]],"area":12180,"bbox":[884,201,84,145],"iscrowd":0,"id":227,"image_id":17,"category_id":1},{"segmentation":[[969,344,1009,341,1007,206,966,210,962,210,969,340,915,347,916,349]],"area":13442,"bbox":[915,206,94,143],"iscrowd":0,"id":228,"image_id":17,"category_id":1},{"segmentation":[[1062,346,1026,347,981,347,1012,342,1008,213,1027,207,1063,209]],"area":11480,"bbox":[981,207,82,140],"iscrowd":0,"id":229,"image_id":17,"category_id":1},{"segmentation":[[972,485,1008,487,1011,350,971,350,920,351,912,458]],"area":13563,"bbox":[912,350,99,137],"iscrowd":0,"id":230,"image_id":17,"category_id":1},{"segmentation":[[1020,487,1059,486,1057,348,1012,349,1010,483]],"area":6811,"bbox":[1010,348,49,139],"iscrowd":0,"id":231,"image_id":17,"category_id":1},{"segmentation":[[990,497,982,636,949,636,861,594,871,593,876,480,892,479]],"area":20253,"bbox":[861,479,129,157],"iscrowd":0,"id":232,"image_id":17,"category_id":1},{"segmentation":[[997,645,1031,642,1026,502,979,493,992,498,984,639]],"area":7904,"bbox":[979,493,52,152],"iscrowd":0,"id":233,"image_id":17,"category_id":1},{"segmentation":[[1037,628,1072,627,1067,487,1031,488,1017,488,1010,486,972,487,932,472,934,485,1026,503,1033,623]],"area":21840,"bbox":[932,472,140,156],"iscrowd":0,"id":234,"image_id":17,"category_id":1},{"segmentation":[[161,322,182,322,205,320,199,12,190,7,168,9,153,12]],"area":16380,"bbox":[153,7,52,315],"iscrowd":0,"id":235,"image_id":18,"category_id":1},{"segmentation":[[208,317,277,328,297,327,255,317,244,11,241,7,222,7,208,7,201,11]],"area":30816,"bbox":[201,7,96,321],"iscrowd":0,"id":236,"image_id":18,"category_id":1},{"segmentation":[[248,7,257,317,299,328,342,327,305,313,296,12,290,7,287,6]],"area":30268,"bbox":[248,6,94,322],"iscrowd":0,"id":237,"image_id":18,"category_id":1},{"segmentation":[[297,8,307,312,347,325,391,319,382,59,342,7,322,3]],"area":30268,"bbox":[297,3,94,322],"iscrowd":0,"id":238,"image_id":18,"category_id":1},{"segmentation":[[413,67,424,328,412,330,385,328,387,322,391,320,384,66,390,63]],"area":10680,"bbox":[384,63,40,267],"iscrowd":0,"id":239,"image_id":18,"category_id":1},{"segmentation":[[417,66,431,66,447,65,454,68,461,327,439,329,425,329]],"area":11616,"bbox":[417,65,44,264],"iscrowd":0,"id":240,"image_id":18,"category_id":1},{"segmentation":[[457,64,474,62,491,62,494,62,501,325,463,325]],"area":11572,"bbox":[457,62,44,263],"iscrowd":0,"id":241,"image_id":18,"category_id":1},{"segmentation":[[497,67,507,63,523,62,534,66,536,324,502,324]],"area":10218,"bbox":[497,62,39,262],"iscrowd":0,"id":242,"image_id":18,"category_id":1},{"segmentation":[[535,62,552,58,568,60,572,62,575,320,540,322]],"area":10560,"bbox":[535,58,40,264],"iscrowd":0,"id":243,"image_id":18,"category_id":1},{"segmentation":[[575,60,590,59,608,57,611,62,610,320,577,319]],"area":9468,"bbox":[575,57,36,263],"iscrowd":0,"id":244,"image_id":18,"category_id":1},{"segmentation":[[612,59,632,57,643,58,649,63,647,318,613,320]],"area":9731,"bbox":[612,57,37,263],"iscrowd":0,"id":245,"image_id":18,"category_id":1},{"segmentation":[[651,61,675,58,683,58,687,62,686,321,651,321]],"area":9468,"bbox":[651,58,36,263],"iscrowd":0,"id":246,"image_id":18,"category_id":1},{"segmentation":[[690,58,713,56,727,59,726,319,691,320]],"area":9768,"bbox":[690,56,37,264],"iscrowd":0,"id":247,"image_id":18,"category_id":1},{"segmentation":[[731,61,752,57,763,58,767,60,764,320,728,320]],"area":10257,"bbox":[728,57,39,263],"iscrowd":0,"id":248,"image_id":18,"category_id":1},{"segmentation":[[769,57,799,56,807,58,804,319,767,320]],"area":10560,"bbox":[767,56,40,264],"iscrowd":0,"id":249,"image_id":18,"category_id":1},{"segmentation":[[810,57,840,54,848,57,844,318,804,320]],"area":11704,"bbox":[804,54,44,266],"iscrowd":0,"id":250,"image_id":18,"category_id":1},{"segmentation":[[850,57,867,54,883,55,889,58,883,317,844,317]],"area":11835,"bbox":[844,54,45,263],"iscrowd":0,"id":251,"image_id":18,"category_id":1},{"segmentation":[[889,56,914,54,927,55,931,58,925,318,886,317]],"area":11880,"bbox":[886,54,45,264],"iscrowd":0,"id":252,"image_id":18,"category_id":1},{"segmentation":[[931,56,952,52,970,56,965,317,927,317]],"area":11395,"bbox":[927,52,43,265],"iscrowd":0,"id":253,"image_id":18,"category_id":1},{"segmentation":[[973,55,992,52,1010,55,1005,317,968,319]],"area":11214,"bbox":[968,52,42,267],"iscrowd":0,"id":254,"image_id":18,"category_id":1},{"segmentation":[[1014,57,1027,56,1047,55,1052,57,1047,317,1036,320,1019,321,1007,318]],"area":11970,"bbox":[1007,55,45,266],"iscrowd":0,"id":255,"image_id":18,"category_id":1},{"segmentation":[[230,397,243,397,267,397,263,662,256,665,222,662]],"area":12060,"bbox":[222,397,45,268],"iscrowd":0,"id":256,"image_id":18,"category_id":1},{"segmentation":[[267,392,278,391,299,391,349,391,349,395,311,396,301,659,287,661,268,659,264,657]],"area":22950,"bbox":[264,391,85,270],"iscrowd":0,"id":257,"image_id":18,"category_id":1},{"segmentation":[[340,664,332,666,302,662,313,398,350,394,386,397,378,626]],"area":22848,"bbox":[302,394,84,272],"iscrowd":0,"id":258,"image_id":18,"category_id":1},{"segmentation":[[417,400,412,630,407,631,379,629,387,397]],"area":8892,"bbox":[379,397,38,234],"iscrowd":0,"id":259,"image_id":18,"category_id":1},{"segmentation":[[451,401,447,631,439,631,414,628,418,399]],"area":8584,"bbox":[414,399,37,232],"iscrowd":0,"id":260,"image_id":18,"category_id":1},{"segmentation":[[485,400,481,628,472,632,449,627,455,400]],"area":8352,"bbox":[449,400,36,232],"iscrowd":0,"id":261,"image_id":18,"category_id":1},{"segmentation":[[521,399,514,628,507,631,490,628,483,627,488,397]],"area":8892,"bbox":[483,397,38,234],"iscrowd":0,"id":262,"image_id":18,"category_id":1},{"segmentation":[[553,400,547,627,543,628,516,627,522,399]],"area":8473,"bbox":[516,399,37,229],"iscrowd":0,"id":263,"image_id":18,"category_id":1},{"segmentation":[[586,398,580,627,577,629,551,627,549,625,556,397]],"area":8584,"bbox":[549,397,37,232],"iscrowd":0,"id":264,"image_id":18,"category_id":1},{"segmentation":[[619,399,614,624,610,628,582,626,589,396]],"area":8584,"bbox":[582,396,37,232],"iscrowd":0,"id":265,"image_id":18,"category_id":1},{"segmentation":[[652,398,647,627,644,627,616,626,621,397]],"area":8280,"bbox":[616,397,36,230],"iscrowd":0,"id":266,"image_id":18,"category_id":1},{"segmentation":[[686,397,681,625,675,627,649,623,654,395]],"area":8584,"bbox":[649,395,37,232],"iscrowd":0,"id":267,"image_id":18,"category_id":1},{"segmentation":[[718,397,714,622,712,627,682,624,688,396]],"area":8316,"bbox":[682,396,36,231],"iscrowd":0,"id":268,"image_id":18,"category_id":1},{"segmentation":[[752,397,748,624,745,627,721,625,716,622,719,397]],"area":8280,"bbox":[716,397,36,230],"iscrowd":0,"id":269,"image_id":18,"category_id":1},{"segmentation":[[783,397,784,625,778,626,752,625,753,394]],"area":7424,"bbox":[752,394,32,232],"iscrowd":0,"id":270,"image_id":18,"category_id":1},{"segmentation":[[817,395,817,623,812,627,785,625,786,392]],"area":7520,"bbox":[785,392,32,235],"iscrowd":0,"id":271,"image_id":18,"category_id":1},{"segmentation":[[852,396,854,626,849,626,820,625,820,393]],"area":7922,"bbox":[820,393,34,233],"iscrowd":0,"id":272,"image_id":18,"category_id":1},{"segmentation":[[886,393,891,624,886,627,859,623,852,394]],"area":9126,"bbox":[852,393,39,234],"iscrowd":0,"id":273,"image_id":18,"category_id":1},{"segmentation":[[922,397,927,623,922,627,893,625,889,394]],"area":8854,"bbox":[889,394,38,233],"iscrowd":0,"id":274,"image_id":18,"category_id":1},{"segmentation":[[958,396,964,624,962,627,957,627,938,627,930,624,925,396]],"area":9009,"bbox":[925,396,39,231],"iscrowd":0,"id":275,"image_id":18,"category_id":1},{"segmentation":[[994,397,1000,626,992,629,964,626,962,397]],"area":8816,"bbox":[962,397,38,232],"iscrowd":0,"id":276,"image_id":18,"category_id":1},{"segmentation":[[227,397,226,662,237,665,257,666,264,662,265,396]],"area":10530,"bbox":[226,396,39,270],"iscrowd":0,"id":277,"image_id":19,"category_id":1},{"segmentation":[[266,392,266,657,271,657,280,660,295,660,303,658,308,401,347,394,347,387]],"area":22113,"bbox":[266,387,81,273],"iscrowd":0,"id":278,"image_id":19,"category_id":1},{"segmentation":[[388,398,384,622,337,667,303,663,309,402,349,397]],"area":22950,"bbox":[303,397,85,270],"iscrowd":0,"id":279,"image_id":19,"category_id":1},{"segmentation":[[411,629,413,620,418,398,388,400,385,623,381,627]],"area":8547,"bbox":[381,398,37,231],"iscrowd":0,"id":280,"image_id":19,"category_id":1},{"segmentation":[[447,628,452,399,418,399,413,628]],"area":8931,"bbox":[413,399,39,229],"iscrowd":0,"id":281,"image_id":19,"category_id":1},{"segmentation":[[486,402,455,399,448,629,477,630,483,497]],"area":8778,"bbox":[448,399,38,231],"iscrowd":0,"id":282,"image_id":19,"category_id":1},{"segmentation":[[494,392,478,630,573,653,580,654,593,647,612,400,599,397]],"area":35108,"bbox":[478,392,134,262],"iscrowd":0,"id":283,"image_id":19,"category_id":1},{"segmentation":[[640,657,656,653,661,647,672,402,665,399,602,395,612,402,595,645]],"area":20174,"bbox":[595,395,77,262],"iscrowd":0,"id":284,"image_id":19,"category_id":1},{"segmentation":[[731,403,722,652,718,654,702,657,660,647,673,402,663,397]],"area":18460,"bbox":[660,397,71,260],"iscrowd":0,"id":285,"image_id":19,"category_id":1},{"segmentation":[[794,397,787,646,782,648,772,652,724,640,729,402,667,397,668,392,672,390]],"area":33274,"bbox":[667,390,127,262],"iscrowd":0,"id":286,"image_id":19,"category_id":1},{"segmentation":[[863,400,865,650,863,654,849,661,787,647,795,398]],"area":20514,"bbox":[787,398,78,263],"iscrowd":0,"id":287,"image_id":19,"category_id":1},{"segmentation":[[936,395,939,657,935,659,916,662,866,646,863,400,817,396,824,393,832,392]],"area":32940,"bbox":[817,392,122,270],"iscrowd":0,"id":288,"image_id":19,"category_id":1},{"segmentation":[[985,377,994,641,987,644,974,644,965,644,940,637,935,392,869,392,870,379]],"area":33375,"bbox":[869,377,125,267],"iscrowd":0,"id":289,"image_id":19,"category_id":1},{"segmentation":[[1027,392,1032,652,1026,656,1000,658,968,645,988,646,995,642,987,390]],"area":17152,"bbox":[968,390,64,268],"iscrowd":0,"id":290,"image_id":19,"category_id":1},{"segmentation":[[1073,395,1082,660,1076,663,1052,664,1046,663,1030,654,1032,654,1028,394]],"area":14580,"bbox":[1028,394,54,270],"iscrowd":0,"id":291,"image_id":19,"category_id":1},{"segmentation":[[637,62,641,320,656,327,685,326,682,320,681,67,674,58]],"area":12912,"bbox":[637,58,48,269],"iscrowd":0,"id":292,"image_id":19,"category_id":1},{"segmentation":[[682,59,683,322,689,327,722,328,718,316,721,59,705,57]],"area":10840,"bbox":[682,57,40,271],"iscrowd":0,"id":293,"image_id":19,"category_id":1},{"segmentation":[[723,59,722,320,724,327,754,326,758,316,759,60,745,56]],"area":10027,"bbox":[722,56,37,271],"iscrowd":0,"id":294,"image_id":19,"category_id":1},{"segmentation":[[763,58,761,317,758,325,788,329,797,319,802,57,783,55]],"area":12056,"bbox":[758,55,44,274],"iscrowd":0,"id":295,"image_id":19,"category_id":1},{"segmentation":[[803,57,800,319,792,328,823,331,838,317,842,55,834,53]],"area":13900,"bbox":[792,53,50,278],"iscrowd":0,"id":296,"image_id":19,"category_id":1},{"segmentation":[[846,60,842,322,828,331,865,330,877,321,883,62,878,58]],"area":15015,"bbox":[828,58,55,273],"iscrowd":0,"id":297,"image_id":19,"category_id":1},{"segmentation":[[887,55,880,317,872,330,891,328,921,319,927,56,920,53]],"area":15235,"bbox":[872,53,55,277],"iscrowd":0,"id":298,"image_id":19,"category_id":1},{"segmentation":[[929,55,924,319,903,329,935,328,963,315,967,55,957,52]],"area":17728,"bbox":[903,52,64,277],"iscrowd":0,"id":299,"image_id":19,"category_id":1},{"segmentation":[[969,54,966,317,940,327,972,327,1005,318,1007,54,997,52]],"area":18425,"bbox":[940,52,67,275],"iscrowd":0,"id":300,"image_id":19,"category_id":1},{"segmentation":[[1009,55,1009,319,979,327,1008,327,1047,318,1047,57,1041,55]],"area":18496,"bbox":[979,55,68,272],"iscrowd":0,"id":301,"image_id":19,"category_id":1},{"segmentation":[[228,328,246,332,267,328,261,64,253,63,240,62,224,64]],"area":11610,"bbox":[224,62,43,270],"iscrowd":0,"id":302,"image_id":19,"category_id":1},{"segmentation":[[264,67,271,327,307,327,303,65,289,63]],"area":11352,"bbox":[264,63,43,264],"iscrowd":0,"id":303,"image_id":19,"category_id":1},{"segmentation":[[304,64,309,326,346,325,340,64,332,60]],"area":11172,"bbox":[304,60,42,266],"iscrowd":0,"id":304,"image_id":19,"category_id":1},{"segmentation":[[346,63,350,327,389,327,382,65,370,61]],"area":11438,"bbox":[346,61,43,266],"iscrowd":0,"id":305,"image_id":19,"category_id":1},{"segmentation":[[385,67,392,329,430,329,423,68,417,65]],"area":11880,"bbox":[385,65,45,264],"iscrowd":0,"id":306,"image_id":19,"category_id":1},{"segmentation":[[430,69,433,328,467,333,485,332,487,107,467,69,450,67]],"area":15162,"bbox":[430,67,57,266],"iscrowd":0,"id":307,"image_id":19,"category_id":1},{"segmentation":[[520,171,522,392,490,392,488,170]],"area":7548,"bbox":[488,170,34,222],"iscrowd":0,"id":308,"image_id":19,"category_id":1},{"segmentation":[[555,170,557,392,524,391,523,171]],"area":7548,"bbox":[523,170,34,222],"iscrowd":0,"id":309,"image_id":19,"category_id":1},{"segmentation":[[588,172,588,395,557,394,557,169]],"area":7006,"bbox":[557,169,31,226],"iscrowd":0,"id":310,"image_id":19,"category_id":1},{"segmentation":[[621,169,621,393,590,396,591,167]],"area":7099,"bbox":[590,167,31,229],"iscrowd":0,"id":311,"image_id":19,"category_id":1},{"segmentation":[[278,162,287,159,312,162,322,167,312,167,316,388,282,388]],"area":10076,"bbox":[278,159,44,229],"iscrowd":0,"id":312,"image_id":20,"category_id":1},{"segmentation":[[347,169,350,390,317,389,313,168]],"area":8214,"bbox":[313,168,37,222],"iscrowd":0,"id":313,"image_id":20,"category_id":1},{"segmentation":[[381,171,384,390,351,391,348,169]],"area":7992,"bbox":[348,169,36,222],"iscrowd":0,"id":314,"image_id":20,"category_id":1},{"segmentation":[[415,172,418,391,385,391,382,172]],"area":7884,"bbox":[382,172,36,219],"iscrowd":0,"id":315,"image_id":20,"category_id":1},{"segmentation":[[447,174,453,390,446,392,420,391,416,172]],"area":8140,"bbox":[416,172,37,220],"iscrowd":0,"id":316,"image_id":20,"category_id":1},{"segmentation":[[482,172,487,391,454,391,450,172]],"area":8103,"bbox":[450,172,37,219],"iscrowd":0,"id":317,"image_id":20,"category_id":1},{"segmentation":[[500,326,620,324,619,82,618,79,600,72,497,92]],"area":31242,"bbox":[497,72,123,254],"iscrowd":0,"id":318,"image_id":20,"category_id":1},{"segmentation":[[682,77,693,83,698,89,697,331,589,330,572,330,573,326,622,324,621,87]],"area":32004,"bbox":[572,77,126,254],"iscrowd":0,"id":319,"image_id":20,"category_id":1},{"segmentation":[[744,68,757,68,771,75,772,327,759,328,698,332,700,87]],"area":19536,"bbox":[698,68,74,264],"iscrowd":0,"id":320,"image_id":20,"category_id":1},{"segmentation":[[777,61,797,57,815,61,814,237,812,321,782,328,775,328,773,322,772,73]],"area":11653,"bbox":[772,57,43,271],"iscrowd":0,"id":321,"image_id":20,"category_id":1},{"segmentation":[[842,2,887,5,878,316,847,320,812,320,817,59]],"area":23850,"bbox":[812,2,75,318],"iscrowd":0,"id":322,"image_id":20,"category_id":1},{"segmentation":[[934,5,927,316,893,322,862,319,881,317,880,312,890,4]],"area":22896,"bbox":[862,4,72,318],"iscrowd":0,"id":323,"image_id":20,"category_id":1},{"segmentation":[[981,7,972,316,937,323,901,323,929,317,937,7,967,7]],"area":25280,"bbox":[901,7,80,316],"iscrowd":0,"id":324,"image_id":20,"category_id":1},{"segmentation":[[1027,4,1024,312,977,325,946,325,972,316,983,4]],"area":26001,"bbox":[946,4,81,321],"iscrowd":0,"id":325,"image_id":20,"category_id":1},{"segmentation":[[1076,4,1072,314,1011,324,982,325,1026,314,1029,3]],"area":30268,"bbox":[982,3,94,322],"iscrowd":0,"id":326,"image_id":20,"category_id":1},{"segmentation":[[1127,32,1121,341,1111,343,1078,340,1014,345,1012,324,1074,314,1077,34,1085,29]],"area":36340,"bbox":[1012,29,115,316],"iscrowd":0,"id":327,"image_id":20,"category_id":1},{"segmentation":[[224,662,243,664,261,663,265,398,262,396,230,396,227,400]],"area":10988,"bbox":[224,396,41,268],"iscrowd":0,"id":328,"image_id":20,"category_id":1},{"segmentation":[[267,393,263,658,277,661,291,661,300,657,305,393,276,392]],"area":11298,"bbox":[263,392,42,269],"iscrowd":0,"id":329,"image_id":20,"category_id":1},{"segmentation":[[307,394,302,657,319,660,337,661,339,660,363,637,372,392,316,390]],"area":18970,"bbox":[302,390,70,271],"iscrowd":0,"id":330,"image_id":20,"category_id":1},{"segmentation":[[370,645,429,641,446,393,377,393,372,394,363,637]],"area":20916,"bbox":[363,393,83,252],"iscrowd":0,"id":331,"image_id":20,"category_id":1},{"segmentation":[[447,652,487,647,501,396,463,395,447,393,429,642,433,646,437,648]],"area":18648,"bbox":[429,393,72,259],"iscrowd":0,"id":332,"image_id":20,"category_id":1},{"segmentation":[[551,396,542,632,547,637,561,639,562,640,594,633,594,635,512,657,504,657,494,652,488,647,502,393,516,393,524,392]],"area":28090,"bbox":[488,392,106,265],"iscrowd":0,"id":333,"image_id":20,"category_id":1},{"segmentation":[[552,380,557,378,577,379,666,385,665,393,601,393,597,631,566,639,552,639,542,633,553,381]],"area":32364,"bbox":[542,378,124,261],"iscrowd":0,"id":334,"image_id":20,"category_id":1},{"segmentation":[[597,645,602,650,608,652,623,655,709,630,713,396,603,394]],"area":30276,"bbox":[597,394,116,261],"iscrowd":0,"id":335,"image_id":20,"category_id":1},{"segmentation":[[720,397,717,625,732,627,746,627,749,626,752,397]],"area":8050,"bbox":[717,397,35,230],"iscrowd":0,"id":336,"image_id":20,"category_id":1},{"segmentation":[[754,395,752,625,781,627,783,622,784,396]],"area":7424,"bbox":[752,395,32,232],"iscrowd":0,"id":337,"image_id":20,"category_id":1},{"segmentation":[[787,394,785,622,805,626,817,624,819,492,813,397]],"area":7888,"bbox":[785,394,34,232],"iscrowd":0,"id":338,"image_id":20,"category_id":1},{"segmentation":[[813,392,824,618,847,658,859,660,876,661,884,657,868,388]],"area":19383,"bbox":[813,388,71,273],"iscrowd":0,"id":339,"image_id":20,"category_id":1},{"segmentation":[[856,380,897,375,915,378,925,642,915,644,890,643,884,642,869,387,854,388]],"area":19099,"bbox":[854,375,71,269],"iscrowd":0,"id":340,"image_id":20,"category_id":1},{"segmentation":[[926,620,1010,656,1033,653,1040,649,1019,387,1014,385,918,389]],"area":33062,"bbox":[918,385,122,271],"iscrowd":0,"id":341,"image_id":20,"category_id":1},{"segmentation":[[1065,392,1081,653,1077,658,1051,659,1035,652,1041,648,1020,391,1043,391,1059,392]],"area":16348,"bbox":[1020,391,61,268],"iscrowd":0,"id":342,"image_id":20,"category_id":1}],"licenses":[{"id":0,"name":"Unknown License","url":""}],"categories":[{"supercategory":"pepero","id":1,"name":"pepero"}]}